scenario_id,scenario,detection_evidence,customer_data_impact,recovery_evidence,RTO_RPO_definition_and_unverified_state,extra_cost_evidence,owner_hours_coverage,stop_condition,review_classification,independent_finding,precise_packet_evidence,environment_acceptance
S01,Single AZ loss,T01/T07; operational-envelope.md threshold register,Principal API outage; writes may stall or commit across failover.,replace stateless replicas; managed HA promotion only with provider-fenced writer and confirmed watermark; refresh pool; staffed: Platform/DB validates surviving-zone capacity and commit/outbox reconciliation,"65s detect;120s isolate;600s provider;300s pool;300s stable;415s margin; RTO impact through end of5 stable minutes for REQ10, RPO fault minus latest recovered confirmed commit for REQ11; no measured result; others only applicable approved target",Delta = measured quantities x matching official rates for remaining-zone compute+DB promotion+interzone traffic; add temporary copy retention and role hours separately (labor outside cap). Rates/quantities U; never zero.; conditional-bill-of-quantities.csv for proposed resource counts,Weekday daytime formal baseline; named primary/backup and preapproval absent; no night response promise,no fencing or watermark>300s;25m without stable window,SOURCE_ACCESS;LIVE_MEASUREMENT;OWNER_DECISION,"P2 leaves 50 RPS after assumed half loss; P4 is explicitly conditional, managed placement still unproved. Require surviving-zone 100 RPS and fenced confirmed writes before acceptance.",scenario-recovery-D4.csv CSV line 2; operational-envelope.md; scenario-recovery-D4.csv:S01; iam-action-matrix.csv relevant role; deletion-proof-ledger.csv where applicable,HOLD; proposals unapproved and outcomes unverified
S02,DB primary process/storage failure,T01/T04/T07; operational-envelope.md threshold register,Transactions fail or uncertain commit; possible split writer and outbox inconsistency.,open circuit; discard stale pooled connections; resolve idempotency keys against fenced primary; no blind writes; staffed: DB operator investigates storage/promotion; business loss authority if watermark uncertain,"same 1800s budget;RPO confirmed watermark≤300s; RTO impact through end of5 stable minutes for REQ10, RPO fault minus latest recovered confirmed commit for REQ11; no measured result; others only applicable approved target",Delta = measured quantities x matching official rates for promotion+retry IO+duplicate transaction reconciliation; add temporary copy retention and role hours separately (labor outside cap). Rates/quantities U; never zero.; conditional-bill-of-quantities.csv for proposed resource counts,Weekday daytime formal baseline; named primary/backup and preapproval absent; no night response promise,two writer endpoints or uncertain commit;15m freeze repeated mutation,LIVE_MEASUREMENT;OWNER_DECISION,Sound ambiguous-commit and pool-reset plan. Managed promotion and transaction/outbox consistency require provider-specific evidence; no night operator assumed.,scenario-recovery-D4.csv CSV line 3; operational-envelope.md; scenario-recovery-D4.csv:S02; iam-action-matrix.csv relevant role; deletion-proof-ledger.csv where applicable,HOLD; proposals unapproved and outcomes unverified
S03,Region unavailability/control-plane outage,T01; operational-envelope.md threshold register,Entire service unavailable; latest regional data may be unreachable.,"record outage via independent route; preserve last commit watermark; block cross-region write promotion; staffed: DR authority chooses approved Japan destination, keys, copy and data-loss boundary","outside 30m/5m;conditional cold decision+24h;300s stable; RTO impact through end of5 stable minutes for REQ10, RPO fault minus latest recovered confirmed commit for REQ11; no measured result; others only applicable approved target",Delta = measured quantities x matching official rates for standby/rebuild+copy storage+regional transfer+DNS+quarantine; add temporary copy retention and role hours separately (labor outside cap). Rates/quantities U; never zero.; conditional-bill-of-quantities.csv for proposed resource counts,Weekday daytime formal baseline; named primary/backup and preapproval absent; no night response promise,unapproved geography/key/copy or no authority: retain outage,OWNER_DECISION;SOURCE_ACCESS;LIVE_MEASUREMENT,"Cold target decision+24h is proposal outside formal 30m/5m. Independent copy, keys, ledger, CI and quota availability must survive primary-region/control-plane loss.",scenario-recovery-D4.csv CSV line 4; operational-envelope.md; scenario-recovery-D4.csv:S03; iam-action-matrix.csv relevant role; deletion-proof-ledger.csv where applicable,HOLD; proposals unapproved and outcomes unverified
S04,DNS misconfiguration,T01; operational-envelope.md threshold register,Customers cannot resolve correct entrance; traffic may reach wrong endpoint.,compare approved DNS manifest; automatic rollback only a known signed prior configuration with available authoritative control plane; staffed: DNS/release operator repairs delegation and validates independent resolution,"TTL300s proposal;detect 65s+rollback 300s+cache 600s+stable 300s;unproved; RTO impact through end of5 stable minutes for REQ10, RPO fault minus latest recovered confirmed commit for REQ11; no measured result; others only applicable approved target",Delta = measured quantities x matching official rates for DNS queries+temporary endpoint+operator effort; add temporary copy retention and role hours separately (labor outside cap). Rates/quantities U; never zero.; conditional-bill-of-quantities.csv for proposed resource counts,Weekday daytime formal baseline; named primary/backup and preapproval absent; no night response promise,unknown delegation or failed rollback: stop repeated changes,OWNER_DECISION;LIVE_MEASUREMENT,Known-good rollback does not fix registrar/delegation outage or unavailable control plane. 300s TTL applies only to controlled records; resolver caching has no demonstrated 600s bound.,scenario-recovery-D4.csv CSV line 5; operational-envelope.md; scenario-recovery-D4.csv:S04; iam-action-matrix.csv relevant role; deletion-proof-ledger.csv where applicable,HOLD; proposals unapproved and outcomes unverified
S05,TLS certificate expiry/wrong name/failed renewal,T13/T01; operational-envelope.md threshold register,TLS clients reject entrance; avoid disabling certificate validation.,renewal retries 30s/2m/10m capped 3; rollback known valid cert while preserving hostname/keys; staffed: Security/platform repairs CA/DNS validation permissions,"renew well before expiry;outage clock includes DNS/CA and300s stable; RTO impact through end of5 stable minutes for REQ10, RPO fault minus latest recovered confirmed commit for REQ11; no measured result; others only applicable approved target",Delta = measured quantities x matching official rates for certificate/vendor fee+rotation+edge rebinding; add temporary copy retention and role hours separately (labor outside cap). Rates/quantities U; never zero.; conditional-bill-of-quantities.csv for proposed resource counts,Weekday daytime formal baseline; named primary/backup and preapproval absent; no night response promise,no valid key/certificate or7d warning unresolved;never weaken TLS,OWNER_DECISION;LIVE_MEASUREMENT,Advance expiry alerts sensible. Previous certificate must remain valid and accessible; CA/DNS/key failure can defeat unattended renewal; no unsafe TLS bypass.,scenario-recovery-D4.csv CSV line 6; operational-envelope.md; scenario-recovery-D4.csv:S05; iam-action-matrix.csv relevant role; deletion-proof-ledger.csv where applicable,HOLD; proposals unapproved and outcomes unverified
S06,Authentication provider outage/token validation failure,T01/T05; operational-envelope.md threshold register,Login and session refresh unavailable; authorization integrity at risk.,bounded auth circuit; preserve secure token rules; valid cached keys only within vendor-defined TTL; no bypass; staffed: Auth owner/vendor repairs dependency; revoke sessions only with authority,"principal dependency remains in monthly SLO;30m dependency target owner-open; RTO impact through end of5 stable minutes for REQ10, RPO fault minus latest recovered confirmed commit for REQ11; no measured result; others only applicable approved target",Delta = measured quantities x matching official rates for auth requests+vendor fee+session recovery; add temporary copy retention and role hours separately (labor outside cap). Rates/quantities U; never zero.; conditional-bill-of-quantities.csv for proposed resource counts,Weekday daytime formal baseline; named primary/backup and preapproval absent; no night response promise,unknown signing key/expired token:fail closed; no new login,OWNER_DECISION;SOURCE_ACCESS;LIVE_MEASUREMENT,Auth outage counts toward principal SLO. Cached signing keys cannot create new login capacity or extend token validity; vendor geography and recovery authority unresolved.,scenario-recovery-D4.csv CSV line 7; operational-envelope.md; scenario-recovery-D4.csv:S06; iam-action-matrix.csv relevant role; deletion-proof-ledger.csv where applicable,HOLD; proposals unapproved and outcomes unverified
S07,Mail provider outage/duplicates/delivery backlog,T06; operational-envelope.md threshold register,Mail delayed/duplicated; principal API unaffected unless retry resources saturate.,retain atomic outbox; send ceiling 10/s;bounded jitter retries;DLQ after 5;dedup vendor-supported idempotency; staffed: Mail steward decides aged/DLQ resend after 24h and recipient copy boundary,"oldest 60s warn/300s critical;delivery outside API latency/SLO; RTO impact through end of5 stable minutes for REQ10, RPO fault minus latest recovered confirmed commit for REQ11; no measured result; others only applicable approved target",Delta = measured quantities x matching official rates for queue messages+retry sends+DLQ retention; add temporary copy retention and role hours separately (labor outside cap). Rates/quantities U; never zero.; conditional-bill-of-quantities.csv for proposed resource counts,Weekday daytime formal baseline; named primary/backup and preapproval absent; no night response promise,duplicate ambiguity or queue>5000:halt optional send intake;never drop business outbox,OWNER_DECISION;SOURCE_ACCESS;LIVE_MEASUREMENT,Outbox is sound. Vendor idempotency window and recipient copies unresolved; send success is not delivery/deletion. 5000 queue stop must preserve business outbox and suppress optional generation.,scenario-recovery-D4.csv CSV line 8; operational-envelope.md; scenario-recovery-D4.csv:S07; iam-action-matrix.csv relevant role; deletion-proof-ledger.csv where applicable,HOLD; proposals unapproved and outcomes unverified
S08,Accidental SQL deletion/logical corruption,T08/T01; operational-envelope.md threshold register,Valid SQL rows lost/corrupted; later good writes require reconciliation.,"fence suspected writer;quarantine new operations;preserve valid-write journal;no automatic restore publication; staffed: DB+business authority selects point, salvages writes, replays deletion, authorizes reopening","decision-based 240m allocation in operational-envelope;detection counted separately in SLO; RTO impact through end of5 stable minutes for REQ10, RPO fault minus latest recovered confirmed commit for REQ11; no measured result; others only applicable approved target",Delta = measured quantities x matching official rates for restored DB+quarantine storage+PITR read+forensics; add temporary copy retention and role hours separately (labor outside cap). Rates/quantities U; never zero.; conditional-bill-of-quantities.csv for proposed resource counts,Weekday daytime formal baseline; named primary/backup and preapproval absent; no night response promise,"unknown corruption boundary, incomplete ledger or lost-write decision absent",OWNER_DECISION;LIVE_MEASUREMENT,Four-hour clock correctly starts at decision; overnight customer downtime still counts. Good-write journal durability and corruption cutoff must be independently established; no auto publication.,scenario-recovery-D4.csv CSV line 9; operational-envelope.md; scenario-recovery-D4.csv:S08; iam-action-matrix.csv relevant role; deletion-proof-ledger.csv where applicable,HOLD; proposals unapproved and outcomes unverified
S09,Deletion work-item delay/permanent failure,T09; operational-envelope.md threshold register,Departed-user data persists in one or more active copies beyond deadline.,"retry transient work 30s/2m/10m, then DLQ;retry due hourly;reconcile all-copy receipts daily; staffed: Privacy steward resolves legal/copy exception;executor fixes permanent permission","20/25/28d proposals before formal 30d;start event owner-open; RTO impact through end of5 stable minutes for REQ10, RPO fault minus latest recovered confirmed commit for REQ11; no measured result; others only applicable approved target",Delta = measured quantities x matching official rates for per-copy deletion/list requests+worker+evidence storage; add temporary copy retention and role hours separately (labor outside cap). Rates/quantities U; never zero.; conditional-bill-of-quantities.csv for proposed resource counts,Weekday daytime formal baseline; named primary/backup and preapproval absent; no night response promise,missing receipt/permanent denial orage 28d:cannot close;escalate,OWNER_DECISION;LIVE_MEASUREMENT,Daily receipts and 20/25/28d escalation expose deadline risk. Valid withdrawal start cannot be silently shifted to owner approval; all permanent denials stay open.,scenario-recovery-D4.csv CSV line 10; operational-envelope.md; scenario-recovery-D4.csv:S09; iam-action-matrix.csv relevant role; deletion-proof-ledger.csv where applicable,HOLD; proposals unapproved and outcomes unverified
S10,Replication lag,T07; operational-envelope.md threshold register,Replica lacks confirmed business updates or deletion; failover can lose data.,throttle async replication backlog and fence stale promotion;use primary for own-write reads; staffed: DB/platform traces replication route and restores safely,"60s warn/240s critical;RPO≤300s formal; RTO impact through end of5 stable minutes for REQ10, RPO fault minus latest recovered confirmed commit for REQ11; no measured result; others only applicable approved target",Delta = measured quantities x matching official rates for replica backlog storage+backfill transfer; add temporary copy retention and role hours separately (labor outside cap). Rates/quantities U; never zero.; conditional-bill-of-quantities.csv for proposed resource counts,Weekday daytime formal baseline; named primary/backup and preapproval absent; no night response promise,unknown watermark orlag>300s forbids promotion,LIVE_MEASUREMENT;SOURCE_ACCESS,"Lag thresholds are proposals; timestamp lag must measure confirmed business commits, not only transport heartbeat. Stale/unknown promotion is correctly stopped.",scenario-recovery-D4.csv CSV line 11; operational-envelope.md; scenario-recovery-D4.csv:S10; iam-action-matrix.csv relevant role; deletion-proof-ledger.csv where applicable,HOLD; proposals unapproved and outcomes unverified
S11,Permanent replication failure/permissions or destination unavailable,T07/T09; operational-envelope.md threshold register,Destination never receives objects/updates/deletes; backup/recovery proof incomplete.,bounded replay after destination health returns;preserve source/version work items and receipts; staffed: Platform+security repairs permission/destination;approves any destination change,"alert≤65s after hard failure;no defined regional guarantee;deletion clocks continue; RTO impact through end of5 stable minutes for REQ10, RPO fault minus latest recovered confirmed commit for REQ11; no measured result; others only applicable approved target",Delta = measured quantities x matching official rates for backfill requests+duplicate versions+key requests; add temporary copy retention and role hours separately (labor outside cap). Rates/quantities U; never zero.; conditional-bill-of-quantities.csv for proposed resource counts,Weekday daytime formal baseline; named primary/backup and preapproval absent; no night response promise,permanent denial ordestination geography unapproved,SOURCE_ACCESS;LIVE_MEASUREMENT;DESIGN_DEFICIENCY,T07/T09 do not alone define immediate replication hard-error event ingestion supporting <=65s claim; lag-based detection can be slower. Destination permission and geography failures remain HOLD.,scenario-recovery-D4.csv CSV line 12; operational-envelope.md; scenario-recovery-D4.csv:S11; iam-action-matrix.csv relevant role; deletion-proof-ledger.csv where applicable,HOLD; proposals unapproved and outcomes unverified
S12,Current object version deletion,T09; operational-envelope.md threshold register,Current image remains retrievable after delete request; admin uploads are only initial path.,enumerate exact current version plus replica work;delete only signed case objects;verify receipt/read-denied; staffed: Deletion executor resolves overwrite racing with case manifest,"daily reconcile;30d active bound;publication cannot reintroduce case; RTO impact through end of5 stable minutes for REQ10, RPO fault minus latest recovered confirmed commit for REQ11; no measured result; others only applicable approved target",Delta = measured quantities x matching official rates for version delete/list+CDN purge; add temporary copy retention and role hours separately (labor outside cap). Rates/quantities U; never zero.; conditional-bill-of-quantities.csv for proposed resource counts,Weekday daytime formal baseline; named primary/backup and preapproval absent; no night response promise,"new writes orscope widening:pause case, keep user withdrawn",OWNER_DECISION;LIVE_MEASUREMENT,Current version receipt must include concurrent overwrite fencing and destination explicit purge; withdrawal remains in force while case reconciliation runs.,scenario-recovery-D4.csv CSV line 13; operational-envelope.md; scenario-recovery-D4.csv:S12; iam-action-matrix.csv relevant role; deletion-proof-ledger.csv where applicable,HOLD; proposals unapproved and outcomes unverified
S13,Noncurrent object versions retained/restored,T09; operational-envelope.md threshold register,Noncurrent version can resurrect deleted object despite current GET denial.,enumerate noncurrent generation/version IDs;purge approved case versions and copies;recheck; staffed: Privacy/platform accepts retention exception if any,"30d active/35d oldest backup;no lifecycle-only proof; RTO impact through end of5 stable minutes for REQ10, RPO fault minus latest recovered confirmed commit for REQ11; no measured result; others only applicable approved target",Delta = measured quantities x matching official rates for version inventory+purge+restore verification; add temporary copy retention and role hours separately (labor outside cap). Rates/quantities U; never zero.; conditional-bill-of-quantities.csv for proposed resource counts,Weekday daytime formal baseline; named primary/backup and preapproval absent; no night response promise,version lock/soft-delete delay beyond limit ormissing inventory,OWNER_DECISION;SOURCE_ACCESS;LIVE_MEASUREMENT,Noncurrent and soft-deleted versions must be classified active versus backup; retention controls exceeding 30/35d cannot be quietly excepted.,scenario-recovery-D4.csv CSV line 14; operational-envelope.md; scenario-recovery-D4.csv:S13; iam-action-matrix.csv relevant role; deletion-proof-ledger.csv where applicable,HOLD; proposals unapproved and outcomes unverified
S14,Delete markers obscure surviving versions/replica behavior,T09; operational-envelope.md threshold register,Delete marker hides intact prior version; source and destination differ.,enumerate markers separately from data versions;do not treat marker as deletion receipt; staffed: Executor evaluates replica marker behavior and per-version disappearance,"same deletion bounds;repeat daily until receipts complete; RTO impact through end of5 stable minutes for REQ10, RPO fault minus latest recovered confirmed commit for REQ11; no measured result; others only applicable approved target",Delta = measured quantities x matching official rates for list/delete markers+explicit version purge; add temporary copy retention and role hours separately (labor outside cap). Rates/quantities U; never zero.; conditional-bill-of-quantities.csv for proposed resource counts,Weekday daytime formal baseline; named primary/backup and preapproval absent; no night response promise,surviving version orunknown replication semantics,SOURCE_ACCESS;LIVE_MEASUREMENT,"Independently inspected S3 docs: version-specific deletion is not replicated; latest-rule markers not replicated by default and lifecycle actions are not replicated. Separate destination purge/receipts essential, already anticipated by packet.",scenario-recovery-D4.csv CSV line 15; operational-envelope.md; scenario-recovery-D4.csv:S14; iam-action-matrix.csv relevant role; deletion-proof-ledger.csv where applicable,HOLD; proposals unapproved and outcomes unverified
S15,Incomplete multipart uploads/orphan parts,T09; operational-envelope.md threshold register,Unfinished parts retain bytes and continue storage charge outside visible objects.,abort known case-related unfinished multipart uploads after 24h proposed;daily orphan inventory; staffed: Content/platform verifies abandoned upload ownership and evidence,"24h abandonment is proposal, no accepted delete clock substitute; RTO impact through end of5 stable minutes for REQ10, RPO fault minus latest recovered confirmed commit for REQ11; no measured result; others only applicable approved target",Delta = measured quantities x matching official rates for multipart listing/abort+retained part GB-days; add temporary copy retention and role hours separately (labor outside cap). Rates/quantities U; never zero.; conditional-bill-of-quantities.csv for proposed resource counts,Weekday daytime formal baseline; named primary/backup and preapproval absent; no night response promise,cannot identify parts/case scope:do not bulk purge,SOURCE_ACCESS;OWNER_DECISION;LIVE_MEASUREMENT,Multipart inventory must include uploaded parts not visible as ordinary object versions. Case linkage and broker-authorized abort remain needed; 24h is a proposal.,scenario-recovery-D4.csv CSV line 16; operational-envelope.md; scenario-recovery-D4.csv:S15; iam-action-matrix.csv relevant role; deletion-proof-ledger.csv where applicable,HOLD; proposals unapproved and outcomes unverified
S16,Backup coverage gap or stale/missing restore point,T08; operational-envelope.md threshold register,Restore cannot reach expected good point; deletion replay may be incomplete.,daily backup status+hourly recoverable watermark check;reject stale restore publication; staffed: DB operator repairs backup chain and creates approved fresh backup,"26h backup alarm;240s PITR lag alarm;formalRPO≤300s; RTO impact through end of5 stable minutes for REQ10, RPO fault minus latest recovered confirmed commit for REQ11; no measured result; others only applicable approved target",Delta = measured quantities x matching official rates for new backup+restore compute+verification IO; add temporary copy retention and role hours separately (labor outside cap). Rates/quantities U; never zero.; conditional-bill-of-quantities.csv for proposed resource counts,Weekday daytime formal baseline; named primary/backup and preapproval absent; no night response promise,no known-good point ordeletion replay ledger absent,DESIGN_DEFICIENCY;LIVE_MEASUREMENT,"Hourly recoverable-watermark checks cannot promptly enforce T08 240s staleness alert. Publication gate protects release, but monitoring cadence is inconsistent; use source event or sufficiently frequent measurement in later approved design.",scenario-recovery-D4.csv CSV line 17; operational-envelope.md; scenario-recovery-D4.csv:S16; iam-action-matrix.csv relevant role; deletion-proof-ledger.csv where applicable,HOLD; proposals unapproved and outcomes unverified
S17,Key scheduled deletion wait or completed key loss,T01; operational-envelope.md threshold register,Key loss makes valid backup unreadable; pending key can retain exposure/cost.,"detect decrypt failure,stop unsafe writes;never automatically destroy or cancel key deletion; staffed: Dual security authority decides cancel/recovery within provider wait;completed destruction may be irrecoverable","key wait provider-specific U;no four-hour/30m promise from encryption topology; RTO impact through end of5 stable minutes for REQ10, RPO fault minus latest recovered confirmed commit for REQ11; no measured result; others only applicable approved target",Delta = measured quantities x matching official rates for pending-key days+key requests+secret version storage; add temporary copy retention and role hours separately (labor outside cap). Rates/quantities U; never zero.; conditional-bill-of-quantities.csv for proposed resource counts,Weekday daytime formal baseline; named primary/backup and preapproval absent; no night response promise,key unavailable and no authorized recovery;backup encrypted by lost key not recoverable,DESIGN_DEFICIENCY;OWNER_DECISION;SOURCE_ACCESS;LIVE_MEASUREMENT,"T01 decrypt failure detects availability impact but not advance scheduled destruction. Need explicit key-state/event/deadline detector. AWS source confirms 7-30d wait, default30, actual may be up to24h longer; other providers and approved wait remain U.",scenario-recovery-D4.csv CSV line 18; operational-envelope.md; scenario-recovery-D4.csv:S17; iam-action-matrix.csv relevant role; deletion-proof-ledger.csv where applicable,HOLD; proposals unapproved and outcomes unverified
S18,Telemetry volume/cardinality/cost surge,T10/T11; operational-envelope.md threshold register,Telemetry spend grows; evidence may be dropped by ingestion saturation.,cap debug sampling/cardinality;redact;retain independent required audit; staffed: Observability/cost owner approves retention/export changes,"10 GiB logs/2 GiB audit proposals;15 GiB log forecast trigger; RTO impact through end of5 stable minutes for REQ10, RPO fault minus latest recovered confirmed commit for REQ11; no measured result; others only applicable approved target",Delta = measured quantities x matching official rates for ingest GB+retention GB-days+query/probe count; add temporary copy retention and role hours separately (labor outside cap). Rates/quantities U; never zero.; conditional-bill-of-quantities.csv for proposed resource counts,Weekday daytime formal baseline; named primary/backup and preapproval absent; no night response promise,"audit integrity risk orforecast uncertain:freeze optional change,not audit deletion",OWNER_DECISION;LIVE_MEASUREMENT,Audit preservation and trace shedding separated correctly. Cardinality100 is not total series bound across dimensions; cloud ingest can incur costs before sampled response.,scenario-recovery-D4.csv CSV line 19; operational-envelope.md; scenario-recovery-D4.csv:S18; iam-action-matrix.csv relevant role; deletion-proof-ledger.csv where applicable,HOLD; proposals unapproved and outcomes unverified
S19,Synthetic canary/probe absent or overload/credential failure,T13; operational-envelope.md threshold register,Outage invisible or false alerts; monthly SLI coverage invalid.,restart probe once;rotate preapproved credential with overlap;use second route;alert missing 90s; staffed: Probe/app owner repairs synthetic account/route;independent vendor if required,"every 30s×2 routes×5 journeys;timeout 5s;missing 90s; RTO impact through end of5 stable minutes for REQ10, RPO fault minus latest recovered confirmed commit for REQ11; no measured result; others only applicable approved target",Delta = measured quantities x matching official rates for probe execution+network+secret rotation; add temporary copy retention and role hours separately (labor outside cap). Rates/quantities U; never zero.; conditional-bill-of-quantities.csv for proposed resource counts,Weekday daytime formal baseline; named primary/backup and preapproval absent; no night response promise,all probes absent:health unknown;do not declare stable recovery,DESIGN_DEFICIENCY;OWNER_DECISION;LIVE_MEASUREMENT,T01 <=65s detection needs explicit concurrent/synchronized corroboration and probe dispatch; sequential journeys/second-vantage sampling can exceed bound. Missing monitors correctly yield unknown health.,scenario-recovery-D4.csv CSV line 20; operational-envelope.md; scenario-recovery-D4.csv:S19; iam-action-matrix.csv relevant role; deletion-proof-ledger.csv where applicable,HOLD; proposals unapproved and outcomes unverified
S20,Sustained 1000 RPS,T02/T03/T04; operational-envelope.md threshold register,Future sustained load is outside specified burst; API/pool/queue can saturate.,admission 256 concurrent;max8 replicas;429 excess;retry-after 1s;DB pool remains bounded; staffed: Growth owner approves 20+ replicas/recomputed DB or revised workload budget,"1000 RPS×900s=900000 requests;max8 cannot serve assumed 50 RPS each; RTO impact through end of5 stable minutes for REQ10, RPO fault minus latest recovered confirmed commit for REQ11; no measured result; others only applicable approved target",Delta = measured quantities x matching official rates for extra replicas+DB IO+queue+egress; add temporary copy retention and role hours separately (labor outside cap). Rates/quantities U; never zero.; conditional-bill-of-quantities.csv for proposed resource counts,Weekday daytime formal baseline; named primary/backup and preapproval absent; no night response promise,"formalp 95/error target missed orpool gate reached:record failure,not capacity compliance",DESIGN_DEFICIENCY;OWNER_DECISION;SOURCE_ACCESS;LIVE_MEASUREMENT,900s arithmetic preserves independent stress workload despite Sustained label. 8x50=400 RPS illustrative; >=20 need pool/DB/cost redesign. Cloud Run lacks native memory scaling; T03 memory/add2/scale-down sequence needs provider-specific adapter or changed mapping.,scenario-recovery-D4.csv CSV line 21; operational-envelope.md; scenario-recovery-D4.csv:S20; iam-action-matrix.csv relevant role; deletion-proof-ledger.csv where applicable,HOLD; proposals unapproved and outcomes unverified
S21,Queue retry storm,T05/T06; operational-envelope.md threshold register,Retries multiply costs and duplicate side effects; mail/queue starve API.,retry budget≤10% original;open circuit;DLQ5 attempts;stop repeated ambiguous non-idempotent sends; staffed: App/mail owner reconciles idempotency/commit status before replay,"30s/2m/10m/30m/2h max5;24h age hold; RTO impact through end of5 stable minutes for REQ10, RPO fault minus latest recovered confirmed commit for REQ11; no measured result; others only applicable approved target",Delta = measured quantities x matching official rates for retry request count+mail sends+DLQ+logs; add temporary copy retention and role hours separately (labor outside cap). Rates/quantities U; never zero.; conditional-bill-of-quantities.csv for proposed resource counts,Weekday daytime formal baseline; named primary/backup and preapproval absent; no night response promise,vendor duplicate uncertain orDLQ replay lacks authorization,OWNER_DECISION;SOURCE_ACCESS;LIVE_MEASUREMENT,Bounded retry/DLQ is sound. Distinguish five total sends versus five retries for quantity upper sensitivity; dedup72h and message24h are conditional vendor compatibility.,scenario-recovery-D4.csv CSV line 22; operational-envelope.md; scenario-recovery-D4.csv:S21; iam-action-matrix.csv relevant role; deletion-proof-ledger.csv where applicable,HOLD; proposals unapproved and outcomes unverified
S22,Connection-pool exhaustion/autoscale stampede,T04/T03; operational-envelope.md threshold register,API latency/errors rise; autoscaling multiplies DB connections.,connection formula 120 inclrollout 10;50 ms acquisition;gate scale-out;restart one bad replica after drain; staffed: DB/app validates max_connections and query tuning;approved vertical scale,"80% pool warning;30 ms p95 wait;50 ms reject; RTO impact through end of5 stable minutes for REQ10, RPO fault minus latest recovered confirmed commit for REQ11; no measured result; others only applicable approved target",Delta = measured quantities x matching official rates for extra replicas+DB tier+failed/retried IO; add temporary copy retention and role hours separately (labor outside cap). Rates/quantities U; never zero.; conditional-bill-of-quantities.csv for proposed resource counts,Weekday daytime formal baseline; named primary/backup and preapproval absent; no night response promise,budget exceeded orunknown max_connections:reduce replicas/admission,SOURCE_ACCESS;LIVE_MEASUREMENT,120 connection arithmetic includes rollout and reserves. Logical 256 admission requires per-replica plus global enforcement across provider scaling/revisions; unspecified shape cannot prove connection max.,scenario-recovery-D4.csv CSV line 23; operational-envelope.md; scenario-recovery-D4.csv:S22; iam-action-matrix.csv relevant role; deletion-proof-ledger.csv where applicable,HOLD; proposals unapproved and outcomes unverified
S23,On-call/operator absence incl nights/weekends/leave,T01/T12; operational-envelope.md threshold register,Night/weekend incident persists without human action; roster vacancy on leave.,execute only preapproved bounded automations;queue independent notifications and preserve incident record; staffed: Named daytime primary/backup resumes business/key/loss decisions,"no night 30m response assumed;HOLD if automation cannot recover before 1800s; RTO impact through end of5 stable minutes for REQ10, RPO fault minus latest recovered confirmed commit for REQ11; no measured result; others only applicable approved target",Delta = measured quantities x matching official rates for responder/backup hours+temporary recovery infrastructure; add temporary copy retention and role hours separately (labor outside cap). Rates/quantities U; never zero.; conditional-bill-of-quantities.csv for proposed resource counts,Weekday daytime formal baseline; named primary/backup and preapproval absent; no night response promise,no authority:never auto-escalate IAM/spend/data publication,OWNER_DECISION;LIVE_MEASUREMENT,Preapproval absent therefore automation currently disabled. Daytime role categories and32-64h are proposals; absence/leave backup coverage not committed. No human 30m recovery claim.,scenario-recovery-D4.csv CSV line 24; operational-envelope.md; scenario-recovery-D4.csv:S23; iam-action-matrix.csv relevant role; deletion-proof-ledger.csv where applicable,HOLD; proposals unapproved and outcomes unverified
S24,Patch backlog/vulnerable image or dependency,T12; operational-envelope.md threshold register,Known vulnerability remains deployed; rushed patch causes outage.,deny vulnerable digest new deploy if preapproved policy;rollback signed prior digest on canary failure; staffed: Security/release owner patches and approves change;staffing capacity needed,"24h triage/72h critical fix;7d high/30d others proposals; RTO impact through end of5 stable minutes for REQ10, RPO fault minus latest recovered confirmed commit for REQ11; no measured result; others only applicable approved target",Delta = measured quantities x matching official rates for build/scan+staged overlap+rollback capacity; add temporary copy retention and role hours separately (labor outside cap). Rates/quantities U; never zero.; conditional-bill-of-quantities.csv for proposed resource counts,Weekday daytime formal baseline; named primary/backup and preapproval absent; no night response promise,no safe digest orcritical exposure with no authority: isolate permitted path,OWNER_DECISION;LIVE_MEASUREMENT,24h triage can conflict with weekend/leave baseline. Automatic isolation needs explicit authority and must count principal downtime; previous digest may share vulnerability.,scenario-recovery-D4.csv CSV line 25; operational-envelope.md; scenario-recovery-D4.csv:S24; iam-action-matrix.csv relevant role; deletion-proof-ledger.csv where applicable,HOLD; proposals unapproved and outcomes unverified
S25,Provider/vendor feature/price/region/contract change,T11; operational-envelope.md threshold register,"Region feature or contract changes invalidate geography, HA or cost assumptions.","detect quote/feature drift in daily public-doc review plan;freeze new dependent changes; staffed: Architecture/cost owner reassesses equivalent services, geography and migration","daily planning check;no cloud poll or watch executed; RTO impact through end of5 stable minutes for REQ10, RPO fault minus latest recovered confirmed commit for REQ11; no measured result; others only applicable approved target",Delta = measured quantities x matching official rates for migration overlap+export/egress+training+repricing; add temporary copy retention and role hours separately (labor outside cap). Rates/quantities U; never zero.; conditional-bill-of-quantities.csv for proposed resource counts,Weekday daytime formal baseline; named primary/backup and preapproval absent; no night response promise,required feature/geography orquote uncertain:selection HOLD,OWNER_DECISION;SOURCE_ACCESS,Daily public-doc review is unexecuted planning; product retirements/notices/contract changes may not appear there. Vendor liaison and replacement cost/portability owner remain unresolved.,scenario-recovery-D4.csv CSV line 26; operational-envelope.md; scenario-recovery-D4.csv:S25; iam-action-matrix.csv relevant role; deletion-proof-ledger.csv where applicable,HOLD; proposals unapproved and outcomes unverified
S26,Official price page unavailable or selector absent,T11; operational-envelope.md threshold register,Quote evidence unavailable; cannot infer cap fit/overrun,retain last source with date/status;mark exact rate U;do not substitute region orcredits; staffed: Quote owner obtains official selector/export orseller quote,"source-access limitation;no live substitute; RTO impact through end of5 stable minutes for REQ10, RPO fault minus latest recovered confirmed commit for REQ11; no measured result; others only applicable approved target",Source access effort hours outside cap; quoted mandatory meters remain U; conditional-bill-of-quantities.csv for proposed resource counts,Weekday daytime formal baseline; named primary/backup and preapproval absent; no night response promise,mandatory regional rate U:all-in total U,SOURCE_ACCESS,Independent retrieval reproduces key failures; inaccessible matched rates remain U. Do not infer cloud feature absence or use another region price.,scenario-recovery-D4.csv CSV line 27; operational-envelope.md; scenario-recovery-D4.csv:S26; iam-action-matrix.csv relevant role; deletion-proof-ledger.csv where applicable,HOLD; proposals unapproved and outcomes unverified
S27,FX weakens JPY by illustrative 20%,T11; operational-envelope.md threshold register,USD denominated invoice grows; cap headroom may vanish,recompute quoted USD×referenceFX×1.2 sensitivity;freeze optional new spend if approved; staffed: Buyer sets billingFX/spread and reserve;cap decision,"illustrative 20% FX shock;not an approved margin; RTO impact through end of5 stable minutes for REQ10, RPO fault minus latest recovered confirmed commit for REQ11; no measured result; others only applicable approved target","For known USD amount X, reference sensitivity X x 156.9969 x 1.2; all-in X/tax/buffer still U; conditional-bill-of-quantities.csv for proposed resource counts",Weekday daytime formal baseline; named primary/backup and preapproval absent; no night response promise,incomplete total orinvoice FX U:cannot assess cap,OWNER_DECISION;SOURCE_ACCESS,Historical FX sensitivity is not refreshed invoice conversion. Mandatory U remainder stays U under20% shock; no finite total or cap conclusion.,scenario-recovery-D4.csv CSV line 28; operational-envelope.md; scenario-recovery-D4.csv:S27; iam-action-matrix.csv relevant role; deletion-proof-ledger.csv where applicable,HOLD; proposals unapproved and outcomes unverified
S28,Tax/seller treatment changes or invoice differs,T11; operational-envelope.md threshold register,Tax-inclusive cap underestimated if unsupported generic factor used,retain original currency/meter and explicit tax U;no generic tax factor; staffed: Buyer/accounting resolves seller/customerinvoice treatment,"fixed 100000 JPY tax-inclusive;exclusions already answered; RTO impact through end of5 stable minutes for REQ10, RPO fault minus latest recovered confirmed commit for REQ11; no measured result; others only applicable approved target",Delta = actual tax/fees minus approved quoted tax/fees; operands U; no presumed 10% multiplier; conditional-bill-of-quantities.csv for proposed resource counts,Weekday daytime formal baseline; named primary/backup and preapproval absent; no night response promise,tax line unknown:tax-inclusive cap evidence incomplete,OWNER_DECISION;SOURCE_ACCESS,"Tax-inclusive cap fixed; seller-specific tax basis unknown. No generic10% factor; financial authority needed, no legal conclusion.",scenario-recovery-D4.csv CSV line 29; operational-envelope.md; scenario-recovery-D4.csv:S28; iam-action-matrix.csv relevant role; deletion-proof-ledger.csv where applicable,HOLD; proposals unapproved and outcomes unverified
S29,Monthly equivalent cost doubles,T11; operational-envelope.md threshold register,Cap may fail; no evidence baseline is <=100000 yet,recompute known-plus-U×2 sensitivity;gate optional expansion only with approved limits; staffed: Buyer provides overage budget ordesign tradeoff acceptance,"doubling is shock scenario;no known cap failure/success; RTO impact through end of5 stable minutes for REQ10, RPO fault minus latest recovered confirmed commit for REQ11; no measured result; others only applicable approved target",Illustrative 2 x complete tax-inclusive baseline; baseline U therefore total/overrun U; conditional-bill-of-quantities.csv for proposed resource counts,Weekday daytime formal baseline; named primary/backup and preapproval absent; no night response promise,finite all-in cannot be calculated with mandatory U,OWNER_DECISION;SOURCE_ACCESS,"Doubling U cannot show overrun or budget fit; analysis is conditional, not spending authorization.",scenario-recovery-D4.csv CSV line 30; operational-envelope.md; scenario-recovery-D4.csv:S29; iam-action-matrix.csv relevant role; deletion-proof-ledger.csv where applicable,HOLD; proposals unapproved and outcomes unverified
S30,Minimum-dev runtime or isolation expands,T11/T03; operational-envelope.md threshold register,Required additional cloud cost and production coupling/security risk,schedule preapproved dev stops with completion receipts only after later validation;do not assume stopped DB/storage free; staffed: Dev owner approves 176h vs730h and isolation shape,"dev730/176 ratio 4.1477 for runtime only meters;fixed/retained charges still apply; RTO impact through end of5 stable minutes for REQ10, RPO fault minus latest recovered confirmed commit for REQ11; no measured result; others only applicable approved target",Additional dev billed seconds/DB storage/backup/network/security; rates and hours U; conditional-bill-of-quantities.csv for proposed resource counts,Weekday daytime formal baseline; named primary/backup and preapproval absent; no night response promise,dev runtime orshared PII scope unapproved,OWNER_DECISION;SOURCE_ACCESS;LIVE_MEASUREMENT,176/730 alternatives properly separate runtime from fixed/retained charges; DB stop semantics and isolated synthetic-only dev require evidence.,scenario-recovery-D4.csv CSV line 31; operational-envelope.md; scenario-recovery-D4.csv:S30; iam-action-matrix.csv relevant role; deletion-proof-ledger.csv where applicable,HOLD; proposals unapproved and outcomes unverified
S31,Deletion ledger or audit proof copy survives retention,T09/T08; operational-envelope.md threshold register,Proof itself may retain identifying linkage beyond approved exception,daily ledger/audit inventory;separate minimized pseudonymous receipt from subject link;restrict access;block restore without valid replay; staffed: Privacy authority approves retention/linkage deletion and evidence-copy boundary,"30d active/35d backup constraints;no42d exception assumed; RTO impact through end of5 stable minutes for REQ10, RPO fault minus latest recovered confirmed commit for REQ11; no measured result; others only applicable approved target",Ledger storage+replicas+export+purge+restore reconciliation U; conditional-bill-of-quantities.csv for proposed resource counts,Weekday daytime formal baseline; named primary/backup and preapproval absent; no night response promise,unapproved link survives deadline orledger removed before oldest backup:case/restore HOLD,OWNER_DECISION;LIVE_MEASUREMENT,Ledger linkage/retention and independent surviving replay copy need owner decision. Hourly manifests can omit latest withdrawals after region failure; quarantine must remain closed until ledger completeness can be established.,scenario-recovery-D4.csv CSV line 32; operational-envelope.md; scenario-recovery-D4.csv:S31; iam-action-matrix.csv relevant role; deletion-proof-ledger.csv where applicable,HOLD; proposals unapproved and outcomes unverified
S32,Application process crash/runtime replacement,"T01,T03; readiness/health evidence not explicitly mapped as dedicated scenario","Failed requests, uncertain transaction commits",Existing stateless replacement and ambiguous-commit plan; provider restart/backoff/readiness evidence absent,REQ10<=1800s including detection and stable300s; REQ11<=300s confirmed-data gap; UNVERIFIED,C01/C11 runtime/pool/IO delta U,Weekday baseline; approvals/names absent,No fenced primary or no safe digest; stop repeated mutation,DESIGN_DEFICIENCY;LIVE_MEASUREMENT,Separate formal process/runtime coverage from AZ/DB proxy scenarios; document restart loop and readiness bounds under approved plan.,requirement-evidence-crosswalk.csv REQ10; operational-envelope.md Unattended and staffed limits; architecture-options.md Resilience and change conditions,HOLD; desk challenge only
S33,Independent deletion-ledger/audit loss or corruption,T09 missing receipts/T08 coverage; no dedicated independent-ledger integrity threshold,Old backup may resurrect withdrawn data; lost audit proof,Existing quarantine publication block; independent usable replay copy not committed,Deletion30d/backup35d; logical decision4h tentative; no measured ledger recovery,C03/C09/C12 copy/key/export/reconcile delta U,Privacy/DB/security authority and backup absent,Missing or incomplete ledger: never publish restored data,OWNER_DECISION;LIVE_MEASUREMENT,Retention survival and disaster survival are distinct. Reject restoration if replay-copy completeness cannot be proven; do not count archive existence as usable linkage.,deletion-proof-ledger.csv Audit/deletion ledger; scenario-recovery-D4.csv S08/S31; adoption-decisions.md Backup/PITR,HOLD; desk challenge only
S34,WAF false positive / bad edge rollout,"T01,T02; canary journeys",Valid principal calls blocked; SLO loss despite healthy DB,Existing monitor-then-enforce and signed config rollback; dependency failure limitations apply,Monthly99.9 includes this; additional dependency RTO not approved; UNVERIFIED,C05/C11 edge/query/log delta U,Release/security roles unassigned daytime only,Unsafe origin bypass or unknown last-good rule: stop,OWNER_DECISION;LIVE_MEASUREMENT,Validate authenticated write journeys during rule rollout and rollback without bypassing origin boundary.,adoption-decisions.md Ingress/CDN/WAF; operational-envelope.md T01/T02/T12,HOLD; desk challenge only
S35,Public IP prohibition scope change,Policy scope decision; desk inventory C05/C06,If broadly scoped public edge may be infeasible; private app does not remove public ingress/egress dependencies,Existing later-C independent change instruction and private-path alternatives; exact network migration mapping incomplete,No approved changed acceptance target; no execution,C05/C06/C11 replacement ingress/private egress/dualrun U,Owner must define prohibition scope before architecture change,Unanswered scope/geography or unquoted paths: HOLD,OWNER_DECISION;DESIGN_DEFICIENCY,"Inventory client edge, origin, DB, mail egress, probes and CI/state separately; common NAT0 option alone does not establish feasible full prohibition.",source/formal-supplement-original.md C change scenarios; conditional-bill-of-quantities.csv C05/C06; adoption-decisions.md Ingress/CDN/WAF,HOLD; desk challenge only
