source_id,packet_or_added,source_url_exact,independent_access_status,access_window_utc,independent_observation,packet_reported_status,limits
S-D4-01,packet,https://docs.aws.amazon.com/IAM/latest/UserGuide/reference_policies_evaluation-logic.html,ACCESSED,2026-10-01 09:38–09:40 UTC,47 lines; union/intersection and explicit deny confirmed,SUCCESS,No account/API/credentials. Page access does not verify region fit/effective permission/live outcome.
S-D4-02,packet,https://docs.aws.amazon.com/AmazonECS/latest/developerguide/security_iam_id-based-policy-examples.html,ACCESSED,2026-10-01 09:38–09:40 UTC,431 lines; scoped policy examples; not effective-policy execution,SUCCESS,No account/API/credentials. Page access does not verify region fit/effective permission/live outcome.
S-D4-03,packet,https://docs.aws.amazon.com/AmazonS 3/latest/userguide/example-policies-s3.html,NOT_INSPECTED,,Read packet capture only; no independent access attempted to this exact URL,SUCCESS,No account/API/credentials. Page access does not verify region fit/effective permission/live outcome.
S-D4-04,packet,https://docs.aws.amazon.com/AmazonRDS/latest/UserGuide/UsingWithRDS.IAMDBAuth.IAMPolicy.html,NOT_INSPECTED,,Read packet capture only; no independent access attempted to this exact URL,SUCCESS,No account/API/credentials. Page access does not verify region fit/effective permission/live outcome.
S-D4-05,packet,https://docs.aws.amazon.com/kms/latest/developerguide/kms-api-permissions-reference.html,NOT_INSPECTED,,Read packet capture only; no independent access attempted to this exact URL,SUCCESS,No account/API/credentials. Page access does not verify region fit/effective permission/live outcome.
S-D4-06,packet,https://docs.aws.amazon.com/service-authorization/latest/reference/list_amazons3.html,FAILED,2026-10-01 09:38–09:40 UTC,Redirect root service-authorization with0 lines; no usable permission catalogue,FAIL,No account/API/credentials. Page access does not verify region fit/effective permission/live outcome.
S-D4-07,packet,https://docs.aws.amazon.com/service-authorization/latest/reference/list_amazonelasticcontainerservice.html,FAILED,2026-10-01 09:38–09:40 UTC,Redirect root service-authorization with0 lines,FAIL,No account/API/credentials. Page access does not verify region fit/effective permission/live outcome.
S-D4-08,packet,https://docs.aws.amazon.com/service-authorization/latest/reference/list_amazonrds.html,FAILED,2026-10-01 09:38–09:40 UTC,Redirect root service-authorization with0 lines,FAIL,No account/API/credentials. Page access does not verify region fit/effective permission/live outcome.
S-D4-09,packet,https://docs.aws.amazon.com/AmazonSQS/latest/SQSDeveloperGuide/sqs-api-permissions-reference.html,FAILED,2026-10-01 09:38–09:40 UTC,URL inaccessible via tool,FAIL,No account/API/credentials. Page access does not verify region fit/effective permission/live outcome.
S-D4-10,packet,https://learn.microsoft.com/en-us/azure/role-based-access-control/role-definitions,ACCESSED,2026-10-01 09:38–09:40 UTC,447 lines; NotActions/NotDataActions are not deny against other grants,SUCCESS,No account/API/credentials. Page access does not verify region fit/effective permission/live outcome.
S-D4-11,packet,https://learn.microsoft.com/en-us/azure/role-based-access-control/deny-assignments,ACCESSED,2026-10-01 09:38–09:40 UTC,"333 lines; Azure managed deny, no directly authored arbitrary deny",SUCCESS,No account/API/credentials. Page access does not verify region fit/effective permission/live outcome.
S-D4-12,packet,https://learn.microsoft.com/en-us/azure/role-based-access-control/built-in-roles/storage,NOT_INSPECTED,,Read packet capture only; no independent access attempted to this exact URL,SUCCESS,No account/API/credentials. Page access does not verify region fit/effective permission/live outcome.
S-D4-13,packet,https://learn.microsoft.com/en-us/azure/role-based-access-control/permissions/containers,NOT_INSPECTED,,Read packet capture only; no independent access attempted to this exact URL,SUCCESS,No account/API/credentials. Page access does not verify region fit/effective permission/live outcome.
S-D4-14,packet,https://learn.microsoft.com/en-us/azure/role-based-access-control/permissions/databases,NOT_INSPECTED,,Read packet capture only; no independent access attempted to this exact URL,SUCCESS,No account/API/credentials. Page access does not verify region fit/effective permission/live outcome.
S-D4-15,packet,https://learn.microsoft.com/en-us/azure/role-based-access-control/built-in-roles/security,ACCESSED,2026-10-01 09:38–09:40 UTC,1564 lines; security role catalogue accessible; no effective grant validation,SUCCESS,No account/API/credentials. Page access does not verify region fit/effective permission/live outcome.
S-D4-16,packet,https://learn.microsoft.com/en-us/azure/role-based-access-control/built-in-roles/integration,NOT_INSPECTED,,Read packet capture only; no independent access attempted to this exact URL,SUCCESS,No account/API/credentials. Page access does not verify region fit/effective permission/live outcome.
S-D4-17,packet,https://docs.cloud.google.com/iam/docs/deny-overview,ACCESSED,2026-10-01 09:38–09:40 UTC,441 lines; supported permissions/groups only,SUCCESS,No account/API/credentials. Page access does not verify region fit/effective permission/live outcome.
S-D4-18,packet,https://docs.cloud.google.com/iam/docs/roles-permissions/storage,NOT_INSPECTED,,Read packet capture only; no independent access attempted to this exact URL,SUCCESS,No account/API/credentials. Page access does not verify region fit/effective permission/live outcome.
S-D4-19,packet,https://docs.cloud.google.com/iam/docs/roles-permissions/cloudsql,NOT_INSPECTED,,Read packet capture only; no independent access attempted to this exact URL,SUCCESS,No account/API/credentials. Page access does not verify region fit/effective permission/live outcome.
S-D4-20,packet,https://docs.cloud.google.com/iam/docs/roles-permissions/run,NOT_INSPECTED,,Read packet capture only; no independent access attempted to this exact URL,SUCCESS,No account/API/credentials. Page access does not verify region fit/effective permission/live outcome.
S-D4-21,packet,https://docs.cloud.google.com/iam/docs/roles-permissions/cloudkms,ACCESSED,2026-10-01 09:38–09:40 UTC,920 lines; lifecycle/use permission catalogue accessible,SUCCESS,No account/API/credentials. Page access does not verify region fit/effective permission/live outcome.
S-D4-22,packet,https://docs.cloud.google.com/iam/docs/roles-permissions/secretmanager,NOT_INSPECTED,,Read packet capture only; no independent access attempted to this exact URL,SUCCESS,No account/API/credentials. Page access does not verify region fit/effective permission/live outcome.
S-D4-23,packet,https://docs.cloud.google.com/iam/docs/roles-permissions/pubsub,NOT_INSPECTED,,Read packet capture only; no independent access attempted to this exact URL,SUCCESS,No account/API/credentials. Page access does not verify region fit/effective permission/live outcome.
S-D4-24,packet,https://docs.cloud.google.com/iam/docs/roles-permissions/artifactregistry,NOT_INSPECTED,,Read packet capture only; no independent access attempted to this exact URL,SUCCESS,No account/API/credentials. Page access does not verify region fit/effective permission/live outcome.
S-D4-25,packet,https://docs.cloud.google.com/iam/docs/roles-permissions/logging,NOT_INSPECTED,,Read packet capture only; no independent access attempted to this exact URL,SUCCESS,No account/API/credentials. Page access does not verify region fit/effective permission/live outcome.
S-D4-26,packet,https://cloud.google.com/run/pricing,ACCESSED,2026-10-01 09:38–09:40 UTC,1041 lines; Tokyo listed; instance CPU0.000018/memory0.000002 USD/s; no all-in price,SUCCESS,No account/API/credentials. Page access does not verify region fit/effective permission/live outcome.
S-D4-27,packet,https://cloud.google.com/sql/pricing?hl=ja,FAILED,2026-10-01 09:38–09:40 UTC,Internal retrieval error; regional prices remain U,FAIL,No account/API/credentials. Page access does not verify region fit/effective permission/live outcome.
S-D4-28,packet,https://aws.amazon.com/fargate/pricing/,ACCESSED_PARTIAL,2026-10-01 09:38–09:40 UTC,"397 lines; numeric examples expressly US East, matching Tokyo rate not exposed",PARTIAL,No account/API/credentials. Page access does not verify region fit/effective permission/live outcome.
S-D4-29,packet,https://azure.microsoft.com/en-us/pricing/details/postgresql/flexible-server/,ACCESSED_PARTIAL,2026-10-01 09:38–09:40 UTC,1922 lines; Japan East find no match; matching regional selector rate not exposed,PARTIAL,No account/API/credentials. Page access does not verify region fit/effective permission/live outcome.
S-D4-30,packet,https://aws.amazon.com/route 53/pricing/,NOT_INSPECTED,,Read packet capture only; no independent access attempted to this exact URL,SUCCESS,No account/API/credentials. Page access does not verify region fit/effective permission/live outcome.
IR-ADD-13,added/corrected literal URL,https://docs.aws.amazon.com/AmazonS3/latest/userguide/replication-what-is-isnot-replicated.html,ACCESSED,2026-10-01 09:38–09:40 UTC,"102 lines; version DELETE not propagated, marker/lifecycle semantics constrained",,Corrected spelling/extra capability source is a separate access; malformed packet URL is not reported accessed.
IR-ADD-14,added/corrected literal URL,https://docs.aws.amazon.com/kms/latest/developerguide/deleting-keys.html,ACCESSED,2026-10-01 09:38–09:40 UTC,"101 lines; irreversible destruction; wait7-30d default30, actual up to24h extra",,Corrected spelling/extra capability source is a separate access; malformed packet URL is not reported accessed.
IR-ADD-15,added/corrected literal URL,https://docs.cloud.google.com/run/docs/about-instance-autoscaling,ACCESSED,2026-10-01 09:38–09:40 UTC,"413 lines; CPU/concurrency native autoscale, memory scaling unsupported",,Corrected spelling/extra capability source is a separate access; malformed packet URL is not reported accessed.
IR-ADD-16,added/corrected literal URL,https://docs.cloud.google.com/sql/docs/postgres/high-availability,ACCESSED,2026-10-01 09:38–09:40 UTC,"331 lines; primary/standby health prerequisites; connection closure; approx60s variable, not guaranteed",,Corrected spelling/extra capability source is a separate access; malformed packet URL is not reported accessed.
IR-ADD-17,added/corrected literal URL,https://learn.microsoft.com/en-us/azure/container-apps/availability-zones,FAILED,2026-10-01 09:38–09:40 UTC,Internal retrieval error; no usable source confirmation,,Corrected spelling/extra capability source is a separate access; malformed packet URL is not reported accessed.
IR-ADD-18,added/corrected literal URL,https://learn.microsoft.com/en-us/azure/postgresql/flexible-server/concepts-high-availability,FAILED,2026-10-01 09:38–09:40 UTC,Internal retrieval error; no usable source confirmation,,Corrected spelling/extra capability source is a separate access; malformed packet URL is not reported accessed.
IR-ADD-19,added/corrected literal URL,https://aws.amazon.com/route53/pricing/,ACCESSED,2026-10-01 09:38–09:40 UTC,"524 lines; narrow DNS table accessible, no cloud total",,Corrected spelling/extra capability source is a separate access; malformed packet URL is not reported accessed.
IR-INHERITED-1,inherited,https://www.ecb.europa.eu/stats/policy_and_exchange_rates/euro_reference_exchange_rates/html/eurofxref-graph-usd.en.html,NOT_INSPECTED,,Packet dated extract read only; historical FX not refreshed and invoice tax U,,No independent current conversion/tax conclusion
IR-INHERITED-2,inherited,https://www.ecb.europa.eu/stats/policy_and_exchange_rates/euro_reference_exchange_rates/html/eurofxref-graph-jpy.en.html,NOT_INSPECTED,,Packet dated extract read only; historical FX not refreshed and invoice tax U,,No independent current conversion/tax conclusion
IR-INHERITED-3,inherited,https://www.nta.go.jp/english/taxes/consumption_tax/01.htm,NOT_INSPECTED,,Packet dated extract read only; historical FX not refreshed and invoice tax U,,No independent current conversion/tax conclusion
