rubric_item,desk_support_for4,desk_specificity_underlying_not5,packet_evidence
要件理解,"24/24 trace, fixed/residual distinction and independent users/PV/RPS constraints are strong.","Requirement-to-verification entries repeat broad future-evidence templates; REQ02/06 lacks a consolidated principal-API-by-API journey/assertion and load/sample plan. This is desk plan specificity, not absence of E2E execution.",requirements-ledger.csv REQ02/05/06 verification column; verification-protocol.csv evidence column; operational-envelope.md T01/T02
Architecture妥当性,"Adopt/reject alternatives, boundaries and P2/P4 sensitivity are explicit.",Common logical topology still lacks a sufficiently detailed provider-specific failure/network mapping for all candidates (e.g. common2AZ private paths and native runtime controls). A full desk equivalence/constraint analysis could earn5 without deployment.,architecture-options.md Conditional provider mappings; conditional-bill-of-quantities.csv C06; operational-envelope.md Capacity/Unattended
Security・IAM,"51 role proposals plus native deny distinctions, SQL ownership and denied-path evidence.","When IAM cannot enforce manifest/version/destination conditions, broker/pipeline control is invoked without a sufficiently explicit enforcement/escape-path specification. Need concrete desk rejection assertions for manifest alteration, restore destination and inherited grants; no live policy test required for5.",iam-action-matrix.csv I08/I10/I12; iam-design.md Enforcement and Separation
Availability,"Fixed formal clocks, fence/retry/pool stops and proposed1800s allocation.",<=65s detector bound lacks probe/corroboration dispatch budget and service-specific recovery dependency contingencies. The unmeasured status is properly disclosed and is not the reason for4.,operational-envelope.md T01/Unattended; scenario-recovery-D4.csv S01/S02/S19
Scalability,Replica/pool/admission arithmetic and initial-versus-growth overload sensitivity.,T03 common memory/add2/scale-down control needs native Cloud Run exception or explicit external mechanism; global admission and revision/rollout limits need mapping. These are desk capability/control gaps.,operational-envelope.md T03/Capacity; scenario-recovery-D4.csv S20/S22; independently accessed Cloud Run autoscaling documentation
Operations,"Bounded automated versus staffed steps, patch/rollback and proposed role hours.","Desk workload accounting lacks reconciliation of overlapping role tasks, planned patch/canary failure contingencies and provider/vendor review mechanisms against the proposed hours. Approved names/hours remain environmentHOLD and are not themselves a deduction or cap.",cost-configuration-D4.md Operations; operational-envelope.md T12/Unattended; scenario-recovery-D4.csv S23-S25
Backup・DR,"All-copy inventory and receipts, quarantine/deletion replay, distinct logical/region clocks.",Hourly watermark cadence conflicts with240s stale-point threshold; scheduled key loss lacks advance detector; replay completeness after independent ledger loss needs explicit validation predicate. Owner-approved linkage/retention and actual restore are separate HOLDs.,scenario-recovery-D4.csv S16/S17/S31; deletion-proof-ledger.csv Audit/deletion ledger; adoption-decisions.md Backup/PITR
Observability,"Principal probes, request SLIs, missing-health unknown and privacy/volume controls.","Probe scheduling/corroboration bound, watermark monitoring cadence and total series/cardinality bound remain underspecified. Calendar-month observation absent is environmentUNVERIFIED, not a4 cap.",operational-envelope.md T01/T08/T10; scenario-recovery-D4.csv S16/S18/S19
Complexity,"Small-team managed-service rationale, Kubernetes rejection and authoritative packet index.",Common envelope still requires provider-specific adapters; their additional operational components/maintenance burden are not evaluated as a desk complexity sensitivity. Owner staffing approvals do not decide this rating.,adoption-decisions.md Containers/Kubernetes; operational-envelope.md T03; README.md authority index
Vendor lock-in・移行性,"Portablecore, explicitly nonportable identity/IAM/network/queue semantics and overlapcosts.","Portability plan lists exports/checksums/cutover/rollback but lacks detailed stage checkpoints, specific acceptance thresholds and rollback decision windows for identity/session and deletion-ledger transfer. Live migration rehearsal is unnecessary to earn A/B5.",adoption-decisions.md Portability plan; architecture-options.md portability acceptance; conditional-bill-of-quantities.csv C10-C12
