scenario_id,scenario,detection_review,user_data_impact,recovery_review,measurable_clocks,cost_review,responsible_role,stop_condition,proof_limit_or_defect
S01,AZ loss,65s conditional dispatch; earliest plausible impact onset,Principal outage and uncertain commits,"Check surviving capacity, fenced DB promotion, pool refresh, transaction/outbox reconciliation",<=1800s incl300s stability; confirmed gap<=300s,"C01,C02,C06,C11 extra replicas/HA/interzone; rates U",Platform+DB,Unknown fence/watermark;25m no stability,P4 assumed50RPS leaves100RPS only if two survivors; provider placement/bounds and live failover U.
S02,DB failure,External principal plus role/pool/watermark signals,Writes may fail or commit ambiguously,"Circuit, discard stale pools, resolve idempotency against one fenced primary",1800s/300s only agreed DB failure scope,"C02,C03,C11 promotion/IO/quarantine",DB+App,Two writers orunknown commits;15m freeze mutation,Typical provider failover duration cannot establish whole recovery; coordinator shares failed SQL.
S03,Region/control-plane loss,Two-route detection is conditional on independence,Entire service/copy/controlplane inaccessible,Preserve watermark; approved Japan destination and keys; quarantine before publication,Excluded from30m/5m; cold decision+24h proposal,C12 plusC11 rebuild/transfer/retention,DR/business authority,No approved location/key/copy/loss authority,Same-region ledger separation does not solve regional loss; destination not selected.
S04,DNS error,Authoritative+recursive+principal comparison,Wrong ormissing entrance,Signed prior manifest rollback; resolver propagation verification,65+300+600+300=1265s proposal; no universal30m scope,"C05,C11 temporary DNS/edge; labor separate",DNS/release,Delegation/rollback unknown,300s configured TTL does not bound all client caches/controlplane recovery.
S05,TLS expiry/name/renewal,Advance7d/48h/24h warnings plus handshake,Client rejection; security if validation bypassed,Valid certificate/key rollback and challenge/CA repair,Outage through300s stability; no bound from certificate topology,"C05,C08,C11 issuer/rotation/overlap",Security/platform,No valid key/certificate; never weaken TLS,Lead alarms reduce risk; no issuer SLA or weekend responder proof.
S06,Auth dependency,Principal login/refresh and JWKS checks,Login/session refresh unavailable,Fail closed; vendor-valid cached keys only; escalation,Included monthly99.9%; dependency recovery scope owner-open,"C08,C11 auth calls/vendor/session",Auth+vendor,Unknown key or expired token,"External destination, cached-key revocation and contracted escalation remain U."
S07,Mail dependency,Age60s warn/300s critical andDLQ counts,Delay/duplicate; principal resource competition,"Atomic outbox, bounded retries and10/s send; authorized reconciliation",Mail outside principal SLA;24h replay decision proposal,"C07,C09 retry/DLQ/log/storage",Mail steward,Ambiguous send orqueue>5000; retain business outbox,Vendor receipt != recipient delivery; recipient copies need owner boundary.
S08,Logical SQL corruption,Integrity/ledger anomalies; detection separate,Lost rows and later valid-write ambiguity,"Fence, restore quarantine, salvage valid writes, delete replay andtwo approvals",Decision->240min; predecision counts SLO; no measured result,"C02,C03,C11 PITR/quarantine/forensics",DB+business,Unknown corruption boundary/loss decision/incomplete ledger,"P1 valid-write journal schema, protection and replay completeness insufficiently specific."
S09,Deletion delay,20/25/28d early alerts andreceipt gaps,Active personal copies may survive30d,Per-copy retry; terminal repair; verify receipts before completion,<=30d active;<=35d oldest backup; start owner-open,"C04,C07,C08,C09,C11 per-copy operations/proof",Privacy+executor,Missing receipt/permission denial/28d,"Custody, minimal linkage andlegal retention are unapproved; no erasure certification."
S10,Replication lag,60s warn/240s critical; fresh recoverable watermark,Confirmed writes/deletes absent in destination,Keep own-write reads primary; forbid stale promotion; repair backlog,300s confirmed gap;282s detector algebra conditional,"C02,C04,C06 backlog/transfer",DB/platform,Lag>300s orunknown watermark,"Fresh sample interface/bound unavailable =>stop, not implied synchronous proof."
S11,Permanent replication failure,Terminal error plus no-progress inventory,Copy anddeletion proof incomplete,Repair IAM/key/destination then scoped backfill andinventory,Hard failure dispatch<=65s conditional; deletion clock continues,"C04,C06,C08 backfill/version/key",Platform+security,Unapproved destination/permanent denial,One retry success does not prove full copy reconciliation.
S12,Current version deletion,Case/version inventory anddenied synthetic GET,Current object may remain or race overwrite,"Explicit version delete, replica purge, cache check",Active30d; restore P before anypublication,"C04,C05 list/delete/CDN",Deletion executor,Scope widens/new writes,GET denial alone insufficient; source anddestination receipts required.
S13,Noncurrent versions,All-generation inventory,Hidden version may resurrect subject,Purge versions/copies; restore quarantine replays,30d active/35d backup; no lifecycle shortcut,"C04,C11 inventory/purge/restore",Privacy/platform,Lock/softdelete beyondbound orinventory absent,Exact provider retention semantics U; no zero charge for hidden versions.
S14,Delete markers,List markers AND underlyingversions,Marker may hide surviving bytes,Separate marker receipt fromversion disappearance; explicit replica purge,Same deletion clocks; repeated reconciliation,C04 list/version/marker operations,Executor,Surviving versions/unknown replication semantics,Official S3 docs: version-specific deletes do not replicate; design addresses destination explicitly.
S15,Multipart/orphan parts,Part IDs/age/bytes inventory,Unfinished bytes andongoing billing,Quiesce writer; scoped abort; verifyabsence,24h orphan proposal does not replace30d deletion,C04 partGB-days/list/abort,Content/platform,Unknown ownership/case scope,No broad purge; provider listing/completion/cost lag require evidence.
S16,Backup gap,26h scheduledcopy plus fresh PITR240s alarm,No restore point orbadchain,Repair backup/key chain; reject stale publication,RPO<=300s onlyfresh interface; oldestbackup<=35d,"C03,C08,C11 backup/restore/decrypt",DB,No goodpoint orreplayledger,Current high-frequency watermark supersedes inherited hourly check; daily backup alone fails5minRPO.
S17,Key deletion/loss,15min state poll;20min missing; advancewarnings,Backup unreadable; destruction may beirreversible,Stop unsafe writes; dualauthoritycancel only duringwait,AWS7–30d plus possible24h; not anRTO guarantee,"C08,C11 pendingkey/secretrequests",Dual security authority,Noauthorizedrecovery/keydestroyed,Official KMS pending key unusable; losscannotbe repaired by backup naming.
S18,Telemetry surge,Volume/cardinality/dropped sample/forecast,Cost andlost incident evidence,Drop optionaldebug; preserve audit andboundedregistry,T10 algebra owncheck2422 notclaimed2522;cap3000,C09 ingest/retention/query,Observability+cost,Audit integrity risk/unknownforecast,P2 conservative100-series overcount; infra/export labels may consume reserve.
S19,Probe loss,25s groups; missing nextdeadline/partialgroup failure,Healthunknown; false stable recovery,Second route; one restart; approvedcredentialoverlap,Conditional dispatch65s; group5s; stablewindow resets gaps,C09 1051200groups/730h plusrequests,Probe+app,All routesabsent =>unknownhealth,Dispatch != deliveredpage; syntheticintervaldoes not prove each realrequest ormonthSLI.
S20,1000RPS growth,"Achievedload, p95,error,CPU/pool/queue",Overload/rejection andgrowthbudget,Recordmax8 limitation; recalculate20+ replicas andDB/controltiers,900000 requests/900s; 8x50=400RPS assumed insufficient,"C01,C02,C06,C07,C09 growth U",Growth+app,Latency/error/poolmiss,"Correct independent future stress, not inferred fromusers; coordinator capacityalso missing."
S21,Retry storm,"Retryfraction,logicalattempts,queueage/DLQ",Duplicates/cost andAPIstarvation,Initial+four delays totals5; bounded10%retrybudget; authorizedreplay,Fourdelay30s/2m/10m/30m;24hhold proposal,"C07,C09 requests/mail/logs",App+mail,Ambiguous non-idempotentsend/replayunauthorized,"P2 S21 CSV stillshows five delays incl2h/max5; controllingdocsupersedes, normalizecell."
S22,Pool/admission exhaustion,"Poolwait,DBlimits,scale,permitstate",Latency/rejection/staleepochwrite risk,80aggregateapp+18other+22reserve;20msglobalwait; drainstaleidle,450mswall external; formalp95<=500ms/error<1%;noliveproof,"C01,C02,C09 controls/SQL/metrics",DB+app,Unsupportedrolelimit/fence/coordinatorloss,P1 missing permitacquire/release/heartbeatSQL rate andlatencybudget; fourconnections notthroughputproof.
S23,Operator absence,Coverage/ack/delivery receipt/runbookchecks,Incident may persist nights/weekends,Only approvedboundedautomation; daytimeprimary/backup,24/7SLO andformal1800s remain; weekdaystaffingnotnightpromise,C11 optionalsupport+rolehours outsidecap,Namedprimary/backup UNANSWERED,Noauthority =>nopublication/IAM/spendescalation,P0 OWNER roster/preapproval unavailable; proposedautomation disabled; acknowledgment !=repair.
S24,Patch backlog,Scanage/criticalcount/deploydigest,Exposure orregression,Safe signeddigest rollout; SQLcompatibility before rollback,24htriage/72hcritical proposal; weekdays maymissweekend,"C10,C01,C11 build/scan/overlap",Security+release,Nosafedigest/authority,No critical-SLA promise with absentcoverage; quantifycomplexity implementationwork.
S25,Vendor change,Dailyreceipt plusweekly30min fullreview,Capability/location/price invalidated,Freeze dependentchange; reprice/reassess/migrate,Cadence isproposal; changedsourceaccess explicit,"C12,C11 migration/egress plustraininglabor",Architecture+cost,Requiredfeature/location/quoteunknown,P2 inherited/currentS25 dailyfullreview wording conflicts controllingweeklyaccounting.
S26,Price source unavailable,Source status andmatchingregion/SKUselector,Budget judgment unsupported,Retain U andrequestofficialmatchingquote,No operationalRTO; date/versionevidence,Sourceeffortlaboroutsidecap;mandatorymetersU,Quoteowner,MandatorypriceU =>allintotalU,FreshCloudSQL internalerror;AWS/AzureHTMLpartial; sourceaccessconfound notmodelinability.
S27,FX shock,Invoicebasis vsreference and20%shock,JPYheadroomshrinks,Repriceactualbasis; keep sensitivity separate,No runtimeclock; historicalFXnot invoice,C13 Xx156.9969x1.2;Xincomplete,Buyer,FX/spread/allintotalunknown,No currentFXassertion; fixedJPYcap unchanged.
S28,Tax change,Seller/customerinvoicebasis,Taxinclusivecapmisstated,Resolveaccountingtreatment; nogenericfactor,No runtimeclock; invoiceproofrequired,C13 actualtax/fees U,Buyer/accounting,Unknowntax =>taxinclusivetotalU,No legal/taxcertification inferred fromsourceexcerpt.
S29,Monthly cost doubles,Rates/usage/retention sensitivity,Potentialcapbreach,Caseanalysis lowercost alternatives without silentHA/privacyrelaxation,No spend to reproduce; completebaselineU,2xcompletebaseline stillU;C01–13,Buyer+architecture,Unknownbaseline =>cannotdeclareoverrun/pass,"P1 no quantifiedfeasiblecandidatecompleteinvoice; preservingU iscorrect, notfeasibilityproof."
S30,Dev expansion,Hours/count/isolation inventory,Spend andprod coupling,Approve176/730h option; syntheticdataseparation; receiptverifiedstop,730/176=4.1477runtimeonly,C01–11 fixed/storage remains,Devowner,SharedPII/runtime unapproved,No stoppedDBfreeassumption; minimumdev mandatorybudget.
S31,Proof retention,Ledger/audit link andcopyexpiryinventory,Proof becomesunlawfulactivepersonalcopy orlostreplay,Minimize linkage; agreedretention andquarantine replay,30dactive/35dbackup; no42dexception,"C09,C04 proof/export/purge",Privacy authority,Unapprovedlink orledgergonebeforeoldestbackup,P0 OWNER retention/linkagecustodymustresolve beforeG3adoption.
S32,Process/runtime loss,Principalprobe plusruntimehealth,Statelesscrash andunfinishedtransaction,Providerrestart; fencedcommit/idempotency; pool/coordinatorrestore,1800s including300sstable;gap<=300s,"C01,C02,C11 replacement/overlap",Platform+app,Permitepoch/transactionabort unknown,Runtime autorestart isnot businesssemanticrecoveryproof.
S33,Independent ledger loss,Ingressreceipts/sequence/H/epoch mismatch,Withdrawal/deletion resurrectionrisk,Blockpublication; recoverseparatecheckpoint andcontiguousjournal;reconcileallclasses,No claim to30m/4h whenreceiptchaincannotreconstruct,"C04,C09,C11 separateproof/restore",Privacy+DB+publicationapprovers,Anygap orcannotestablishH =>Pfalse,Custody independentinpolicy/account; regionalindependenceU; approvedacceptance eventowner-open.
S34,WAF falsepositive,Principalpath blockedrequest/semantics,Legitimateusersfailwhileoriginhealthy,Signedknownrule rollback; preserve security; externalstability,ImpactcountsmonthlySLO;300sstable; exacttargetscopeowner-open,"C05,C09,C11 WAF/queries/overlap",Security+platform,No approvedsafeconfig orsecurityrisk,Probe musttraversesameWAF; alternatebypasscannotdeclarehealth.
S35,PublicIP changedscope,FullIPv4/IPv6 edge/origin/vendor/CI/stateinventory,ConnectivityandB2C accesscanbreak,M0–7 compatibility; singlewriterfence; finaldelta andidentity/deletionP; rollbackonlyallnewchangesreconciled,Finaldelta<=15min proposal; route30min;300sstable; postwrite30min rollback conditional,"C05,C06,C11 privatepaths/dualrun/retainedstate",Scopeowner+network+business,Allinternetban unresolved;gap/identity mismatch =>HOLD,CorrectlyseparatesoriginnopublicIP vsordinarybrowserconflict; passwordexport/sessionreuse notassumed.
