category,weight,independent_rating_1_to_5,weighted_points,human_rating_1_to_5,evidence,reason
Requirements,15,4,12.0,,requirements-ledger.csv REQ-01–24;source originals;answer-ledger-crosswalk.csv;requirement-evidence-crosswalk.csv,Fixed functions/workload/deletion/SLO/budget/response answers preserved and traced; important unknowns explicit. Generic root crosswalk anchors require minor navigation correction. No domestic storage inference.
Architecture,15,4,12.0,,architecture-options.md provider comparisons;adoption-decisions.md;provider-adapters.md;admission-and-rollout.md,Managed application/HA SQL/object/outbox avoids unnecessary Kubernetes; provider placement and hard/soft bound tradeoffs explicit. Alternatives and stop/revisit conditions clear. Coordinator desk sizing concern chiefly limits complexity support; core topology remains reasonable as conditional design.
Security/IAM,10,4,8.0,,iam-design.md;iam-action-matrix.csv I01–17/provider rows;broker-enforcement.md;trust-boundaries.md,"Separate build/release/restore/deletion/approval roles and immutable broker manifest restrict broad native write grants. NotActions/shared-key/inherited-role/breakglass limitations disclosed. Precise negative tests are planned; exact effective grants remain U, no false applied-security claim."
Availability,10,4,8.0,,timing-and-observability.md T01;operational-envelope.md;scenario-controls.md;api-journey-verification.md,65s conditional detection and1800s budget include dependency recovery and300s external stability; principal auth/WAF/SQL/monitoring dependencies and weekday staffing limits explicit. Typical provider failover not promised bound. Owner coverage and live timings remain adoption blockers.
Scalability,5,4,4.0,,"architecture-options.md capacity;admission-and-rollout.md;scenario-recovery-D5.csv S20,S22;api-journey-matrix.csv","Uses answered10/100RPS and500user mix, bounded SQL/admission/rollout with measured-throughput prerequisite; openly shows8x50 cannot satisfy1000RPS and supplies recalculation path. Hard logical controls distinguished from native physical excess. Missing coordinator performance model captured D01; no capacity success inferred."
Cost,10,3,6.0,,cost-configuration-D5.md;conditional-bill-of-quantities.csv C01–13;quote-completeness.csv;cost-ledger.csv;operations-accounting.md,"Meter equations, dev/control/runtime/version/FX/incident sensitivities and exclusions are strong and U is honest. Important specificity/grounds remain absent for a comparable complete tax-inclusive configuration under100000JPY: high known compute subtotal leaves unquantified mandatory headroom and no costed feasible/control alternative. Missing price access is a confound, not model inability."
Operations,10,4,8.0,,operations-accounting.md T-PLAT/APP/DATA/DRILL/VENDOR;operational-envelope.md;scenario-controls.md S23–25,"Unique person-hour packages prevent double counting; normal32–56 plus0–8reserve, specialist16–28 plus0–4 and88h incident sensitivity; daytime/backup/leave/dual authority/disabled unapproved automation transparent. Accountable role names/hours remain owner-open; bespoke implementation effort deficit handled Complexity."
Backup/DR,10,4,8.0,,"deletion-proof-ledger.csv all10classes;recovery-ledger-predicate.md P;operational-envelope.md S08,S16,S17;scenario-controls.md S33","Restore quarantine requires independently reconciled contiguous withdrawal horizon, fresh fence andall-copy receipts; versions/markers/multipart/keys/ledger-loss stop conditions explicit. Region scope and journal retention conflicts disclosed. Valid-write salvage contract D04 needs more detail; deletion publication predicate and recovery plans are clear."
Observability,5,4,4.0,,"timing-and-observability.md T01,T07,T10;api-journey-verification.md;api-journey-matrix.csv","Principal per-operation semantics, two routes, heartbeat gaps/reset, external p95 anddispatch timing are defined; series/log/trace controls tie tocost andevidence.2422vs2522 is conservative arithmetic defect. Delivery latency/currentmonthSLI unproved; no synthetic test claimed monthly99.9%."
Complexity,5,3,3.0,,admission-and-rollout.md;broker-enforcement.md;provider-adapters.md;operations-accounting.md One-time estimates,"Managed core is simpler than Kubernetes, but new request-path SQL coordinator, epoch/fence logic, signed broker adapters andindependent journals are material bespoke systems. Operation-rate/latency/failure-budget and task-grounded40–80h implementation/16–32h rehearsal estimate absent. Important adoption specificity needed despite named tests andmonthly sensitivities."
Vendor lock-in/migration,5,4,4.0,,migration-checkpoints.md M0–7;provider-adapters.md;scenario-controls.md S35;architecture-options.md,"Portable app/SQL core and provider-specific identity/network semantics acknowledged; checkpoint digests, single writer, final delta, withdrawal P andconditional postwrite reverse reconciliation prevent unsafe rollback. Password export/session preservation not assumed. Public-IP scope conflict requires actual owner answer, not silent architecture change."
