source_id,source,url,status,captured_at_utc,normalized_capture,usable_scope
S-D4-01,AWS IAM evaluation,https://docs.aws.amazon.com/IAM/latest/UserGuide/reference_policies_evaluation-logic.html,SUCCESS,2026-10-01 09:11–09:22 UTC; retrieval sequence exact clock not exposed,Explicit deny overrides allow; identity/resource grants combine; boundaries/SCPs constrain effective grants.,iam-design.md enforcement; effective grants not tested
S-D4-02,AWS ECS examples,https://docs.aws.amazon.com/AmazonECS/latest/developerguide/security_iam_id-based-policy-examples.html,SUCCESS,2026-10-01 09:11–09:22 UTC; retrieval sequence exact clock not exposed,Default no create/modify rights; least privilege action/resource/conditions. RegisterTaskDefinition has wildcard resource; task family/cluster restrictions illustrated.,release/build scopes; actual policy requires later validation
S-D4-03,AWS S3 examples,https://docs.aws.amazon.com/AmazonS 3/latest/userguide/example-policies-s3.html,SUCCESS,2026-10-01 09:11–09:22 UTC; retrieval sequence exact clock not exposed,"GetObject, PutObject, DeleteObject, GetObjectVersion, DeleteObjectVersion and ListBucket prefix examples retrieved.",object role proposals; supported prefix/version conditions require exact policy review
S-D4-04,AWS RDS IAM connect,https://docs.aws.amazon.com/AmazonRDS/latest/UserGuide/UsingWithRDS.IAMDBAuth.IAMPolicy.html,SUCCESS,2026-10-01 09:11–09:22 UTC; retrieval sequence exact clock not exposed,rds-db:connect controls database IAM authentication scope.,database cloud authentication separate from SQL grants
S-D4-05,AWS KMS permissions,https://docs.aws.amazon.com/kms/latest/developerguide/kms-api-permissions-reference.html,SUCCESS,2026-10-01 09:11–09:22 UTC; retrieval sequence exact clock not exposed,KMS permission reference accessible; lifecycle permissions separate from cryptographic use.,key admin matrix; waiting periods and exact key policy remain validation dependencies
S-D4-06,AWS service authorization S3,https://docs.aws.amazon.com/service-authorization/latest/reference/list_amazons3.html,FAIL,2026-10-01 09:11–09:22 UTC; retrieval sequence exact clock not exposed,Redirected to root service authorization reference with zero lines; query variant also inaccessible.,use accessible S3 examples only; list/version/abort exact membership support incomplete
S-D4-07,AWS service authorization ECS,https://docs.aws.amazon.com/service-authorization/latest/reference/list_amazonelasticcontainerservice.html,FAIL,2026-10-01 09:11–09:22 UTC; retrieval sequence exact clock not exposed,Redirected to root service authorization reference with zero lines.,accessible ECS examples support narrow claims; not full action/resource catalogue
S-D4-08,AWS service authorization RDS,https://docs.aws.amazon.com/service-authorization/latest/reference/list_amazonrds.html,FAIL,2026-10-01 09:11–09:22 UTC; retrieval sequence exact clock not exposed,Redirected to root reference zero lines; separate RDS AccessControl page internal retrieval error.,restore action/resource capability explicitly U
S-D4-09,AWS SQS permissions,https://docs.aws.amazon.com/AmazonSQS/latest/SQSDeveloperGuide/sqs-api-permissions-reference.html,FAIL,2026-10-01 09:11–09:22 UTC; retrieval sequence exact clock not exposed,Tool reported URL inaccessible.,queue capability fixed in design; exact membership unverified
S-D4-10,Azure role definitions,https://learn.microsoft.com/en-us/azure/role-based-access-control/role-definitions,SUCCESS,2026-10-01 09:11–09:22 UTC; retrieval sequence exact clock not exposed,"Actions/NotActions and DataActions/NotDataActions distinguish management/data grants; exclusions subtract role permissions, other grants still matter.","custom roles are allow design, not universal explicit deny"
S-D4-11,Azure deny assignments,https://learn.microsoft.com/en-us/azure/role-based-access-control/deny-assignments,SUCCESS,2026-10-01 09:11–09:22 UTC; retrieval sequence exact clock not exposed,Deny assignments block granted actions; Azure creates/manages them; deployment stacks can create managed protection.,do not assume arbitrary user-defined deny; managed-stack choice not adopted here
S-D4-12,Azure storage roles,https://learn.microsoft.com/en-us/azure/role-based-access-control/built-in-roles/storage,SUCCESS,2026-10-01 09:11–09:22 UTC; retrieval sequence exact clock not exposed,Blob read/write/delete data actions and read role definitions accessible.,scope to selected container; do not assume list/shared-key isolation
S-D4-13,Azure container operations,https://learn.microsoft.com/en-us/azure/role-based-access-control/permissions/containers,SUCCESS,2026-10-01 09:11–09:22 UTC; retrieval sequence exact clock not exposed,Microsoft.App containerApps operation catalogue retrieved.,app management action proposals; broad writes mediated by approved deployment
S-D4-14,Azure database operations,https://learn.microsoft.com/en-us/azure/role-based-access-control/permissions/databases,SUCCESS,2026-10-01 09:11–09:22 UTC; retrieval sequence exact clock not exposed,PostgreSQL Flexible Server operations catalogue retrieved.,restore is request-mode-dependent; request resource scoping remains verification requirement
S-D4-15,Azure security roles,https://learn.microsoft.com/en-us/azure/role-based-access-control/built-in-roles/security,SUCCESS,2026-10-01 09:11–09:22 UTC; retrieval sequence exact clock not exposed,Key Vault security role/action catalogue accessible.,key admin lifecycle requires data/control-plane separation and dual authority; exact proposed recover token unverified
S-D4-16,Azure integration roles,https://learn.microsoft.com/en-us/azure/role-based-access-control/built-in-roles/integration,SUCCESS,2026-10-01 09:11–09:22 UTC; retrieval sequence exact clock not exposed,Data Receiver has ServiceBus receive/action DataAction; Data Sender has send/action; read queue/topic metadata actions shown.,"scoped sender/receiver, no DataOwner"
S-D4-17,GCP deny policy,https://docs.cloud.google.com/iam/docs/deny-overview,SUCCESS,2026-10-01 09:11–09:22 UTC; retrieval sequence exact clock not exposed,Deny permission support is restricted; only supported wildcard groups apply.,no generic deny coverage assumption
S-D4-18,GCP storage permissions,https://docs.cloud.google.com/iam/docs/roles-permissions/storage,SUCCESS,2026-10-01 09:11–09:22 UTC; retrieval sequence exact clock not exposed,Storage permission/role catalogue accessible.,get/create/list/delete narrow custom action proposals; scope semantics to validate
S-D4-19,GCP SQL permissions,https://docs.cloud.google.com/iam/docs/roles-permissions/cloudsql,SUCCESS,2026-10-01 09:11–09:22 UTC; retrieval sequence exact clock not exposed,Cloud SQL permission catalogue accessible.,connect versus restore/clone administration separation; SQL row permissions separate
S-D4-20,GCP Run permissions,https://docs.cloud.google.com/iam/docs/roles-permissions/run,SUCCESS,2026-10-01 09:11–09:22 UTC; retrieval sequence exact clock not exposed,Cloud Run service get/update permissions catalogue accessible.,approved release account and actAs relationship need separate verified effective policy
S-D4-21,GCP KMS permissions,https://docs.cloud.google.com/iam/docs/roles-permissions/cloudkms,SUCCESS,2026-10-01 09:11–09:22 UTC; retrieval sequence exact clock not exposed,Key-version destroy/restore and cryptographic-use permissions catalogue accessible.,separate lifecycle/use roles; exact key paths conceptual
S-D4-22,GCP secrets permissions,https://docs.cloud.google.com/iam/docs/roles-permissions/secretmanager,SUCCESS,2026-10-01 09:11–09:22 UTC; retrieval sequence exact clock not exposed,Secret Manager permission catalogue accessible.,per-secret access not secret write/admin for workloads
S-D4-23,GCP PubSub permissions,https://docs.cloud.google.com/iam/docs/roles-permissions/pubsub,SUCCESS,2026-10-01 09:11–09:22 UTC; retrieval sequence exact clock not exposed,pubsub.subscriptions.consume and pubsub.topics.publish visible.,one subscription/topic scoped queue worker permissions
S-D4-24,GCP registry permissions,https://docs.cloud.google.com/iam/docs/roles-permissions/artifactregistry,SUCCESS,2026-10-01 09:11–09:22 UTC; retrieval sequence exact clock not exposed,artifactregistry.repositories.uploadArtifacts and downloadArtifacts visible.,registry build/runtime scopes separate; custom dependencies need later check
S-D4-25,GCP logging permissions,https://docs.cloud.google.com/iam/docs/roles-permissions/logging,SUCCESS,2026-10-01 09:11–09:22 UTC; retrieval sequence exact clock not exposed,"logging.logEntries.list visible, broad roles can include privateLogEntries.list/export capabilities.",narrow redacted audit view; no broad role adoption
S-D4-26,Cloud Run pricing,https://cloud.google.com/run/pricing,SUCCESS,2026-10-01 09:11–09:22 UTC; retrieval sequence exact clock not exposed,"Page 1041 lines; default instance CPU0.000018 USD/vCPU-s,memory 0.000002 USD/GiB-s; request active CPU0.000024,memory 0.0000025,requests 0.40/million;TokyoTier 1 listed.",only matched Cloud Run meters; no all-in quote or capacity proof
S-D4-27,Cloud SQL pricing,https://cloud.google.com/sql/pricing?hl=ja,FAIL,2026-10-01 09:11–09:22 UTC; retrieval sequence exact clock not exposed,Internal retrieval error in D4; D3 documented content-length failure.,regional SKU/HA/storage/PITR/IOpricesU
S-D4-28,AWS Fargate pricing,https://aws.amazon.com/fargate/pricing/,PARTIAL,2026-10-01 09:11–09:22 UTC; retrieval sequence exact clock not exposed,397 linepage; billing dimensions accessible; exposed numeric example is US East.,"Tokyo matching ratesU, no region substitution"
S-D4-29,Azure PostgreSQL pricing,https://azure.microsoft.com/en-us/pricing/details/postgresql/flexible-server/,PARTIAL,2026-10-01 09:11–09:22 UTC; retrieval sequence exact clock not exposed,1922 linepage;Japan East region selector rate not captured as auditable price table.,JapanSKU/HA/storage/backuppricesU; oldB 1 ms not used
S-D4-30,Route 53 pricing,https://aws.amazon.com/route 53/pricing/,SUCCESS,2026-10-01 09:11–09:22 UTC; retrieval sequence exact clock not exposed,524 linepage;first 25 hostedzones 0.50 USD/month;standardqueries 0.40 USD/million firsttier;alias exceptions apply.,narrow proposed DNS arithmetic only
