component_id,provider,component,production_proposed_quantity,minimum_dev_proposed_quantity,meter_equation,public_unit_price,priced_arithmetic,limitation,approval
C01,AWS,API compute,2 min replicas×1 vCPU/2 GiB×730h; warm alternative 4; max8 plus 2 rollout; one15m burst; extra actual replica-seconds separately,1 app×1 vCPU/1 GiB×176h or730h;max2,per vCPU second and per GiB second; provider billing mode selected once,Cloud Run instance-based USD0.000018/vCPU-s +0.000002/GiB-s; AWS Tokyo/Azure Japan East U,P2 GCP115.632 USD; P4 GCP231.264 USD; dev176h12.672 USD/dev730h52.56 USD,Cloud Run rate verified; other matching prices U,UNAPPROVED conditional design; formal fixed constraints remain source/formal-business-answer-original.md
C02,AWS,SQL primary standby,1 primary+1 HAstandby; each 2 vCPU/8 GiB proposal;50 GiB allocated;IOPS 1000 planning demand,1 non-HA1 vCPU/2 GiB;20 GiB;176h/730h if stoppable/otherwise 730h,SKU×hours+HA charging rule+storage+IO;physical replication factor provider-specific,U all providers exact regional SKU+HA+IO,U,size/HAfit/IO and dev stop semantics unverified,UNAPPROVED conditional design; formal fixed constraints remain source/formal-business-answer-original.md
C03,AWS,SQL backup PITR,"7 dPITR proposed;daily backup;≤35d oldest age;35×20 GB=700 GB conservative full-copy planning, not provider billed bytes;WAL100 GB/month sensitivity",7 dPITR proposed;2 GBsynthetic data; backup 14 GB planning,"billed backup/PITR/log GiB-month, incremental/allocated/free allowances separately, no free tier relied upon",U,U,700 GB not storage upper bound; growth/WAL/compression/provider rules differ,UNAPPROVED conditional design; formal fixed constraints remain source/formal-business-answer-original.md
C04,AWS,Image objects versions copies,100 GB live+10 GB/month;1 extra Japan backup copy 100 GB;noncurrent 100 GB proposal;200 GB outbound,10 GBsynthetic live+10 GBcopy+10 GBversions;20 GBoutbound proposal,GiB-month+ClassA/Bops+retrieval+replication+egress;GB→GiB explicitly 1024-based,U,U,version/copy usage sensitivity 1×/3×;not established upper bound,UNAPPROVED conditional design; formal fixed constraints remain source/formal-business-answer-original.md
C05,AWS,Ingress WAF CDN DNS IP,1 regional ingressLB;1 WAFpolicy 10 rules;1 CDNdistribution;1 DNSzone;1 Mchargeablequeries proposal;2 public IPv4 if selected,1 isolatedingress;1 zone;0.1 Mqueries proposal;WAFshared only if isolated rules approved,resource-hour+rule/request+GB+DNS query/IP;avoid assuming certificate free,Route 53 USD0.50 zone first 25+USD0.40/1M standardqueries;othersU,AWS DNSprod 0.90 USD/dev0.54 USD;othermetersU,only standard non-alias DNS arithmetic; selected routing/query mix U,UNAPPROVED conditional design; formal fixed constraints remain source/formal-business-answer-original.md
C06,AWS,Private network paths,2 AZprivate paths;NAT0 direct-service/private-endpoint option or2 NAT alternative;4 private endpoints proposal;interzone 20 GB/month,1 private path;2 endpoints;interzone 2 GB;NAT0 or1 alternative,gateway/address-hour+processedGB+endpoint-hour+interzone/interregionGB,U,U,zero NAT only if all required dependencies reachable via verified selected route;public mail may require paid egress,UNAPPROVED conditional design; formal fixed constraints remain source/formal-business-answer-original.md
C07,AWS,Queue outbox mail,1 queue+1 DLQ;100000 notifications/month×max5 attempts=500000 sendattempts sensitivity;3 queue operations/attempt=1.5 Moperations;SQL outbox included,1 queue+1 DLQ;1000 syntheticnotifications×5 max,operations/delivery/bytes+mailvendorfee+dataegress,U,U,workload/vendor unknown;attempt ceiling does not bound real billing if vendor semantics differ,UNAPPROVED conditional design; formal fixed constraints remain source/formal-business-answer-original.md
C08,AWS,Identity secrets keys,10000 MAU upper initialregistered-user sensitivity only;6 secrets;3 customer-managedkeys;100000 secretreads/month,100 syntheticMAU;4 secrets;2 keys;10000 reads,MAU/auth/secretversions/readops/keyversions/cryptooperations,U,U,MAU not known from registrations;externalvendorgeography/licensingU,UNAPPROVED conditional design; formal fixed constraints remain source/formal-business-answer-original.md
C09,AWS,Observability probes audit,10 GiBlogs+2 GiBaudit/month;30 dredactedlogproposed;audit retentionU;1%traces;5 journeys×2 routes×30s=876000 journeyexecutions/730h;10 metrics,2 GiBlogs+0.2 GiBaudit;5×1 route×60s for176h=52800 journeys;730h=219000,ingest+retainedGiB+query/export+metricsamples+trace/probeCPU/network,U,U,journey may have multiple provider requests;audit retention requires owner decision,UNAPPROVED conditional design; formal fixed constraints remain source/formal-business-answer-original.md
C10,AWS,Registry build scan state,1 registry 5 GiB;30 builds/month×5 min2 vCPU;30 scans;1 privatestate bucket 1 GiB+versions;CI artifacts 10 GiB,1 repository 2 GiB;22 builds×5 min;22 scans;state 0.5 GiB,storage+buildminute+scan+CIvendor+stateops/versionbytes,U,U,CIvendor/licensing unknown;private artifacts no credentials/PII,UNAPPROVED conditional design; formal fixed constraints remain source/formal-business-answer-original.md
C11,AWS,Incident and cleanup reserve,2 extra app replicas×2h;1 quarantineSQL 2 vCPU/8 GiB×24h+50 GiB;restore 20 GB;objects 100 GBtemporary×2 days;30 GiBlogs incident,1 app×2h;1 DB×8h;20 GiBretained;logs 2 GiB,actual extra runtime+storage-retention+transfer+logingest;key deletionwait U,GCP app2 replicas 2h at1 vCPU 2 GiB0.3168 USD;allotherU,U all-in incident increment,"reserve window proposal, not cleanup guarantee;retaineddisk/IP/keys/logs charge after compute stops",UNAPPROVED conditional design; formal fixed constraints remain source/formal-business-answer-original.md
C12,AWS,Regional DR option,cold:additional 100 GBobject+20 GBDBbackup Japan destination;1 dailymanifest;20 GB/monthreplication proposal;warm:1 app+1 HA DB alternative 730h,noDRdev proposed;backup isolation retained,copyGiB-month+replication+DNS/keypreparation+warm runtime+rebuildincident,U,U,optional conditional DR model;no approved scope/objective;must not omit if approved required,UNAPPROVED conditional design; formal fixed constraints remain source/formal-business-answer-original.md
C13,AWS,Tax FX invoice,list USD before conversion;JPY156.9969/USD historicalreference only;FXshock×1.2;invoice FX/tax/spreadU,sameinvoicebasis,all mandatory productionuction + dev in JPY including applicabletax;minuslabor/domain/paid human support,taxU invoice FXU,U,no generic tax multiplier or finite all-in cap bound,UNAPPROVED conditional design; formal fixed constraints remain source/formal-business-answer-original.md
C01,Azure,API compute,2 min replicas×1 vCPU/2 GiB×730h; warm alternative 4; max8 plus 2 rollout; one15m burst; extra actual replica-seconds separately,1 app×1 vCPU/1 GiB×176h or730h;max2,per vCPU second and per GiB second; provider billing mode selected once,Cloud Run instance-based USD0.000018/vCPU-s +0.000002/GiB-s; AWS Tokyo/Azure Japan East U,P2 GCP115.632 USD; P4 GCP231.264 USD; dev176h12.672 USD/dev730h52.56 USD,Cloud Run rate verified; other matching prices U,UNAPPROVED conditional design; formal fixed constraints remain source/formal-business-answer-original.md
C02,Azure,SQL primary standby,1 primary+1 HAstandby; each 2 vCPU/8 GiB proposal;50 GiB allocated;IOPS 1000 planning demand,1 non-HA1 vCPU/2 GiB;20 GiB;176h/730h if stoppable/otherwise 730h,SKU×hours+HA charging rule+storage+IO;physical replication factor provider-specific,U all providers exact regional SKU+HA+IO,U,size/HAfit/IO and dev stop semantics unverified,UNAPPROVED conditional design; formal fixed constraints remain source/formal-business-answer-original.md
C03,Azure,SQL backup PITR,"7 dPITR proposed;daily backup;≤35d oldest age;35×20 GB=700 GB conservative full-copy planning, not provider billed bytes;WAL100 GB/month sensitivity",7 dPITR proposed;2 GBsynthetic data; backup 14 GB planning,"billed backup/PITR/log GiB-month, incremental/allocated/free allowances separately, no free tier relied upon",U,U,700 GB not storage upper bound; growth/WAL/compression/provider rules differ,UNAPPROVED conditional design; formal fixed constraints remain source/formal-business-answer-original.md
C04,Azure,Image objects versions copies,100 GB live+10 GB/month;1 extra Japan backup copy 100 GB;noncurrent 100 GB proposal;200 GB outbound,10 GBsynthetic live+10 GBcopy+10 GBversions;20 GBoutbound proposal,GiB-month+ClassA/Bops+retrieval+replication+egress;GB→GiB explicitly 1024-based,U,U,version/copy usage sensitivity 1×/3×;not established upper bound,UNAPPROVED conditional design; formal fixed constraints remain source/formal-business-answer-original.md
C05,Azure,Ingress WAF CDN DNS IP,1 regional ingressLB;1 WAFpolicy 10 rules;1 CDNdistribution;1 DNSzone;1 Mchargeablequeries proposal;2 public IPv4 if selected,1 isolatedingress;1 zone;0.1 Mqueries proposal;WAFshared only if isolated rules approved,resource-hour+rule/request+GB+DNS query/IP;avoid assuming certificate free,Route 53 USD0.50 zone first 25+USD0.40/1M standardqueries;othersU,AWS DNSprod 0.90 USD/dev0.54 USD;othermetersU,only standard non-alias DNS arithmetic; selected routing/query mix U,UNAPPROVED conditional design; formal fixed constraints remain source/formal-business-answer-original.md
C06,Azure,Private network paths,2 AZprivate paths;NAT0 direct-service/private-endpoint option or2 NAT alternative;4 private endpoints proposal;interzone 20 GB/month,1 private path;2 endpoints;interzone 2 GB;NAT0 or1 alternative,gateway/address-hour+processedGB+endpoint-hour+interzone/interregionGB,U,U,zero NAT only if all required dependencies reachable via verified selected route;public mail may require paid egress,UNAPPROVED conditional design; formal fixed constraints remain source/formal-business-answer-original.md
C07,Azure,Queue outbox mail,1 queue+1 DLQ;100000 notifications/month×max5 attempts=500000 sendattempts sensitivity;3 queue operations/attempt=1.5 Moperations;SQL outbox included,1 queue+1 DLQ;1000 syntheticnotifications×5 max,operations/delivery/bytes+mailvendorfee+dataegress,U,U,workload/vendor unknown;attempt ceiling does not bound real billing if vendor semantics differ,UNAPPROVED conditional design; formal fixed constraints remain source/formal-business-answer-original.md
C08,Azure,Identity secrets keys,10000 MAU upper initialregistered-user sensitivity only;6 secrets;3 customer-managedkeys;100000 secretreads/month,100 syntheticMAU;4 secrets;2 keys;10000 reads,MAU/auth/secretversions/readops/keyversions/cryptooperations,U,U,MAU not known from registrations;externalvendorgeography/licensingU,UNAPPROVED conditional design; formal fixed constraints remain source/formal-business-answer-original.md
C09,Azure,Observability probes audit,10 GiBlogs+2 GiBaudit/month;30 dredactedlogproposed;audit retentionU;1%traces;5 journeys×2 routes×30s=876000 journeyexecutions/730h;10 metrics,2 GiBlogs+0.2 GiBaudit;5×1 route×60s for176h=52800 journeys;730h=219000,ingest+retainedGiB+query/export+metricsamples+trace/probeCPU/network,U,U,journey may have multiple provider requests;audit retention requires owner decision,UNAPPROVED conditional design; formal fixed constraints remain source/formal-business-answer-original.md
C10,Azure,Registry build scan state,1 registry 5 GiB;30 builds/month×5 min2 vCPU;30 scans;1 privatestate bucket 1 GiB+versions;CI artifacts 10 GiB,1 repository 2 GiB;22 builds×5 min;22 scans;state 0.5 GiB,storage+buildminute+scan+CIvendor+stateops/versionbytes,U,U,CIvendor/licensing unknown;private artifacts no credentials/PII,UNAPPROVED conditional design; formal fixed constraints remain source/formal-business-answer-original.md
C11,Azure,Incident and cleanup reserve,2 extra app replicas×2h;1 quarantineSQL 2 vCPU/8 GiB×24h+50 GiB;restore 20 GB;objects 100 GBtemporary×2 days;30 GiBlogs incident,1 app×2h;1 DB×8h;20 GiBretained;logs 2 GiB,actual extra runtime+storage-retention+transfer+logingest;key deletionwait U,GCP app2 replicas 2h at1 vCPU 2 GiB0.3168 USD;allotherU,U all-in incident increment,"reserve window proposal, not cleanup guarantee;retaineddisk/IP/keys/logs charge after compute stops",UNAPPROVED conditional design; formal fixed constraints remain source/formal-business-answer-original.md
C12,Azure,Regional DR option,cold:additional 100 GBobject+20 GBDBbackup Japan destination;1 dailymanifest;20 GB/monthreplication proposal;warm:1 app+1 HA DB alternative 730h,noDRdev proposed;backup isolation retained,copyGiB-month+replication+DNS/keypreparation+warm runtime+rebuildincident,U,U,optional conditional DR model;no approved scope/objective;must not omit if approved required,UNAPPROVED conditional design; formal fixed constraints remain source/formal-business-answer-original.md
C13,Azure,Tax FX invoice,list USD before conversion;JPY156.9969/USD historicalreference only;FXshock×1.2;invoice FX/tax/spreadU,sameinvoicebasis,all mandatory productionuction + dev in JPY including applicabletax;minuslabor/domain/paid human support,taxU invoice FXU,U,no generic tax multiplier or finite all-in cap bound,UNAPPROVED conditional design; formal fixed constraints remain source/formal-business-answer-original.md
C01,GCP,API compute,2 min replicas×1 vCPU/2 GiB×730h; warm alternative 4; max8 plus 2 rollout; one15m burst; extra actual replica-seconds separately,1 app×1 vCPU/1 GiB×176h or730h;max2,per vCPU second and per GiB second; provider billing mode selected once,Cloud Run instance-based USD0.000018/vCPU-s +0.000002/GiB-s; AWS Tokyo/Azure Japan East U,P2 GCP115.632 USD; P4 GCP231.264 USD; dev176h12.672 USD/dev730h52.56 USD,Cloud Run rate verified; other matching prices U,UNAPPROVED conditional design; formal fixed constraints remain source/formal-business-answer-original.md
C02,GCP,SQL primary standby,1 primary+1 HAstandby; each 2 vCPU/8 GiB proposal;50 GiB allocated;IOPS 1000 planning demand,1 non-HA1 vCPU/2 GiB;20 GiB;176h/730h if stoppable/otherwise 730h,SKU×hours+HA charging rule+storage+IO;physical replication factor provider-specific,U all providers exact regional SKU+HA+IO,U,size/HAfit/IO and dev stop semantics unverified,UNAPPROVED conditional design; formal fixed constraints remain source/formal-business-answer-original.md
C03,GCP,SQL backup PITR,"7 dPITR proposed;daily backup;≤35d oldest age;35×20 GB=700 GB conservative full-copy planning, not provider billed bytes;WAL100 GB/month sensitivity",7 dPITR proposed;2 GBsynthetic data; backup 14 GB planning,"billed backup/PITR/log GiB-month, incremental/allocated/free allowances separately, no free tier relied upon",U,U,700 GB not storage upper bound; growth/WAL/compression/provider rules differ,UNAPPROVED conditional design; formal fixed constraints remain source/formal-business-answer-original.md
C04,GCP,Image objects versions copies,100 GB live+10 GB/month;1 extra Japan backup copy 100 GB;noncurrent 100 GB proposal;200 GB outbound,10 GBsynthetic live+10 GBcopy+10 GBversions;20 GBoutbound proposal,GiB-month+ClassA/Bops+retrieval+replication+egress;GB→GiB explicitly 1024-based,U,U,version/copy usage sensitivity 1×/3×;not established upper bound,UNAPPROVED conditional design; formal fixed constraints remain source/formal-business-answer-original.md
C05,GCP,Ingress WAF CDN DNS IP,1 regional ingressLB;1 WAFpolicy 10 rules;1 CDNdistribution;1 DNSzone;1 Mchargeablequeries proposal;2 public IPv4 if selected,1 isolatedingress;1 zone;0.1 Mqueries proposal;WAFshared only if isolated rules approved,resource-hour+rule/request+GB+DNS query/IP;avoid assuming certificate free,Route 53 USD0.50 zone first 25+USD0.40/1M standardqueries;othersU,AWS DNSprod 0.90 USD/dev0.54 USD;othermetersU,only standard non-alias DNS arithmetic; selected routing/query mix U,UNAPPROVED conditional design; formal fixed constraints remain source/formal-business-answer-original.md
C06,GCP,Private network paths,2 AZprivate paths;NAT0 direct-service/private-endpoint option or2 NAT alternative;4 private endpoints proposal;interzone 20 GB/month,1 private path;2 endpoints;interzone 2 GB;NAT0 or1 alternative,gateway/address-hour+processedGB+endpoint-hour+interzone/interregionGB,U,U,zero NAT only if all required dependencies reachable via verified selected route;public mail may require paid egress,UNAPPROVED conditional design; formal fixed constraints remain source/formal-business-answer-original.md
C07,GCP,Queue outbox mail,1 queue+1 DLQ;100000 notifications/month×max5 attempts=500000 sendattempts sensitivity;3 queue operations/attempt=1.5 Moperations;SQL outbox included,1 queue+1 DLQ;1000 syntheticnotifications×5 max,operations/delivery/bytes+mailvendorfee+dataegress,U,U,workload/vendor unknown;attempt ceiling does not bound real billing if vendor semantics differ,UNAPPROVED conditional design; formal fixed constraints remain source/formal-business-answer-original.md
C08,GCP,Identity secrets keys,10000 MAU upper initialregistered-user sensitivity only;6 secrets;3 customer-managedkeys;100000 secretreads/month,100 syntheticMAU;4 secrets;2 keys;10000 reads,MAU/auth/secretversions/readops/keyversions/cryptooperations,U,U,MAU not known from registrations;externalvendorgeography/licensingU,UNAPPROVED conditional design; formal fixed constraints remain source/formal-business-answer-original.md
C09,GCP,Observability probes audit,10 GiBlogs+2 GiBaudit/month;30 dredactedlogproposed;audit retentionU;1%traces;5 journeys×2 routes×30s=876000 journeyexecutions/730h;10 metrics,2 GiBlogs+0.2 GiBaudit;5×1 route×60s for176h=52800 journeys;730h=219000,ingest+retainedGiB+query/export+metricsamples+trace/probeCPU/network,U,U,journey may have multiple provider requests;audit retention requires owner decision,UNAPPROVED conditional design; formal fixed constraints remain source/formal-business-answer-original.md
C10,GCP,Registry build scan state,1 registry 5 GiB;30 builds/month×5 min2 vCPU;30 scans;1 privatestate bucket 1 GiB+versions;CI artifacts 10 GiB,1 repository 2 GiB;22 builds×5 min;22 scans;state 0.5 GiB,storage+buildminute+scan+CIvendor+stateops/versionbytes,U,U,CIvendor/licensing unknown;private artifacts no credentials/PII,UNAPPROVED conditional design; formal fixed constraints remain source/formal-business-answer-original.md
C11,GCP,Incident and cleanup reserve,2 extra app replicas×2h;1 quarantineSQL 2 vCPU/8 GiB×24h+50 GiB;restore 20 GB;objects 100 GBtemporary×2 days;30 GiBlogs incident,1 app×2h;1 DB×8h;20 GiBretained;logs 2 GiB,actual extra runtime+storage-retention+transfer+logingest;key deletionwait U,GCP app2 replicas 2h at1 vCPU 2 GiB0.3168 USD;allotherU,U all-in incident increment,"reserve window proposal, not cleanup guarantee;retaineddisk/IP/keys/logs charge after compute stops",UNAPPROVED conditional design; formal fixed constraints remain source/formal-business-answer-original.md
C12,GCP,Regional DR option,cold:additional 100 GBobject+20 GBDBbackup Japan destination;1 dailymanifest;20 GB/monthreplication proposal;warm:1 app+1 HA DB alternative 730h,noDRdev proposed;backup isolation retained,copyGiB-month+replication+DNS/keypreparation+warm runtime+rebuildincident,U,U,optional conditional DR model;no approved scope/objective;must not omit if approved required,UNAPPROVED conditional design; formal fixed constraints remain source/formal-business-answer-original.md
C13,GCP,Tax FX invoice,list USD before conversion;JPY156.9969/USD historicalreference only;FXshock×1.2;invoice FX/tax/spreadU,sameinvoicebasis,all mandatory productionuction + dev in JPY including applicabletax;minuslabor/domain/paid human support,taxU invoice FXU,U,no generic tax multiplier or finite all-in cap bound,UNAPPROVED conditional design; formal fixed constraints remain source/formal-business-answer-original.md
