scenario,provider,region,component,meter,currency,quantity,unit_rate,formula,amount,confidence,notes
initial-production,AWS,Japan Tokyo candidate,application compute,Fargate vCPU+GB-seconds,USD,U,U,requested vCPU/GB × billed seconds × Tokyo rates,U,U,TOKYO rate not extracted; requirements do not define runtime/SKU/always-on cadence
initial-production,AWS,Japan Tokyo candidate,DB HA + storage + backup/PITR,instance-hour+GiB-month+IO,U,U,U,selected HA instance/storage/backup/IO meters,U,U,DB size/HA/PITR period and rates U
initial-production,AWS,Japan Tokyo candidate,object storage+versions,GiB-month+requests+retrieval,U,100GB initial+10GB/month live; version/request volume U,U,live+versions+requests+retention,U,U,only live capacity/growth fixed; no lifecycle/version assumptions
initial-production,AWS,Japan Tokyo candidate,image egress,GB-month,USD,200GB/month,Tokyo path-specific rate U,200GB × path rate,U,U,chargeable route/CDN/cache unknown
initial-production,AWS,Global rate example,Route 53,zone-month+queries/USD,USD,1 zone+1M queries (illustration),$0.50/zone-month+$0.40/1M queries,1×0.50+1×0.40,$0.90,illustration only,Actual mandatory quantity and linked architecture unconfirmed; not all-in floor
initial-production,AWS,Japan Tokyo candidate,network+LB+WAF+DNS/IP,instance-hour+request+GB+address,U,U,U,selected products × quantities,U,U,TLS/IP/logging/usage and price gaps
initial-production,AWS,Japan Tokyo candidate,monitoring+security+identity+mail,GB+metric+MAU+message,U,U,U,actual ingest/retention/users/messages × rates,U,U,mandatory but all quantities/SKUs U
minimum-dev,AWS,Japan Tokyo candidate,minimum independent app+DB+storage+monitoring,all applicable meters,USD,minimum env count=1 only; runtime hours/SKUs/data U,U,U,sum app/db/storage/network/security/monitoring,U,U,do not assume 176h or shared-prod or free credits
initial-production,Azure,Japan East candidate,application compute,selected container/app compute meter,USD,U,U,selected SKU × actual billed time,U,U,region/SKU/replica/cadence unselected
initial-production,Azure,Japan East candidate,DB HA + storage + backup/PITR,instance-hour+GiB-month+IO,U,U,U,selected HA SKU/storage/backup/IO,U,U,exact public Japan selector rates not extractable; fit/PITR U
initial-production,Azure,Japan East candidate,object storage+versions,GiB-month+operations,USD,100GB initial+10GB/month live; version/request volume U,U,live+versions+ops,U,U,current Japan rates unavailable
initial-production,Azure,Japan East candidate,image egress,GB-month,USD,200GB/month,route/region price U,200GB × path rate,U,U,mandatory egress amount only; pathway/cost U
initial-production,Azure,Japan East candidate,network+LB+WAF+DNS/IP,instance-hour+request+GB+address,U,U,U,selected products × quantities,U,U,not priced from auditable selector output
initial-production,Azure,Japan East candidate,monitoring+security+identity+mail,GB+metric+MAU+message,U,U,U,actual ingest/retention/users/messages × rates,U,U,mandatory but unresolved quantities/SKUs
minimum-dev,Azure,Japan East candidate,minimum independent app+DB+storage+monitoring,all applicable meters,USD,minimum env count=1 only; runtime hours/SKUs/data U,U,U,sum app/db/storage/network/security/monitoring,U,U,no hours or free credits assumed
initial-production,GCP,asia-northeast1 Tokyo candidate,Cloud Run request-only burst sensitivity,requests,USD,90,000 per 100RPS×15m event,$0.40/1M,90000/1000000×0.40,$0.036/event,rate+arithmetic verified,requests that reach Cloud Run; CPU/RAM/scaling excluded; monthly event frequency U
initial-production,GCP,asia-northeast1 Tokyo candidate,Cloud Run request-only stress sensitivity,requests,USD,900,000 per 1000RPS×15m event,$0.40/1M,900000/1000000×0.40,$0.360/event,rate+arithmetic verified,independent stress sensitivity; frequency U; CPU/RAM excluded
initial-production,GCP,asia-northeast1 Tokyo candidate,Cloud Run CPU+RAM,instance-based or request-based seconds,USD,execution time/replicas/concurrency U,$0.000018/vCPU-s+$0.000002/GiB-s (instance); request billed active rates $0.000024/vCPU-s+$0.0000025/GiB-s,quantity × one selected billing model,U,U,rate public; no demand-to-compute inference from RPS or PV
initial-production,GCP,asia-northeast1 Tokyo candidate,Cloud SQL HA + storage + backup/PITR,instance-hour+GiB-month+IO,USD,SKU/size/PITR U,U,selected regional HA SKU + storage + backup + IO,U,U,Cloud SQL public page failed fetch; conflicting D2 values quarantined; none used
initial-production,GCP,Japan/Tokyo candidate,object storage+versions,GiB-month+operations,USD,100GB initial+10GB/month live; version/request volume U,U,live+versions+ops,U,U,rate/access/retention U
initial-production,GCP,Japan/Tokyo candidate,image egress,GB-month,USD,200GB/month,charged path rate U,200GB × path rate,U,U,exact service route/egress class U
initial-production,GCP,Japan/Tokyo candidate,network+LB+WAF+DNS/IP,instance-hour+request+GB+address,U,U,U,selected products × quantities,U,U,all-in components U
initial-production,GCP,Japan/Tokyo candidate,monitoring+security+identity+mail,GB+metric+MAU+message,U,U,U,actual ingest/retention/users/messages × rates,U,U,mandatory but unresolved quantities/SKUs
minimum-dev,GCP,asia-northeast1 Tokyo candidate,minimum independent app+DB+storage+monitoring,all applicable meters,USD,minimum env count=1 only; runtime hours/SKUs/data U,U,U,sum app/db/storage/network/security/monitoring,U,U,no hours/free tier assumed; Cloud SQL & all-in totals U
all-providers,All,Japan candidate,Tax and FX conversion,invoice currency/tax/FX,U,100000 JPY tax-inclusive cap,ECB 2026-09-30 USD/JPY 156.9969 indicative,USD×156.9969; tax/seller treatment separately U,U,U,no generic tax factor or invoice FX inferred
