matrix_id,provider,role,allow_actions,resource_scope,conditions,deny,negative_evidence,status
I01-AWS,AWS,Runtime secret/key use,secretsmanager:GetSecretValue candidate U pending service source; kms:Decrypt,one role-specific secret/version; application encryption key,runtime identity only; no list/write/rotation/lifecycle administration; service-mediated encryption dependencies scoped separately,Explicit deny in scoped identity/resource/boundary policy where supported; no grants outside scope; verify inherited grants. Forbidden capabilities: runtime identity only; no list/write/rotation/lifecycle administration; service-mediated encryption dependencies scoped separately. Cross-environment and unrelated-resource access forbidden.,"Attempt cross-env access, role escalation, unrelated secret read, unauthorized object write/delete and audit erase with synthetic fixtures; capture allow/deny audit+effective policy. NOT RUN.",CONDITIONAL design; exact missing permission membership explicitly U; no IAM deployment
I01-Azure,Azure,Runtime secret/key use,Microsoft.KeyVault/vaults/secrets/getSecret/action candidate exact data-plane membership U; key decrypt capability U,one role-specific secret/version; application encryption key,runtime identity only; no list/write/rotation/lifecycle administration; service-mediated encryption dependencies scoped separately,No grants outside custom scoped allow set; remove broad inherited roles and shared keys; NotActions is not deny; managed deny assignment availability unverified. Forbidden capabilities: runtime identity only; no list/write/rotation/lifecycle administration; service-mediated encryption dependencies scoped separately. Cross-environment and unrelated-resource access forbidden.,"Attempt cross-env access, role escalation, unrelated secret read, unauthorized object write/delete and audit erase with synthetic fixtures; capture allow/deny audit+effective policy. NOT RUN.",CONDITIONAL design; exact missing permission membership explicitly U; no IAM deployment
I01-GCP,GCP,Runtime secret/key use,secretmanager.versions.access; cloudkms.cryptoKeyVersions.useToDecrypt,one role-specific secret/version; application encryption key,runtime identity only; no list/write/rotation/lifecycle administration; service-mediated encryption dependencies scoped separately,Omit all unrelated permissions; supported IAM Deny only after membership check; no inherited broad roles/impersonation. Forbidden capabilities: runtime identity only; no list/write/rotation/lifecycle administration; service-mediated encryption dependencies scoped separately. Cross-environment and unrelated-resource access forbidden.,"Attempt cross-env access, role escalation, unrelated secret read, unauthorized object write/delete and audit erase with synthetic fixtures; capture allow/deny audit+effective policy. NOT RUN.",CONDITIONAL design; exact missing permission membership explicitly U; no IAM deployment
I02-AWS,AWS,Schema migration,rds-db:connect,one production SQL migration role; reviewed schema migration only,"short-lived approved change window; SQL DDL role expires, not standing workload identity; no personal data export or restore publication","Explicit deny in scoped identity/resource/boundary policy where supported; no grants outside scope; verify inherited grants. Forbidden capabilities: short-lived approved change window; SQL DDL role expires, not standing workload identity; no personal data export or restore publication. Cross-environment and unrelated-resource access forbidden.","Attempt cross-env access, role escalation, unrelated secret read, unauthorized object write/delete and audit erase with synthetic fixtures; capture allow/deny audit+effective policy. NOT RUN.",CONDITIONAL design; exact missing permission membership explicitly U; no IAM deployment
I02-Azure,Azure,Schema migration,SQL connection via managed identity; no ARM modification,one production SQL migration role; reviewed schema migration only,"short-lived approved change window; SQL DDL role expires, not standing workload identity; no personal data export or restore publication","No grants outside custom scoped allow set; remove broad inherited roles and shared keys; NotActions is not deny; managed deny assignment availability unverified. Forbidden capabilities: short-lived approved change window; SQL DDL role expires, not standing workload identity; no personal data export or restore publication. Cross-environment and unrelated-resource access forbidden.","Attempt cross-env access, role escalation, unrelated secret read, unauthorized object write/delete and audit erase with synthetic fixtures; capture allow/deny audit+effective policy. NOT RUN.",CONDITIONAL design; exact missing permission membership explicitly U; no IAM deployment
I02-GCP,GCP,Schema migration,cloudsql.instances.connect,one production SQL migration role; reviewed schema migration only,"short-lived approved change window; SQL DDL role expires, not standing workload identity; no personal data export or restore publication","Omit all unrelated permissions; supported IAM Deny only after membership check; no inherited broad roles/impersonation. Forbidden capabilities: short-lived approved change window; SQL DDL role expires, not standing workload identity; no personal data export or restore publication. Cross-environment and unrelated-resource access forbidden.","Attempt cross-env access, role escalation, unrelated secret read, unauthorized object write/delete and audit erase with synthetic fixtures; capture allow/deny audit+effective policy. NOT RUN.",CONDITIONAL design; exact missing permission membership explicitly U; no IAM deployment
I03-AWS,AWS,Production approver,none (protected change approval only),approved deployment digest/manifest; publication approval record,different person from deploy/restore executor; cannot forge artifact/digest or expand IAM scope,Explicit deny in scoped identity/resource/boundary policy where supported; no grants outside scope; verify inherited grants. Forbidden capabilities: different person from deploy/restore executor; cannot forge artifact/digest or expand IAM scope. Cross-environment and unrelated-resource access forbidden.,"Attempt cross-env access, role escalation, unrelated secret read, unauthorized object write/delete and audit erase with synthetic fixtures; capture allow/deny audit+effective policy. NOT RUN.",CONDITIONAL design; exact missing permission membership explicitly U; no IAM deployment
I03-Azure,Azure,Production approver,none (protected change approval only),approved deployment digest/manifest; publication approval record,different person from deploy/restore executor; cannot forge artifact/digest or expand IAM scope,No grants outside custom scoped allow set; remove broad inherited roles and shared keys; NotActions is not deny; managed deny assignment availability unverified. Forbidden capabilities: different person from deploy/restore executor; cannot forge artifact/digest or expand IAM scope. Cross-environment and unrelated-resource access forbidden.,"Attempt cross-env access, role escalation, unrelated secret read, unauthorized object write/delete and audit erase with synthetic fixtures; capture allow/deny audit+effective policy. NOT RUN.",CONDITIONAL design; exact missing permission membership explicitly U; no IAM deployment
I03-GCP,GCP,Production approver,none (protected change approval only),approved deployment digest/manifest; publication approval record,different person from deploy/restore executor; cannot forge artifact/digest or expand IAM scope,Omit all unrelated permissions; supported IAM Deny only after membership check; no inherited broad roles/impersonation. Forbidden capabilities: different person from deploy/restore executor; cannot forge artifact/digest or expand IAM scope. Cross-environment and unrelated-resource access forbidden.,"Attempt cross-env access, role escalation, unrelated secret read, unauthorized object write/delete and audit erase with synthetic fixtures; capture allow/deny audit+effective policy. NOT RUN.",CONDITIONAL design; exact missing permission membership explicitly U; no IAM deployment
I04-AWS,AWS,API workload,s3:GetObject; rds-db:connect,images/public-approved only; application SQL user,"user ownership enforced in SQL/application; TLS; no object write/delete, schema DDL, key admin, IAM changes","Explicit deny in scoped identity/resource/boundary policy where supported; no grants outside scope; verify inherited grants. Forbidden capabilities: user ownership enforced in SQL/application; TLS; no object write/delete, schema DDL, key admin, IAM changes. Cross-environment and unrelated-resource access forbidden.","Attempt cross-env access, role escalation, unrelated secret read, unauthorized object write/delete and audit erase with synthetic fixtures; capture allow/deny audit+effective policy. NOT RUN.",CONDITIONAL design; exact missing permission membership explicitly U; no IAM deployment
I04-Azure,Azure,API workload,Microsoft.Storage/storageAccounts/blobServices/containers/blobs/read; SQL connection via managed identity,images/public-approved only; application SQL user,"user ownership enforced in SQL/application; TLS; no object write/delete, schema DDL, key admin, IAM changes","No grants outside custom scoped allow set; remove broad inherited roles and shared keys; NotActions is not deny; managed deny assignment availability unverified. Forbidden capabilities: user ownership enforced in SQL/application; TLS; no object write/delete, schema DDL, key admin, IAM changes. Cross-environment and unrelated-resource access forbidden.","Attempt cross-env access, role escalation, unrelated secret read, unauthorized object write/delete and audit erase with synthetic fixtures; capture allow/deny audit+effective policy. NOT RUN.",CONDITIONAL design; exact missing permission membership explicitly U; no IAM deployment
I04-GCP,GCP,API workload,storage.objects.get; cloudsql.instances.connect,images/public-approved only; application SQL user,"user ownership enforced in SQL/application; TLS; no object write/delete, schema DDL, key admin, IAM changes","Omit all unrelated permissions; supported IAM Deny only after membership check; no inherited broad roles/impersonation. Forbidden capabilities: user ownership enforced in SQL/application; TLS; no object write/delete, schema DDL, key admin, IAM changes. Cross-environment and unrelated-resource access forbidden.","Attempt cross-env access, role escalation, unrelated secret read, unauthorized object write/delete and audit erase with synthetic fixtures; capture allow/deny audit+effective policy. NOT RUN.",CONDITIONAL design; exact missing permission membership explicitly U; no IAM deployment
I05-AWS,AWS,Content administrator,s3:PutObject,approved image/content prefix; content SQL role,MFA human approval; validated image<=10 MiB proposed; no user-data export/deletion or IAM grant,Explicit deny in scoped identity/resource/boundary policy where supported; no grants outside scope; verify inherited grants. Forbidden capabilities: MFA human approval; validated image<=10 MiB proposed; no user-data export/deletion or IAM grant. Cross-environment and unrelated-resource access forbidden.,"Attempt cross-env access, role escalation, unrelated secret read, unauthorized object write/delete and audit erase with synthetic fixtures; capture allow/deny audit+effective policy. NOT RUN.",CONDITIONAL design; exact missing permission membership explicitly U; no IAM deployment
I05-Azure,Azure,Content administrator,Microsoft.Storage/storageAccounts/blobServices/containers/blobs/write,approved image/content prefix; content SQL role,MFA human approval; validated image<=10 MiB proposed; no user-data export/deletion or IAM grant,No grants outside custom scoped allow set; remove broad inherited roles and shared keys; NotActions is not deny; managed deny assignment availability unverified. Forbidden capabilities: MFA human approval; validated image<=10 MiB proposed; no user-data export/deletion or IAM grant. Cross-environment and unrelated-resource access forbidden.,"Attempt cross-env access, role escalation, unrelated secret read, unauthorized object write/delete and audit erase with synthetic fixtures; capture allow/deny audit+effective policy. NOT RUN.",CONDITIONAL design; exact missing permission membership explicitly U; no IAM deployment
I05-GCP,GCP,Content administrator,storage.objects.create,approved image/content prefix; content SQL role,MFA human approval; validated image<=10 MiB proposed; no user-data export/deletion or IAM grant,Omit all unrelated permissions; supported IAM Deny only after membership check; no inherited broad roles/impersonation. Forbidden capabilities: MFA human approval; validated image<=10 MiB proposed; no user-data export/deletion or IAM grant. Cross-environment and unrelated-resource access forbidden.,"Attempt cross-env access, role escalation, unrelated secret read, unauthorized object write/delete and audit erase with synthetic fixtures; capture allow/deny audit+effective policy. NOT RUN.",CONDITIONAL design; exact missing permission membership explicitly U; no IAM deployment
I06-AWS,AWS,Queue worker,"sqs:ReceiveMessage; sqs:DeleteMessage; sqs:ChangeMessageVisibility; exact permission catalogue/source retrieval U, candidate tokens not validated",one notification queue/DLQ; outbox table worker role,"managed identity; vendor secret only; no arbitrary SQL rows, image writes, key/IAM admin","Explicit deny in scoped identity/resource/boundary policy where supported; no grants outside scope; verify inherited grants. Forbidden capabilities: managed identity; vendor secret only; no arbitrary SQL rows, image writes, key/IAM admin. Cross-environment and unrelated-resource access forbidden.","Attempt cross-env access, role escalation, unrelated secret read, unauthorized object write/delete and audit erase with synthetic fixtures; capture allow/deny audit+effective policy. NOT RUN.",CONDITIONAL design; exact missing permission membership explicitly U; no IAM deployment
I06-Azure,Azure,Queue worker,Microsoft.ServiceBus/*/receive/action and Microsoft.ServiceBus/*/send/action (DataActions); queue-scoped role; metadata read dependency verified,one notification queue/DLQ; outbox table worker role,"managed identity; vendor secret only; no arbitrary SQL rows, image writes, key/IAM admin","No grants outside custom scoped allow set; remove broad inherited roles and shared keys; NotActions is not deny; managed deny assignment availability unverified. Forbidden capabilities: managed identity; vendor secret only; no arbitrary SQL rows, image writes, key/IAM admin. Cross-environment and unrelated-resource access forbidden.","Attempt cross-env access, role escalation, unrelated secret read, unauthorized object write/delete and audit erase with synthetic fixtures; capture allow/deny audit+effective policy. NOT RUN.",CONDITIONAL design; exact missing permission membership explicitly U; no IAM deployment
I06-GCP,GCP,Queue worker,pubsub.subscriptions.consume; pubsub.topics.publish,one notification queue/DLQ; outbox table worker role,"managed identity; vendor secret only; no arbitrary SQL rows, image writes, key/IAM admin","Omit all unrelated permissions; supported IAM Deny only after membership check; no inherited broad roles/impersonation. Forbidden capabilities: managed identity; vendor secret only; no arbitrary SQL rows, image writes, key/IAM admin. Cross-environment and unrelated-resource access forbidden.","Attempt cross-env access, role escalation, unrelated secret read, unauthorized object write/delete and audit erase with synthetic fixtures; capture allow/deny audit+effective policy. NOT RUN.",CONDITIONAL design; exact missing permission membership explicitly U; no IAM deployment
I07-AWS,AWS,Build CI,ecr:PutImage; ecr:InitiateLayerUpload; ecr:UploadLayerPart; ecr:CompleteLayerUpload candidate set U pending registry source,one registry repository; build cache,OIDC audience+repository+protected ref subject; cannot deploy production or access runtime secrets,Explicit deny in scoped identity/resource/boundary policy where supported; no grants outside scope; verify inherited grants. Forbidden capabilities: OIDC audience+repository+protected ref subject; cannot deploy production or access runtime secrets. Cross-environment and unrelated-resource access forbidden.,"Attempt cross-env access, role escalation, unrelated secret read, unauthorized object write/delete and audit erase with synthetic fixtures; capture allow/deny audit+effective policy. NOT RUN.",CONDITIONAL design; exact missing permission membership explicitly U; no IAM deployment
I07-Azure,Azure,Build CI,ACR push capability U pending registry source,one registry repository; build cache,OIDC audience+repository+protected ref subject; cannot deploy production or access runtime secrets,No grants outside custom scoped allow set; remove broad inherited roles and shared keys; NotActions is not deny; managed deny assignment availability unverified. Forbidden capabilities: OIDC audience+repository+protected ref subject; cannot deploy production or access runtime secrets. Cross-environment and unrelated-resource access forbidden.,"Attempt cross-env access, role escalation, unrelated secret read, unauthorized object write/delete and audit erase with synthetic fixtures; capture allow/deny audit+effective policy. NOT RUN.",CONDITIONAL design; exact missing permission membership explicitly U; no IAM deployment
I07-GCP,GCP,Build CI,artifactregistry.repositories.uploadArtifacts,one registry repository; build cache,OIDC audience+repository+protected ref subject; cannot deploy production or access runtime secrets,Omit all unrelated permissions; supported IAM Deny only after membership check; no inherited broad roles/impersonation. Forbidden capabilities: OIDC audience+repository+protected ref subject; cannot deploy production or access runtime secrets. Cross-environment and unrelated-resource access forbidden.,"Attempt cross-env access, role escalation, unrelated secret read, unauthorized object write/delete and audit erase with synthetic fixtures; capture allow/deny audit+effective policy. NOT RUN.",CONDITIONAL design; exact missing permission membership explicitly U; no IAM deployment
I08-AWS,AWS,Release operator,ecs:UpdateService; ecs:DescribeServices; iam:PassRole,one app service; exact approved runtime identity; immutable approved digest,"separate approver; protected environment; PassRole/actAs only runtime identity, no IAM creation/DB access; broad service update is mediated by approved pipeline manifest","Explicit deny in scoped identity/resource/boundary policy where supported; no grants outside scope; verify inherited grants. Forbidden capabilities: separate approver; protected environment; PassRole/actAs only runtime identity, no IAM creation/DB access; broad service update is mediated by approved pipeline manifest. Cross-environment and unrelated-resource access forbidden.","Attempt cross-env access, role escalation, unrelated secret read, unauthorized object write/delete and audit erase with synthetic fixtures; capture allow/deny audit+effective policy. NOT RUN.",CONDITIONAL design; exact missing permission membership explicitly U; no IAM deployment
I08-Azure,Azure,Release operator,Microsoft.App/containerApps/write; Microsoft.App/containerApps/read,one app service; exact approved runtime identity; immutable approved digest,"separate approver; protected environment; PassRole/actAs only runtime identity, no IAM creation/DB access; broad service update is mediated by approved pipeline manifest","No grants outside custom scoped allow set; remove broad inherited roles and shared keys; NotActions is not deny; managed deny assignment availability unverified. Forbidden capabilities: separate approver; protected environment; PassRole/actAs only runtime identity, no IAM creation/DB access; broad service update is mediated by approved pipeline manifest. Cross-environment and unrelated-resource access forbidden.","Attempt cross-env access, role escalation, unrelated secret read, unauthorized object write/delete and audit erase with synthetic fixtures; capture allow/deny audit+effective policy. NOT RUN.",CONDITIONAL design; exact missing permission membership explicitly U; no IAM deployment
I08-GCP,GCP,Release operator,run.services.update; run.services.get; iam.serviceAccounts.actAs,one app service; exact approved runtime identity; immutable approved digest,"separate approver; protected environment; PassRole/actAs only runtime identity, no IAM creation/DB access; broad service update is mediated by approved pipeline manifest","Omit all unrelated permissions; supported IAM Deny only after membership check; no inherited broad roles/impersonation. Forbidden capabilities: separate approver; protected environment; PassRole/actAs only runtime identity, no IAM creation/DB access; broad service update is mediated by approved pipeline manifest. Cross-environment and unrelated-resource access forbidden.","Attempt cross-env access, role escalation, unrelated secret read, unauthorized object write/delete and audit erase with synthetic fixtures; capture allow/deny audit+effective policy. NOT RUN.",CONDITIONAL design; exact missing permission membership explicitly U; no IAM deployment
I09-AWS,AWS,Platform operator,ecs:DescribeServices; ecs:UpdateService; rds:DescribeDBInstances candidate RDS capability U,application service and production DB metadata,"time-bound MFA/JIT; no role assignment, secrets read, unrestricted networking change or SQL export; desired-count and rollback manifest mediated","Explicit deny in scoped identity/resource/boundary policy where supported; no grants outside scope; verify inherited grants. Forbidden capabilities: time-bound MFA/JIT; no role assignment, secrets read, unrestricted networking change or SQL export; desired-count and rollback manifest mediated. Cross-environment and unrelated-resource access forbidden.","Attempt cross-env access, role escalation, unrelated secret read, unauthorized object write/delete and audit erase with synthetic fixtures; capture allow/deny audit+effective policy. NOT RUN.",CONDITIONAL design; exact missing permission membership explicitly U; no IAM deployment
I09-Azure,Azure,Platform operator,Microsoft.App/containerApps/read; Microsoft.App/containerApps/write; Microsoft.DBforPostgreSQL/flexibleServers/read,application service and production DB metadata,"time-bound MFA/JIT; no role assignment, secrets read, unrestricted networking change or SQL export; desired-count and rollback manifest mediated","No grants outside custom scoped allow set; remove broad inherited roles and shared keys; NotActions is not deny; managed deny assignment availability unverified. Forbidden capabilities: time-bound MFA/JIT; no role assignment, secrets read, unrestricted networking change or SQL export; desired-count and rollback manifest mediated. Cross-environment and unrelated-resource access forbidden.","Attempt cross-env access, role escalation, unrelated secret read, unauthorized object write/delete and audit erase with synthetic fixtures; capture allow/deny audit+effective policy. NOT RUN.",CONDITIONAL design; exact missing permission membership explicitly U; no IAM deployment
I09-GCP,GCP,Platform operator,run.services.get; run.services.update; cloudsql.instances.get,application service and production DB metadata,"time-bound MFA/JIT; no role assignment, secrets read, unrestricted networking change or SQL export; desired-count and rollback manifest mediated","Omit all unrelated permissions; supported IAM Deny only after membership check; no inherited broad roles/impersonation. Forbidden capabilities: time-bound MFA/JIT; no role assignment, secrets read, unrestricted networking change or SQL export; desired-count and rollback manifest mediated. Cross-environment and unrelated-resource access forbidden.","Attempt cross-env access, role escalation, unrelated secret read, unauthorized object write/delete and audit erase with synthetic fixtures; capture allow/deny audit+effective policy. NOT RUN.",CONDITIONAL design; exact missing permission membership explicitly U; no IAM deployment
I10-AWS,AWS,DB restore executor,rds:RestoreDBInstanceToPointInTime candidate capability U pending RDS action/resource source,approved source backup; new quarantine DB only,two approvals; destination policy/labels enforced outside API if action cannot distinguish request; cannot publish route or approve loss; no source deletion,Explicit deny in scoped identity/resource/boundary policy where supported; no grants outside scope; verify inherited grants. Forbidden capabilities: two approvals; destination policy/labels enforced outside API if action cannot distinguish request; cannot publish route or approve loss; no source deletion. Cross-environment and unrelated-resource access forbidden.,"Attempt cross-env access, role escalation, unrelated secret read, unauthorized object write/delete and audit erase with synthetic fixtures; capture allow/deny audit+effective policy. NOT RUN.",CONDITIONAL design; exact missing permission membership explicitly U; no IAM deployment
I10-Azure,Azure,DB restore executor,Microsoft.DBforPostgreSQL/flexibleServers/write restore capability: request mode/scope needs provider verification,approved source backup; new quarantine DB only,two approvals; destination policy/labels enforced outside API if action cannot distinguish request; cannot publish route or approve loss; no source deletion,No grants outside custom scoped allow set; remove broad inherited roles and shared keys; NotActions is not deny; managed deny assignment availability unverified. Forbidden capabilities: two approvals; destination policy/labels enforced outside API if action cannot distinguish request; cannot publish route or approve loss; no source deletion. Cross-environment and unrelated-resource access forbidden.,"Attempt cross-env access, role escalation, unrelated secret read, unauthorized object write/delete and audit erase with synthetic fixtures; capture allow/deny audit+effective policy. NOT RUN.",CONDITIONAL design; exact missing permission membership explicitly U; no IAM deployment
I10-GCP,GCP,DB restore executor,cloudsql.instances.restoreBackup; cloudsql.instances.clone,approved source backup; new quarantine DB only,two approvals; destination policy/labels enforced outside API if action cannot distinguish request; cannot publish route or approve loss; no source deletion,Omit all unrelated permissions; supported IAM Deny only after membership check; no inherited broad roles/impersonation. Forbidden capabilities: two approvals; destination policy/labels enforced outside API if action cannot distinguish request; cannot publish route or approve loss; no source deletion. Cross-environment and unrelated-resource access forbidden.,"Attempt cross-env access, role escalation, unrelated secret read, unauthorized object write/delete and audit erase with synthetic fixtures; capture allow/deny audit+effective policy. NOT RUN.",CONDITIONAL design; exact missing permission membership explicitly U; no IAM deployment
I11-AWS,AWS,Privacy steward,none (application case approval only),deletion case authorization; minimal receipts,MFA; request validity and exception review; cannot execute infrastructure deletion or read other personal profiles,Explicit deny in scoped identity/resource/boundary policy where supported; no grants outside scope; verify inherited grants. Forbidden capabilities: MFA; request validity and exception review; cannot execute infrastructure deletion or read other personal profiles. Cross-environment and unrelated-resource access forbidden.,"Attempt cross-env access, role escalation, unrelated secret read, unauthorized object write/delete and audit erase with synthetic fixtures; capture allow/deny audit+effective policy. NOT RUN.",CONDITIONAL design; exact missing permission membership explicitly U; no IAM deployment
I11-Azure,Azure,Privacy steward,none (application case approval only),deletion case authorization; minimal receipts,MFA; request validity and exception review; cannot execute infrastructure deletion or read other personal profiles,No grants outside custom scoped allow set; remove broad inherited roles and shared keys; NotActions is not deny; managed deny assignment availability unverified. Forbidden capabilities: MFA; request validity and exception review; cannot execute infrastructure deletion or read other personal profiles. Cross-environment and unrelated-resource access forbidden.,"Attempt cross-env access, role escalation, unrelated secret read, unauthorized object write/delete and audit erase with synthetic fixtures; capture allow/deny audit+effective policy. NOT RUN.",CONDITIONAL design; exact missing permission membership explicitly U; no IAM deployment
I11-GCP,GCP,Privacy steward,none (application case approval only),deletion case authorization; minimal receipts,MFA; request validity and exception review; cannot execute infrastructure deletion or read other personal profiles,Omit all unrelated permissions; supported IAM Deny only after membership check; no inherited broad roles/impersonation. Forbidden capabilities: MFA; request validity and exception review; cannot execute infrastructure deletion or read other personal profiles. Cross-environment and unrelated-resource access forbidden.,"Attempt cross-env access, role escalation, unrelated secret read, unauthorized object write/delete and audit erase with synthetic fixtures; capture allow/deny audit+effective policy. NOT RUN.",CONDITIONAL design; exact missing permission membership explicitly U; no IAM deployment
I12-AWS,AWS,Deletion executor,s3:ListBucketVersions; s3:DeleteObject; s3:DeleteObjectVersion; s3:AbortMultipartUpload candidate list/abort verification U,case-manifest exact SQL rows/objects/versions; approved auth deletion adapter,signed case allowlist; SQL delete function; no bucket/container deletion or audit deletion; object scope/version gate application-enforced when IAM lacks precision,Explicit deny in scoped identity/resource/boundary policy where supported; no grants outside scope; verify inherited grants. Forbidden capabilities: signed case allowlist; SQL delete function; no bucket/container deletion or audit deletion; object scope/version gate application-enforced when IAM lacks precision. Cross-environment and unrelated-resource access forbidden.,"Attempt cross-env access, role escalation, unrelated secret read, unauthorized object write/delete and audit erase with synthetic fixtures; capture allow/deny audit+effective policy. NOT RUN.",CONDITIONAL design; exact missing permission membership explicitly U; no IAM deployment
I12-Azure,Azure,Deletion executor,Microsoft.Storage/storageAccounts/blobServices/containers/blobs/read; Microsoft.Storage/storageAccounts/blobServices/containers/blobs/delete,case-manifest exact SQL rows/objects/versions; approved auth deletion adapter,signed case allowlist; SQL delete function; no bucket/container deletion or audit deletion; object scope/version gate application-enforced when IAM lacks precision,No grants outside custom scoped allow set; remove broad inherited roles and shared keys; NotActions is not deny; managed deny assignment availability unverified. Forbidden capabilities: signed case allowlist; SQL delete function; no bucket/container deletion or audit deletion; object scope/version gate application-enforced when IAM lacks precision. Cross-environment and unrelated-resource access forbidden.,"Attempt cross-env access, role escalation, unrelated secret read, unauthorized object write/delete and audit erase with synthetic fixtures; capture allow/deny audit+effective policy. NOT RUN.",CONDITIONAL design; exact missing permission membership explicitly U; no IAM deployment
I12-GCP,GCP,Deletion executor,storage.objects.list; storage.objects.delete,case-manifest exact SQL rows/objects/versions; approved auth deletion adapter,signed case allowlist; SQL delete function; no bucket/container deletion or audit deletion; object scope/version gate application-enforced when IAM lacks precision,Omit all unrelated permissions; supported IAM Deny only after membership check; no inherited broad roles/impersonation. Forbidden capabilities: signed case allowlist; SQL delete function; no bucket/container deletion or audit deletion; object scope/version gate application-enforced when IAM lacks precision. Cross-environment and unrelated-resource access forbidden.,"Attempt cross-env access, role escalation, unrelated secret read, unauthorized object write/delete and audit erase with synthetic fixtures; capture allow/deny audit+effective policy. NOT RUN.",CONDITIONAL design; exact missing permission membership explicitly U; no IAM deployment
I13-AWS,AWS,Key/secret administrator,kms:DisableKey; kms:ScheduleKeyDeletion; kms:CancelKeyDeletion,specified key/secret; separate from data-use identity,dual approval; short-lived elevated identity; cannot decrypt application data; destructive key lifecycle blocked until deletion proof/dependencies closed,Explicit deny in scoped identity/resource/boundary policy where supported; no grants outside scope; verify inherited grants. Forbidden capabilities: dual approval; short-lived elevated identity; cannot decrypt application data; destructive key lifecycle blocked until deletion proof/dependencies closed. Cross-environment and unrelated-resource access forbidden.,"Attempt cross-env access, role escalation, unrelated secret read, unauthorized object write/delete and audit erase with synthetic fixtures; capture allow/deny audit+effective policy. NOT RUN.",CONDITIONAL design; exact missing permission membership explicitly U; no IAM deployment
I13-Azure,Azure,Key/secret administrator,Microsoft.KeyVault/vaults/keys/delete; Microsoft.KeyVault/vaults/keys/recover/action (control/data distinction to verify),specified key/secret; separate from data-use identity,dual approval; short-lived elevated identity; cannot decrypt application data; destructive key lifecycle blocked until deletion proof/dependencies closed,No grants outside custom scoped allow set; remove broad inherited roles and shared keys; NotActions is not deny; managed deny assignment availability unverified. Forbidden capabilities: dual approval; short-lived elevated identity; cannot decrypt application data; destructive key lifecycle blocked until deletion proof/dependencies closed. Cross-environment and unrelated-resource access forbidden.,"Attempt cross-env access, role escalation, unrelated secret read, unauthorized object write/delete and audit erase with synthetic fixtures; capture allow/deny audit+effective policy. NOT RUN.",CONDITIONAL design; exact missing permission membership explicitly U; no IAM deployment
I13-GCP,GCP,Key/secret administrator,cloudkms.cryptoKeyVersions.destroy; cloudkms.cryptoKeyVersions.restore,specified key/secret; separate from data-use identity,dual approval; short-lived elevated identity; cannot decrypt application data; destructive key lifecycle blocked until deletion proof/dependencies closed,Omit all unrelated permissions; supported IAM Deny only after membership check; no inherited broad roles/impersonation. Forbidden capabilities: dual approval; short-lived elevated identity; cannot decrypt application data; destructive key lifecycle blocked until deletion proof/dependencies closed. Cross-environment and unrelated-resource access forbidden.,"Attempt cross-env access, role escalation, unrelated secret read, unauthorized object write/delete and audit erase with synthetic fixtures; capture allow/deny audit+effective policy. NOT RUN.",CONDITIONAL design; exact missing permission membership explicitly U; no IAM deployment
I14-AWS,AWS,Audit reader,logs:FilterLogEvents; cloudtrail:LookupEvents candidate U pending audit source,redacted restricted audit view only,"read-only JIT; no raw PII payload, export destination grant, log delete or retention change","Explicit deny in scoped identity/resource/boundary policy where supported; no grants outside scope; verify inherited grants. Forbidden capabilities: read-only JIT; no raw PII payload, export destination grant, log delete or retention change. Cross-environment and unrelated-resource access forbidden.","Attempt cross-env access, role escalation, unrelated secret read, unauthorized object write/delete and audit erase with synthetic fixtures; capture allow/deny audit+effective policy. NOT RUN.",CONDITIONAL design; exact missing permission membership explicitly U; no IAM deployment
I14-Azure,Azure,Audit reader,redacted Log Analytics read capability U pending monitoring source,redacted restricted audit view only,"read-only JIT; no raw PII payload, export destination grant, log delete or retention change","No grants outside custom scoped allow set; remove broad inherited roles and shared keys; NotActions is not deny; managed deny assignment availability unverified. Forbidden capabilities: read-only JIT; no raw PII payload, export destination grant, log delete or retention change. Cross-environment and unrelated-resource access forbidden.","Attempt cross-env access, role escalation, unrelated secret read, unauthorized object write/delete and audit erase with synthetic fixtures; capture allow/deny audit+effective policy. NOT RUN.",CONDITIONAL design; exact missing permission membership explicitly U; no IAM deployment
I14-GCP,GCP,Audit reader,logging.logEntries.list; logging.views.access dependency conditional to selected view,redacted restricted audit view only,"read-only JIT; no raw PII payload, export destination grant, log delete or retention change","Omit all unrelated permissions; supported IAM Deny only after membership check; no inherited broad roles/impersonation. Forbidden capabilities: read-only JIT; no raw PII payload, export destination grant, log delete or retention change. Cross-environment and unrelated-resource access forbidden.","Attempt cross-env access, role escalation, unrelated secret read, unauthorized object write/delete and audit erase with synthetic fixtures; capture allow/deny audit+effective policy. NOT RUN.",CONDITIONAL design; exact missing permission membership explicitly U; no IAM deployment
I15-AWS,AWS,Backup/replication service,s3:GetObjectVersion; s3:ReplicateObject candidate replication U pending action source,source versions and one approved Japan copy destination,"service identity, destination restriction; no policy/key administration; delete propagation needs separate explicit owner decision","Explicit deny in scoped identity/resource/boundary policy where supported; no grants outside scope; verify inherited grants. Forbidden capabilities: service identity, destination restriction; no policy/key administration; delete propagation needs separate explicit owner decision. Cross-environment and unrelated-resource access forbidden.","Attempt cross-env access, role escalation, unrelated secret read, unauthorized object write/delete and audit erase with synthetic fixtures; capture allow/deny audit+effective policy. NOT RUN.",CONDITIONAL design; exact missing permission membership explicitly U; no IAM deployment
I15-Azure,Azure,Backup/replication service,blob replication managed service capability U pending source,source versions and one approved Japan copy destination,"service identity, destination restriction; no policy/key administration; delete propagation needs separate explicit owner decision","No grants outside custom scoped allow set; remove broad inherited roles and shared keys; NotActions is not deny; managed deny assignment availability unverified. Forbidden capabilities: service identity, destination restriction; no policy/key administration; delete propagation needs separate explicit owner decision. Cross-environment and unrelated-resource access forbidden.","Attempt cross-env access, role escalation, unrelated secret read, unauthorized object write/delete and audit erase with synthetic fixtures; capture allow/deny audit+effective policy. NOT RUN.",CONDITIONAL design; exact missing permission membership explicitly U; no IAM deployment
I15-GCP,GCP,Backup/replication service,storage.objects.get; storage.objects.create,source versions and one approved Japan copy destination,"service identity, destination restriction; no policy/key administration; delete propagation needs separate explicit owner decision","Omit all unrelated permissions; supported IAM Deny only after membership check; no inherited broad roles/impersonation. Forbidden capabilities: service identity, destination restriction; no policy/key administration; delete propagation needs separate explicit owner decision. Cross-environment and unrelated-resource access forbidden.","Attempt cross-env access, role escalation, unrelated secret read, unauthorized object write/delete and audit erase with synthetic fixtures; capture allow/deny audit+effective policy. NOT RUN.",CONDITIONAL design; exact missing permission membership explicitly U; no IAM deployment
I16-AWS,AWS,Synthetic probe,none (principal HTTPS only),nonpersonal synthetic user and private probe credential,ordinary least-privilege app user; no admin/IAM/direct DB; rotate credential without copying PII,Explicit deny in scoped identity/resource/boundary policy where supported; no grants outside scope; verify inherited grants. Forbidden capabilities: ordinary least-privilege app user; no admin/IAM/direct DB; rotate credential without copying PII. Cross-environment and unrelated-resource access forbidden.,"Attempt cross-env access, role escalation, unrelated secret read, unauthorized object write/delete and audit erase with synthetic fixtures; capture allow/deny audit+effective policy. NOT RUN.",CONDITIONAL design; exact missing permission membership explicitly U; no IAM deployment
I16-Azure,Azure,Synthetic probe,none (principal HTTPS only),nonpersonal synthetic user and private probe credential,ordinary least-privilege app user; no admin/IAM/direct DB; rotate credential without copying PII,No grants outside custom scoped allow set; remove broad inherited roles and shared keys; NotActions is not deny; managed deny assignment availability unverified. Forbidden capabilities: ordinary least-privilege app user; no admin/IAM/direct DB; rotate credential without copying PII. Cross-environment and unrelated-resource access forbidden.,"Attempt cross-env access, role escalation, unrelated secret read, unauthorized object write/delete and audit erase with synthetic fixtures; capture allow/deny audit+effective policy. NOT RUN.",CONDITIONAL design; exact missing permission membership explicitly U; no IAM deployment
I16-GCP,GCP,Synthetic probe,none (principal HTTPS only),nonpersonal synthetic user and private probe credential,ordinary least-privilege app user; no admin/IAM/direct DB; rotate credential without copying PII,Omit all unrelated permissions; supported IAM Deny only after membership check; no inherited broad roles/impersonation. Forbidden capabilities: ordinary least-privilege app user; no admin/IAM/direct DB; rotate credential without copying PII. Cross-environment and unrelated-resource access forbidden.,"Attempt cross-env access, role escalation, unrelated secret read, unauthorized object write/delete and audit erase with synthetic fixtures; capture allow/deny audit+effective policy. NOT RUN.",CONDITIONAL design; exact missing permission membership explicitly U; no IAM deployment
I17-AWS,AWS,Emergency authority,approved subset of Platform/DB/Key roles only,incident-scoped app/key/restore resources,"two accountable people, MFA, proposed 60m expiry, independent audit; cannot bypass geography, approve own lost-data publication or erase proof; no active grant until named approval","Explicit deny in scoped identity/resource/boundary policy where supported; no grants outside scope; verify inherited grants. Forbidden capabilities: two accountable people, MFA, proposed 60m expiry, independent audit; cannot bypass geography, approve own lost-data publication or erase proof; no active grant until named approval. Cross-environment and unrelated-resource access forbidden.","Attempt cross-env access, role escalation, unrelated secret read, unauthorized object write/delete and audit erase with synthetic fixtures; capture allow/deny audit+effective policy. NOT RUN.",CONDITIONAL design; exact missing permission membership explicitly U; no IAM deployment
I17-Azure,Azure,Emergency authority,approved subset with PIM/JIT availability U,incident-scoped app/key/restore resources,"two accountable people, MFA, proposed 60m expiry, independent audit; cannot bypass geography, approve own lost-data publication or erase proof; no active grant until named approval","No grants outside custom scoped allow set; remove broad inherited roles and shared keys; NotActions is not deny; managed deny assignment availability unverified. Forbidden capabilities: two accountable people, MFA, proposed 60m expiry, independent audit; cannot bypass geography, approve own lost-data publication or erase proof; no active grant until named approval. Cross-environment and unrelated-resource access forbidden.","Attempt cross-env access, role escalation, unrelated secret read, unauthorized object write/delete and audit erase with synthetic fixtures; capture allow/deny audit+effective policy. NOT RUN.",CONDITIONAL design; exact missing permission membership explicitly U; no IAM deployment
I17-GCP,GCP,Emergency authority,approved subset with short-lived identity,incident-scoped app/key/restore resources,"two accountable people, MFA, proposed 60m expiry, independent audit; cannot bypass geography, approve own lost-data publication or erase proof; no active grant until named approval","Omit all unrelated permissions; supported IAM Deny only after membership check; no inherited broad roles/impersonation. Forbidden capabilities: two accountable people, MFA, proposed 60m expiry, independent audit; cannot bypass geography, approve own lost-data publication or erase proof; no active grant until named approval. Cross-environment and unrelated-resource access forbidden.","Attempt cross-env access, role escalation, unrelated secret read, unauthorized object write/delete and audit erase with synthetic fixtures; capture allow/deny audit+effective policy. NOT RUN.",CONDITIONAL design; exact missing permission membership explicitly U; no IAM deployment
