finding_id,scenario,measurable_detector_and_threshold,recovery_sequence_and_dependencies,verification_evidence,clock_and_acceptance,incremental_cost_calculation,owner_scope_unanswered
F01,Single AZ loss,"External independent probes by principal operation; record probe interval, consecutive failure threshold, route convergence, alert delivery; thresholds U until owner accepts.","Failover, route health, remaining-zone capacity, DB fencing/replica, retries/pools, DNS and probe/alert routes.","UTC timestamps for detection, alert, action, dependency readiness, first valid response and end of stable window; config/source revision; aggregate metrics and synthetic IDs only; no personal data/secrets. Capture before/after watermarks and reconciliation where data applies.","REQ-10: outage onset through 5 stable minutes <=1800s; REQ-11: confirmed-data gap <=300s; thresholds defined, no measured result.",Incremental = extra compute/standby + DB/object/queue/log/transfer/request meters + retention/quarantine + vendor fees + responder hours; quantity=measured duration×rate or bytes×rate; rates/volumes currently U.,"Failure scope, response hours, accountable primary/backup, vendor escalation, retention/location, threshold and acceptance authority remain UNANSWERED wherever not explicit in frozen requirement."
F02,DB primary process/storage failure,"DB role/health, failed transaction rate, pool wait/borrow time, endpoint/replica role; record threshold and alert delay (U).","DB fencing/promotion, endpoint refresh, pool reset/backoff, idempotent transaction/outbox reconciliation.","UTC timestamps for detection, alert, action, dependency readiness, first valid response and end of stable window; config/source revision; aggregate metrics and synthetic IDs only; no personal data/secrets. Capture before/after watermarks and reconciliation where data applies.","REQ-10: outage onset through 5 stable minutes <=1800s; REQ-11: confirmed-data gap <=300s; thresholds defined, no measured result.",Incremental = extra compute/standby + DB/object/queue/log/transfer/request meters + retention/quarantine + vendor fees + responder hours; quantity=measured duration×rate or bytes×rate; rates/volumes currently U.,"Failure scope, response hours, accountable primary/backup, vendor escalation, retention/location, threshold and acceptance authority remain UNANSWERED wherever not explicit in frozen requirement."
F03,Region unavailability/control-plane outage,Two independent external regions probe DNS and principal API; provider status/control-plane signal corroborates; threshold/decision boundary U.,"Independent alert path, region copy/key/IaC/CI credentials, quotas, DNS, restore quarantine and approved DR target.","UTC timestamps for detection, alert, action, dependency readiness, first valid response and end of stable window; config/source revision; aggregate metrics and synthetic IDs only; no personal data/secrets. Capture before/after watermarks and reconciliation where data applies.",Applicable SLO/deletion/recovery target only after scope answer; no inferred RTO/RPO and no measured evidence.,Incremental = extra compute/standby + DB/object/queue/log/transfer/request meters + retention/quarantine + vendor fees + responder hours; quantity=measured duration×rate or bytes×rate; rates/volumes currently U.,"Failure scope, response hours, accountable primary/backup, vendor escalation, retention/location, threshold and acceptance authority remain UNANSWERED wherever not explicit in frozen requirement."
F04,DNS misconfiguration,"Compare authoritative answer, multiple recursive resolvers, expected target/TLS, and external API; record TTL/propagation and alert delay (U).","Known-good zone revision, authorized rollback, registrar/provider control plane and resolver propagation.","UTC timestamps for detection, alert, action, dependency readiness, first valid response and end of stable window; config/source revision; aggregate metrics and synthetic IDs only; no personal data/secrets. Capture before/after watermarks and reconciliation where data applies.",Applicable SLO/deletion/recovery target only after scope answer; no inferred RTO/RPO and no measured evidence.,Incremental = extra compute/standby + DB/object/queue/log/transfer/request meters + retention/quarantine + vendor fees + responder hours; quantity=measured duration×rate or bytes×rate; rates/volumes currently U.,"Failure scope, response hours, accountable primary/backup, vendor escalation, retention/location, threshold and acceptance authority remain UNANSWERED wherever not explicit in frozen requirement."
F05,TLS certificate expiry/wrong name/failed renewal,Daily certificate expiry scan plus external chain/SAN/SNI handshake; renewal job state; warning lead time and alert latency U.,"Renewal challenge, key permissions, issuer/vendor, edge binding and rollback; preserve TLS validation.","UTC timestamps for detection, alert, action, dependency readiness, first valid response and end of stable window; config/source revision; aggregate metrics and synthetic IDs only; no personal data/secrets. Capture before/after watermarks and reconciliation where data applies.",Applicable SLO/deletion/recovery target only after scope answer; no inferred RTO/RPO and no measured evidence.,Incremental = extra compute/standby + DB/object/queue/log/transfer/request meters + retention/quarantine + vendor fees + responder hours; quantity=measured duration×rate or bytes×rate; rates/volumes currently U.,"Failure scope, response hours, accountable primary/backup, vendor escalation, retention/location, threshold and acceptance authority remain UNANSWERED wherever not explicit in frozen requirement."
F06,Authentication provider outage/token validation failure,Synthetic registration/login/refresh/JWKS/token validation with expired/valid synthetic identities; error/latency thresholds U.,"Vendor availability/escalation, JWKS cache policy, session revocation, authorization integrity; no unsafe fail-open.","UTC timestamps for detection, alert, action, dependency readiness, first valid response and end of stable window; config/source revision; aggregate metrics and synthetic IDs only; no personal data/secrets. Capture before/after watermarks and reconciliation where data applies.",Applicable SLO/deletion/recovery target only after scope answer; no inferred RTO/RPO and no measured evidence.,Incremental = extra compute/standby + DB/object/queue/log/transfer/request meters + retention/quarantine + vendor fees + responder hours; quantity=measured duration×rate or bytes×rate; rates/volumes currently U.,"Failure scope, response hours, accountable primary/backup, vendor escalation, retention/location, threshold and acceptance authority remain UNANSWERED wherever not explicit in frozen requirement."
F07,Mail provider outage/duplicates/delivery backlog,"Measure outbox oldest age, attempts, DLQ count, provider acceptance and delivery callback separately; numeric lag/retry caps U.","Atomic outbox, idempotency, bounded backoff, provider status reconciliation and DLQ replay.","UTC timestamps for detection, alert, action, dependency readiness, first valid response and end of stable window; config/source revision; aggregate metrics and synthetic IDs only; no personal data/secrets. Capture before/after watermarks and reconciliation where data applies.",Applicable SLO/deletion/recovery target only after scope answer; no inferred RTO/RPO and no measured evidence.,Incremental = extra compute/standby + DB/object/queue/log/transfer/request meters + retention/quarantine + vendor fees + responder hours; quantity=measured duration×rate or bytes×rate; rates/volumes currently U.,"Failure scope, response hours, accountable primary/backup, vendor escalation, retention/location, threshold and acceptance authority remain UNANSWERED wherever not explicit in frozen requirement."
F08,Accidental SQL deletion/logical corruption,Synthetic integrity invariants and deletion audit reconciliation; detection delay and anomaly thresholds U.,"Writer isolation, restore point, later-write reconciliation, deletion replay, integrity check and publication approval.","UTC timestamps for detection, alert, action, dependency readiness, first valid response and end of stable window; config/source revision; aggregate metrics and synthetic IDs only; no personal data/secrets. Capture before/after watermarks and reconciliation where data applies.",REQ-23 provisional 4h from human decision; detection separate; valid-write loss acceptance UNANSWERED.,Incremental = extra compute/standby + DB/object/queue/log/transfer/request meters + retention/quarantine + vendor fees + responder hours; quantity=measured duration×rate or bytes×rate; rates/volumes currently U.,"Failure scope, response hours, accountable primary/backup, vendor escalation, retention/location, threshold and acceptance authority remain UNANSWERED wherever not explicit in frozen requirement."
F09,Deletion work-item delay/permanent failure,"Per-copy deletion work-item age/status, missing receipt, failed attempt, reconciliation mismatch; 30-day requirement, earlier alert threshold U.","Exhaustive copy inventory, retry worker, vendor APIs, audit/ledger access, terminal-error escalation and deletion owner.","UTC timestamps for detection, alert, action, dependency readiness, first valid response and end of stable window; config/source revision; aggregate metrics and synthetic IDs only; no personal data/secrets. Capture before/after watermarks and reconciliation where data applies.","Active deletion ≤30d; backup maximum age ≤35d; distinct clocks, ledger semantics and proof remain UNANSWERED.",Incremental = extra compute/standby + DB/object/queue/log/transfer/request meters + retention/quarantine + vendor fees + responder hours; quantity=measured duration×rate or bytes×rate; rates/volumes currently U.,"Failure scope, response hours, accountable primary/backup, vendor escalation, retention/location, threshold and acceptance authority remain UNANSWERED wherever not explicit in frozen requirement."
F10,Replication lag,Compare source/destination transaction/object watermark and object inventory at fixed cadence; max lag U pending RPO and region decisions.,"Source/destination inventory, replication permission, keys, bandwidth, backlog drain and consistent watermark.","UTC timestamps for detection, alert, action, dependency readiness, first valid response and end of stable window; config/source revision; aggregate metrics and synthetic IDs only; no personal data/secrets. Capture before/after watermarks and reconciliation where data applies.",Applicable SLO/deletion/recovery target only after scope answer; no inferred RTO/RPO and no measured evidence.,Incremental = extra compute/standby + DB/object/queue/log/transfer/request meters + retention/quarantine + vendor fees + responder hours; quantity=measured duration×rate or bytes×rate; rates/volumes currently U.,"Failure scope, response hours, accountable primary/backup, vendor escalation, retention/location, threshold and acceptance authority remain UNANSWERED wherever not explicit in frozen requirement."
F11,Permanent replication failure/permissions or destination unavailable,Terminal replication permission/destination/key errors; no progress watermark and destination inventory mismatch; alert on first terminal error; cadence U.,"Destination IAM/availability, key access, repair/backfill, retained source and confirmation by full inventory.","UTC timestamps for detection, alert, action, dependency readiness, first valid response and end of stable window; config/source revision; aggregate metrics and synthetic IDs only; no personal data/secrets. Capture before/after watermarks and reconciliation where data applies.",Applicable SLO/deletion/recovery target only after scope answer; no inferred RTO/RPO and no measured evidence.,Incremental = extra compute/standby + DB/object/queue/log/transfer/request meters + retention/quarantine + vendor fees + responder hours; quantity=measured duration×rate or bytes×rate; rates/volumes currently U.,"Failure scope, response hours, accountable primary/backup, vendor escalation, retention/location, threshold and acceptance authority remain UNANSWERED wherever not explicit in frozen requirement."
F12,Current object version deletion,Current-version inventory vs deletion case; synthetic external get must deny; completion interval and propagation U.,"Version-specific delete API, replicated deletion semantics, inventory permission, cache invalidation and proof.","UTC timestamps for detection, alert, action, dependency readiness, first valid response and end of stable window; config/source revision; aggregate metrics and synthetic IDs only; no personal data/secrets. Capture before/after watermarks and reconciliation where data applies.","Active deletion ≤30d; backup maximum age ≤35d; distinct clocks, ledger semantics and proof remain UNANSWERED.",Incremental = extra compute/standby + DB/object/queue/log/transfer/request meters + retention/quarantine + vendor fees + responder hours; quantity=measured duration×rate or bytes×rate; rates/volumes currently U.,"Failure scope, response hours, accountable primary/backup, vendor escalation, retention/location, threshold and acceptance authority remain UNANSWERED wherever not explicit in frozen requirement."
F13,Noncurrent object versions retained/restored,"Enumerate noncurrent versions across source, replica and backup; synthetic restore must not resurrect deleted subject; lifecycle age U.","Version inventory, backup restore quarantine, lifecycle, replication and deletion replay.","UTC timestamps for detection, alert, action, dependency readiness, first valid response and end of stable window; config/source revision; aggregate metrics and synthetic IDs only; no personal data/secrets. Capture before/after watermarks and reconciliation where data applies.","Active deletion ≤30d; backup maximum age ≤35d; distinct clocks, ledger semantics and proof remain UNANSWERED.",Incremental = extra compute/standby + DB/object/queue/log/transfer/request meters + retention/quarantine + vendor fees + responder hours; quantity=measured duration×rate or bytes×rate; rates/volumes currently U.,"Failure scope, response hours, accountable primary/backup, vendor escalation, retention/location, threshold and acceptance authority remain UNANSWERED wherever not explicit in frozen requirement."
F14,Delete markers obscure surviving versions/replica behavior,Check delete marker plus underlying versions and replica semantics by listing all versions; any live retrievable prior version is incomplete.,"Delete-marker semantics, explicit version purge, replica state and restore process.","UTC timestamps for detection, alert, action, dependency readiness, first valid response and end of stable window; config/source revision; aggregate metrics and synthetic IDs only; no personal data/secrets. Capture before/after watermarks and reconciliation where data applies.","Active deletion ≤30d; backup maximum age ≤35d; distinct clocks, ledger semantics and proof remain UNANSWERED.",Incremental = extra compute/standby + DB/object/queue/log/transfer/request meters + retention/quarantine + vendor fees + responder hours; quantity=measured duration×rate or bytes×rate; rates/volumes currently U.,"Failure scope, response hours, accountable primary/backup, vendor escalation, retention/location, threshold and acceptance authority remain UNANSWERED wherever not explicit in frozen requirement."
F15,Incomplete multipart uploads/orphan parts,Enumerate incomplete upload IDs/part bytes/age; stale multipart count/bytes thresholds U; abort and verify absence.,"Multipart inventory/abort permission, writer quiesce, orphan parts and billing cleanup lag.","UTC timestamps for detection, alert, action, dependency readiness, first valid response and end of stable window; config/source revision; aggregate metrics and synthetic IDs only; no personal data/secrets. Capture before/after watermarks and reconciliation where data applies.","Active deletion ≤30d; backup maximum age ≤35d; distinct clocks, ledger semantics and proof remain UNANSWERED.",Incremental = extra compute/standby + DB/object/queue/log/transfer/request meters + retention/quarantine + vendor fees + responder hours; quantity=measured duration×rate or bytes×rate; rates/volumes currently U.,"Failure scope, response hours, accountable primary/backup, vendor escalation, retention/location, threshold and acceptance authority remain UNANSWERED wherever not explicit in frozen requirement."
F16,Backup coverage gap or stale/missing restore point,"Scheduled copy coverage inventory, age, restore drill success; alert on missed copy or oldest point exceeding owner-approved bound.","Backup scheduler, source consistency, storage capacity, key access, restore compute, deletion replay.","UTC timestamps for detection, alert, action, dependency readiness, first valid response and end of stable window; config/source revision; aggregate metrics and synthetic IDs only; no personal data/secrets. Capture before/after watermarks and reconciliation where data applies.",Applicable SLO/deletion/recovery target only after scope answer; no inferred RTO/RPO and no measured evidence.,Incremental = extra compute/standby + DB/object/queue/log/transfer/request meters + retention/quarantine + vendor fees + responder hours; quantity=measured duration×rate or bytes×rate; rates/volumes currently U.,"Failure scope, response hours, accountable primary/backup, vendor escalation, retention/location, threshold and acceptance authority remain UNANSWERED wherever not explicit in frozen requirement."
F17,Key scheduled deletion wait or completed key loss,Key scheduled-delete/disabled state and synthetic decrypt probe for approved recovery copy; alert before approved recovery horizon; horizon U.,"KMS policy/admin, deletion waiting period, backup decryptability and controlled key recovery; completed loss may be irreversible.","UTC timestamps for detection, alert, action, dependency readiness, first valid response and end of stable window; config/source revision; aggregate metrics and synthetic IDs only; no personal data/secrets. Capture before/after watermarks and reconciliation where data applies.",Applicable SLO/deletion/recovery target only after scope answer; no inferred RTO/RPO and no measured evidence.,Incremental = extra compute/standby + DB/object/queue/log/transfer/request meters + retention/quarantine + vendor fees + responder hours; quantity=measured duration×rate or bytes×rate; rates/volumes currently U.,"Failure scope, response hours, accountable primary/backup, vendor escalation, retention/location, threshold and acceptance authority remain UNANSWERED wherever not explicit in frozen requirement."
F18,Telemetry volume/cardinality/cost surge,"Ingest GB/day, cardinality, dropped samples, billing meter; compare to budget guardrail, which remains U until cost headroom approved.","Ingest controls, sampling/drop policy, cardinality limits, retention/export and spend alerting.","UTC timestamps for detection, alert, action, dependency readiness, first valid response and end of stable window; config/source revision; aggregate metrics and synthetic IDs only; no personal data/secrets. Capture before/after watermarks and reconciliation where data applies.",Applicable SLO/deletion/recovery target only after scope answer; no inferred RTO/RPO and no measured evidence.,Incremental = extra compute/standby + DB/object/queue/log/transfer/request meters + retention/quarantine + vendor fees + responder hours; quantity=measured duration×rate or bytes×rate; rates/volumes currently U.,"Failure scope, response hours, accountable primary/backup, vendor escalation, retention/location, threshold and acceptance authority remain UNANSWERED wherever not explicit in frozen requirement."
F19,Synthetic canary/probe absent or overload/credential failure,"Independent canary heartbeat age, credentials expiry, synthetic success/error and probe-generated load; missing heartbeat threshold U.","Independent monitoring path, credential rotation, probe account, network/DNS and rate limits.","UTC timestamps for detection, alert, action, dependency readiness, first valid response and end of stable window; config/source revision; aggregate metrics and synthetic IDs only; no personal data/secrets. Capture before/after watermarks and reconciliation where data applies.",Applicable SLO/deletion/recovery target only after scope answer; no inferred RTO/RPO and no measured evidence.,Incremental = extra compute/standby + DB/object/queue/log/transfer/request meters + retention/quarantine + vendor fees + responder hours; quantity=measured duration×rate or bytes×rate; rates/volumes currently U.,"Failure scope, response hours, accountable primary/backup, vendor escalation, retention/location, threshold and acceptance authority remain UNANSWERED wherever not explicit in frozen requirement."
F20,Sustained 1000 RPS,"Load generator achieved RPS/concurrency, API p95/error, CPU/memory, DB connections/IO, queue depth and cost meters; acceptance is target-specific; no result exists.","Load generator, representative API/data, autoscaling quotas, pool/DB capacity, telemetry and budget guardrail.","UTC timestamps for detection, alert, action, dependency readiness, first valid response and end of stable window; config/source revision; aggregate metrics and synthetic IDs only; no personal data/secrets. Capture before/after watermarks and reconciliation where data applies.",Applicable SLO/deletion/recovery target only after scope answer; no inferred RTO/RPO and no measured evidence.,Incremental = extra compute/standby + DB/object/queue/log/transfer/request meters + retention/quarantine + vendor fees + responder hours; quantity=measured duration×rate or bytes×rate; rates/volumes currently U.,"Failure scope, response hours, accountable primary/backup, vendor escalation, retention/location, threshold and acceptance authority remain UNANSWERED wherever not explicit in frozen requirement."
F21,Queue retry storm,"Retry rate, attempts per logical event, queue age/depth, DLQ, provider rejects; stop retry growth at approved ceiling (currently U).","Retry budget, idempotency, exponential backoff/jitter, DLQ, provider availability and queue capacity.","UTC timestamps for detection, alert, action, dependency readiness, first valid response and end of stable window; config/source revision; aggregate metrics and synthetic IDs only; no personal data/secrets. Capture before/after watermarks and reconciliation where data applies.",Applicable SLO/deletion/recovery target only after scope answer; no inferred RTO/RPO and no measured evidence.,Incremental = extra compute/standby + DB/object/queue/log/transfer/request meters + retention/quarantine + vendor fees + responder hours; quantity=measured duration×rate or bytes×rate; rates/volumes currently U.,"Failure scope, response hours, accountable primary/backup, vendor escalation, retention/location, threshold and acceptance authority remain UNANSWERED wherever not explicit in frozen requirement."
F22,Connection-pool exhaustion/autoscale stampede,"Pool active/wait/timeout, DB max connections, scale events and request concurrency; thresholds U; bounded queue/load shed procedure.","Pool sizing vs DB limit, max concurrency, autoscale ramp, backpressure, timeout/retry coordination.","UTC timestamps for detection, alert, action, dependency readiness, first valid response and end of stable window; config/source revision; aggregate metrics and synthetic IDs only; no personal data/secrets. Capture before/after watermarks and reconciliation where data applies.",Applicable SLO/deletion/recovery target only after scope answer; no inferred RTO/RPO and no measured evidence.,Incremental = extra compute/standby + DB/object/queue/log/transfer/request meters + retention/quarantine + vendor fees + responder hours; quantity=measured duration×rate or bytes×rate; rates/volumes currently U.,"Failure scope, response hours, accountable primary/backup, vendor escalation, retention/location, threshold and acceptance authority remain UNANSWERED wherever not explicit in frozen requirement."
F23,On-call/operator absence incl nights/weekends/leave,"Alert delivery test, roster coverage calendar, acknowledgement timer and unattended runbook result; no accepted response SLA/roster.","Automation, escalation contact/vendor response, identity access, runbook permissions and accepted coverage roster.","UTC timestamps for detection, alert, action, dependency readiness, first valid response and end of stable window; config/source revision; aggregate metrics and synthetic IDs only; no personal data/secrets. Capture before/after watermarks and reconciliation where data applies.",Applicable SLO/deletion/recovery target only after scope answer; no inferred RTO/RPO and no measured evidence.,Incremental = extra compute/standby + DB/object/queue/log/transfer/request meters + retention/quarantine + vendor fees + responder hours; quantity=measured duration×rate or bytes×rate; rates/volumes currently U.,"Failure scope, response hours, accountable primary/backup, vendor escalation, retention/location, threshold and acceptance authority remain UNANSWERED wherever not explicit in frozen requirement."
F24,Patch backlog/vulnerable image or dependency,"Image/dependency scan age, critical/high finding count, patch SLA and deployed digest; SLA/ownership U.","Build provenance, scanner, patch availability, compatibility test, staged rollout and rollback access.","UTC timestamps for detection, alert, action, dependency readiness, first valid response and end of stable window; config/source revision; aggregate metrics and synthetic IDs only; no personal data/secrets. Capture before/after watermarks and reconciliation where data applies.",Applicable SLO/deletion/recovery target only after scope answer; no inferred RTO/RPO and no measured evidence.,Incremental = extra compute/standby + DB/object/queue/log/transfer/request meters + retention/quarantine + vendor fees + responder hours; quantity=measured duration×rate or bytes×rate; rates/volumes currently U.,"Failure scope, response hours, accountable primary/backup, vendor escalation, retention/location, threshold and acceptance authority remain UNANSWERED wherever not explicit in frozen requirement."
F25,Provider/vendor feature/price/region/contract change,"Quarterly/contract notice review, SKU/region feature/price delta and API deprecation alert; review cadence and spend thresholds U.","Vendor notices, contract terms, regional availability, migration path, source rates and owner review authority.","UTC timestamps for detection, alert, action, dependency readiness, first valid response and end of stable window; config/source revision; aggregate metrics and synthetic IDs only; no personal data/secrets. Capture before/after watermarks and reconciliation where data applies.",Applicable SLO/deletion/recovery target only after scope answer; no inferred RTO/RPO and no measured evidence.,Incremental = extra compute/standby + DB/object/queue/log/transfer/request meters + retention/quarantine + vendor fees + responder hours; quantity=measured duration×rate or bytes×rate; rates/volumes currently U.,"Failure scope, response hours, accountable primary/backup, vendor escalation, retention/location, threshold and acceptance authority remain UNANSWERED wherever not explicit in frozen requirement."
