journey_id,operation,candidate_route,load_class,mix_percent,normal_expected_n,peak_expected_n,positive_assertion,negative_assertion,acceptance_scope,state
J01,registration,POST candidate account,write,1,180,900,Unique synthetic subject; one account/outbox; duplicate key returns same outcome,Existing subject/conflict; invalid input; cross-subject authorization denied,functional+planned performance; outside formal principal monthly SLO,PLANNED / NOT RUN / UNVERIFIED
J02,login,POST candidate login/token,read,10,1800,9000,Valid identity/token subject+audience+issuer; new login succeeds,Invalid/expired/revoked/wrong issuer token denied; no auth fail-open,principal monthly SLO,PLANNED / NOT RUN / UNVERIFIED
J03,content list,GET candidate content,read,30,5400,27000,Expected sorted/paginated approved items; no missing/duplicate page items,Unauthorized draft/private items absent; bad cursor denied,principal monthly SLO,PLANNED / NOT RUN / UNVERIFIED
J04,content detail,GET candidate content/id,read,25,4500,22500,Exact approved version/object reference and safe payload,Wrong/draft/unrelated item denied; no raw private object URL,principal monthly SLO,PLANNED / NOT RUN / UNVERIFIED
J05,profile read,GET candidate self/profile,read,15,2700,13500,Subject A only; immediate next read sees own committed version across replica/connection,Subject B route/id forged denied; expired token denied,principal monthly SLO,PLANNED / NOT RUN / UNVERIFIED
J06,favorites read,GET candidate self/favorites,read,10,1800,9000,Exact owned set/version; add/remove next reference correct,Subject B favorites denied; malformed cursor safe,principal monthly SLO,PLANNED / NOT RUN / UNVERIFIED
J07,profile update,PATCH candidate self/profile,write,4,720,3600,One versioned durable mutation and outbox; next read exact; stale version conflicts,Cross-subject update denied; invalid fields; repeated idempotency no duplicate,principal monthly SLO,PLANNED / NOT RUN / UNVERIFIED
J08,favorite add,POST candidate self/favorites,write,3,540,2700,Unique user/content favorite; repeated key same result; next read contains it,Cross-subject/invalid item denied; concurrent duplicate no duplicate row/event,principal monthly SLO,PLANNED / NOT RUN / UNVERIFIED
J09,favorite remove,DELETE candidate self/favorites/id,write,2,360,1800,Removed once; next read absent; repeated idempotency stable,Cross-subject remove denied; no unrelated row deletion,principal monthly SLO,PLANNED / NOT RUN / UNVERIFIED
J10,admin content/image update,PATCH/PUT candidate admin/content,separate,0,0,0,Approved admin exact content/digest; image<=10MiB conditional validation; audit,Nonadmin/forged approval/unsupported format/path denied; ordinary upload forbidden,functional+admin monitor; separately planned 1000 assertions/route,PLANNED / NOT RUN / UNVERIFIED
J11,image/static delivery,GET candidate image,separate,0,0,0,Approved bytes/hash/cache status; signed scope/TTL valid,Private/expired URL denied; withdrawn version never revived by cache,static bytes/PV separate; no user uploads,PLANNED / NOT RUN / UNVERIFIED
J12,notification outbox,transaction/worker adapter,separate,0,0,0,Atomic outbox; max5 total sends; acceptance/delivery distinct,Duplicate/ambiguous vendor outcome reconciled; optional generation suppressed safely,separate monitor; delivery completion outside API latency,PLANNED / NOT RUN / UNVERIFIED
