component_id,provider,component,production_proposed_quantity,minimum_dev_proposed_quantity,meter_equation,public_unit_price,priced_arithmetic,limitation,approval
C01,AWS,API compute,AppP2/P4x1vCPU2GiBx730h;8serving+2rolloutlogicalslots;nativephysicalexcessU;Coordinator2+Broker2x1vCPU2GiBx730h separately required,AWS0.5vCPU1GiB app176/730h;2isolatedcontrolcomponents1vCPU2GiB176/730h;exactSKUsupportquote required,per vCPU second and per GiB second; provider billing mode selected once,U exact matched provider/region/SKU/meter unless narrow capture noted,U; no all-in quote,Native max not guaranteed physical ceiling; managed zone/capacity/runtimefitU; controls included; no demand-derivedcapacity or spendbound,UNAPPROVED conditional proposal; all fixed original formal constraints preserved
C02,AWS,SQL primary standby,1 primary+1 HAstandby; each 2 vCPU/8 GiB proposal;50 GiB allocated;IOPS 1000 planning demand,1 non-HA1 vCPU/2 GiB;20 GiB;176h/730h if stoppable/otherwise 730h,SKU×hours+HA charging rule+storage+IO;physical replication factor provider-specific,U exact matched provider/region/SKU/meter unless narrow capture noted,U; no all-in quote,size/HAfit/IO and dev stop semantics unverified,UNAPPROVED conditional proposal; all fixed original formal constraints preserved
C03,AWS,SQL backup PITR,"7 dPITR proposed;daily backup;≤35d oldest age;35×20 GB=700 GB conservative full-copy planning, not provider billed bytes;WAL100 GB/month sensitivity",7 dPITR proposed;2 GBsynthetic data; backup 14 GB planning,"billed backup/PITR/log GiB-month, incremental/allocated/free allowances separately, no free tier relied upon",U exact matched provider/region/SKU/meter unless narrow capture noted,U; no all-in quote,700 GB not storage upper bound; growth/WAL/compression/provider rules differ,UNAPPROVED conditional proposal; all fixed original formal constraints preserved
C04,AWS,Image objects versions copies,100 GB live+10 GB/month;1 extra Japan backup copy 100 GB;noncurrent 100 GB proposal;200 GB outbound,10 GBsynthetic live+10 GBcopy+10 GBversions;20 GBoutbound proposal,ContractGBbasis documented; decimalGBx10^9/2^30toGiB ifapplicable;storedlive+noncurrent+copies+parts+ops+retrieval+replication+path-specificegress,U exact matched provider/region/SKU/meter unless narrow capture noted,U; no all-in quote,version/copy usage sensitivity 1×/3×;not established upper bound,UNAPPROVED conditional proposal; all fixed original formal constraints preserved
C05,AWS,Ingress WAF CDN DNS IP,1 regional ingressLB;1 WAFpolicy 10 rules;1 CDNdistribution;1 DNSzone;1 Mchargeablequeries proposal;2 public IPv4 if selected,1 isolatedingress;1 zone;0.1 Mqueries proposal;WAFshared only if isolated rules approved,resource-hour+rule/request+GB+DNS query/IP;avoid assuming certificate free,Inherited Route53first25zones0.50USD/zone-month+0.40USD/1Mstandardqueries;allothermetersU,DNSonly production0.90USD/dev0.54USD;allothermetersU,only standard non-alias DNS arithmetic; selected routing/query mix U,UNAPPROVED conditional proposal; all fixed original formal constraints preserved
C06,AWS,Private network paths,2privateAZsubnetpaths;serviceendpointinventory;NAT0 only verifiedreachability;redundantcontrolledvendoregressalternativeU,Oneisolatedsyntheticprivatepath;sameproviderfeature/effective-route proof;retainedgateway/endpoint/IP chargesU,gateway/address-hour+processedGB+endpoint-hour+interzone/interregionGB,U exact matched provider/region/SKU/meter unless narrow capture noted,U; no all-in quote,zero NAT only if all required dependencies reachable via verified selected route;public mail may require paid egress,UNAPPROVED conditional proposal; all fixed original formal constraints preserved
C07,AWS,Queue outbox mail,1 queue+1 DLQ;100000 notifications/month×max5 attempts=500000 sendattempts sensitivity;3 queue operations/attempt=1.5 Moperations;SQL outbox included,1 queue+1 DLQ;1000 syntheticnotifications×5 max,operations/delivery/bytes+mailvendorfee+dataegress,U exact matched provider/region/SKU/meter unless narrow capture noted,U; no all-in quote,"5TOTALsendsinclinitial,not5retries;vendorsemantics/MAU/messagesunknown;duplicatemessageacknotdelivery/deletion",UNAPPROVED conditional proposal; all fixed original formal constraints preserved
C08,AWS,Identity secrets keys,10000 MAU upper initialregistered-user sensitivity only;6 secrets;3 customer-managedkeys;100000 secretreads/month,100 syntheticMAU;4 secrets;2 keys;10000 reads,MAU/auth/secretversions/readops/keyversions/cryptooperations,U exact matched provider/region/SKU/meter unless narrow capture noted,U; no all-in quote,MAU not known from registrations;externalvendorgeography/licensingU,UNAPPROVED conditional proposal; all fixed original formal constraints preserved
C09,AWS,Observability probes audit,10GiBlogs+2GiBauditproposed;retentionownerU;2522definedseries/3000registrycap;5groupsx2routesx25s=1051200groups/730h;30swatermark+15mkeystate futurepolls;broker/permit/ledgeraudit included,2 GiBlogs+0.2 GiBaudit;5×1 route×60s for176h=52800 journeys;730h=219000,ingest+retainedGiB+query/export+metricsamples+trace/probeCPU/network,U exact matched provider/region/SKU/meter unless narrow capture noted,U; no all-in quote,GroupcontainsmultipleAPIcalls;vendorhistogram/staleseries/pollops/billing/retentionU;pre-ingestfilter not hardcostcap,UNAPPROVED conditional proposal; all fixed original formal constraints preserved
C10,AWS,Registry build scan state,1 registry 5 GiB;30 builds/month×5 min2 vCPU;30 scans;1 privatestate bucket 1 GiB+versions;CI artifacts 10 GiB,1 repository 2 GiB;22 builds×5 min;22 scans;state 0.5 GiB,storage+buildminute+scan+CIvendor+stateops/versionbytes,U exact matched provider/region/SKU/meter unless narrow capture noted,U; no all-in quote,CIvendor/licensing unknown;private artifacts no credentials/PII,UNAPPROVED conditional proposal; all fixed original formal constraints preserved
C11,AWS,Incident and cleanup reserve,2 extra app replicas×2h;1 quarantineSQL 2 vCPU/8 GiB×24h+50 GiB;restore 20 GB;objects 100 GBtemporary×2 days;30 GiBlogs incident,1 app×2h;1 DB×8h;20 GiBretained;logs 2 GiB,actual extra runtime+storage-retention+transfer+logingest;key deletionwait U,U exact matched provider/region/SKU/meter unless narrow capture noted,U; no all-in quote,"reserve window proposal, not cleanup guarantee;retaineddisk/IP/keys/logs charge after compute stops",UNAPPROVED conditional proposal; all fixed original formal constraints preserved
C12,AWS,Regional DR option,cold:additional 100 GBobject+20 GBDBbackup Japan destination;1 dailymanifest;20 GB/monthreplication proposal;warm:1 app+1 HA DB alternative 730h,noDRdev proposed;backup isolation retained,copyGiB-month+replication+DNS/keypreparation+warm runtime+rebuildincident,U exact matched provider/region/SKU/meter unless narrow capture noted,U; no all-in quote,optional conditional DR model;no approved scope/objective;must not omit if approved required,UNAPPROVED conditional proposal; all fixed original formal constraints preserved
C13,AWS,Tax FX invoice,OriginalUSD;156.9969historicalreferenceonly;actualinvoiceFX/tax/spread/reserveU;noheadroom,sameinvoicebasis,all mandatory productionuction + dev in JPY including applicabletax;minuslabor/domain/paid human support,U exact matched provider/region/SKU/meter unless narrow capture noted,U; no all-in quote,no generic tax multiplier or finite all-in cap bound,UNAPPROVED conditional proposal; all fixed original formal constraints preserved
C01,Azure,API compute,AppP2/P4x1vCPU2GiBx730h;8serving+2rolloutlogicalslots;nativephysicalexcessU;Coordinator2+Broker2x1vCPU2GiBx730h separately required,Azure0.5vCPU1GiBfitU app176/730h;2isolatedcontrolcomponents1vCPU2GiB176/730h;exactSKUsupportquote required,per vCPU second and per GiB second; provider billing mode selected once,U exact matched provider/region/SKU/meter unless narrow capture noted,U; no all-in quote,Native max not guaranteed physical ceiling; managed zone/capacity/runtimefitU; controls included; no demand-derivedcapacity or spendbound,UNAPPROVED conditional proposal; all fixed original formal constraints preserved
C02,Azure,SQL primary standby,1 primary+1 HAstandby; each 2 vCPU/8 GiB proposal;50 GiB allocated;IOPS 1000 planning demand,1 non-HA1 vCPU/2 GiB;20 GiB;176h/730h if stoppable/otherwise 730h,SKU×hours+HA charging rule+storage+IO;physical replication factor provider-specific,U exact matched provider/region/SKU/meter unless narrow capture noted,U; no all-in quote,size/HAfit/IO and dev stop semantics unverified,UNAPPROVED conditional proposal; all fixed original formal constraints preserved
C03,Azure,SQL backup PITR,"7 dPITR proposed;daily backup;≤35d oldest age;35×20 GB=700 GB conservative full-copy planning, not provider billed bytes;WAL100 GB/month sensitivity",7 dPITR proposed;2 GBsynthetic data; backup 14 GB planning,"billed backup/PITR/log GiB-month, incremental/allocated/free allowances separately, no free tier relied upon",U exact matched provider/region/SKU/meter unless narrow capture noted,U; no all-in quote,700 GB not storage upper bound; growth/WAL/compression/provider rules differ,UNAPPROVED conditional proposal; all fixed original formal constraints preserved
C04,Azure,Image objects versions copies,100 GB live+10 GB/month;1 extra Japan backup copy 100 GB;noncurrent 100 GB proposal;200 GB outbound,10 GBsynthetic live+10 GBcopy+10 GBversions;20 GBoutbound proposal,ContractGBbasis documented; decimalGBx10^9/2^30toGiB ifapplicable;storedlive+noncurrent+copies+parts+ops+retrieval+replication+path-specificegress,U exact matched provider/region/SKU/meter unless narrow capture noted,U; no all-in quote,version/copy usage sensitivity 1×/3×;not established upper bound,UNAPPROVED conditional proposal; all fixed original formal constraints preserved
C05,Azure,Ingress WAF CDN DNS IP,1 regional ingressLB;1 WAFpolicy 10 rules;1 CDNdistribution;1 DNSzone;1 Mchargeablequeries proposal;2 public IPv4 if selected,1 isolatedingress;1 zone;0.1 Mqueries proposal;WAFshared only if isolated rules approved,resource-hour+rule/request+GB+DNS query/IP;avoid assuming certificate free,U exact matched provider/region/SKU/meter unless narrow capture noted,U; no all-in quote,only standard non-alias DNS arithmetic; selected routing/query mix U,UNAPPROVED conditional proposal; all fixed original formal constraints preserved
C06,Azure,Private network paths,Workload-profileVNet/internalorigin;privateendpoints/DNS/UDR/approvedgateway;legacyconsumptionnot equivalentegress;featureJapanU,Oneisolatedsyntheticprivatepath;sameproviderfeature/effective-route proof;retainedgateway/endpoint/IP chargesU,gateway/address-hour+processedGB+endpoint-hour+interzone/interregionGB,U exact matched provider/region/SKU/meter unless narrow capture noted,U; no all-in quote,zero NAT only if all required dependencies reachable via verified selected route;public mail may require paid egress,UNAPPROVED conditional proposal; all fixed original formal constraints preserved
C07,Azure,Queue outbox mail,1 queue+1 DLQ;100000 notifications/month×max5 attempts=500000 sendattempts sensitivity;3 queue operations/attempt=1.5 Moperations;SQL outbox included,1 queue+1 DLQ;1000 syntheticnotifications×5 max,operations/delivery/bytes+mailvendorfee+dataegress,U exact matched provider/region/SKU/meter unless narrow capture noted,U; no all-in quote,"5TOTALsendsinclinitial,not5retries;vendorsemantics/MAU/messagesunknown;duplicatemessageacknotdelivery/deletion",UNAPPROVED conditional proposal; all fixed original formal constraints preserved
C08,Azure,Identity secrets keys,10000 MAU upper initialregistered-user sensitivity only;6 secrets;3 customer-managedkeys;100000 secretreads/month,100 syntheticMAU;4 secrets;2 keys;10000 reads,MAU/auth/secretversions/readops/keyversions/cryptooperations,U exact matched provider/region/SKU/meter unless narrow capture noted,U; no all-in quote,MAU not known from registrations;externalvendorgeography/licensingU,UNAPPROVED conditional proposal; all fixed original formal constraints preserved
C09,Azure,Observability probes audit,10GiBlogs+2GiBauditproposed;retentionownerU;2522definedseries/3000registrycap;5groupsx2routesx25s=1051200groups/730h;30swatermark+15mkeystate futurepolls;broker/permit/ledgeraudit included,2 GiBlogs+0.2 GiBaudit;5×1 route×60s for176h=52800 journeys;730h=219000,ingest+retainedGiB+query/export+metricsamples+trace/probeCPU/network,U exact matched provider/region/SKU/meter unless narrow capture noted,U; no all-in quote,GroupcontainsmultipleAPIcalls;vendorhistogram/staleseries/pollops/billing/retentionU;pre-ingestfilter not hardcostcap,UNAPPROVED conditional proposal; all fixed original formal constraints preserved
C10,Azure,Registry build scan state,1 registry 5 GiB;30 builds/month×5 min2 vCPU;30 scans;1 privatestate bucket 1 GiB+versions;CI artifacts 10 GiB,1 repository 2 GiB;22 builds×5 min;22 scans;state 0.5 GiB,storage+buildminute+scan+CIvendor+stateops/versionbytes,U exact matched provider/region/SKU/meter unless narrow capture noted,U; no all-in quote,CIvendor/licensing unknown;private artifacts no credentials/PII,UNAPPROVED conditional proposal; all fixed original formal constraints preserved
C11,Azure,Incident and cleanup reserve,2 extra app replicas×2h;1 quarantineSQL 2 vCPU/8 GiB×24h+50 GiB;restore 20 GB;objects 100 GBtemporary×2 days;30 GiBlogs incident,1 app×2h;1 DB×8h;20 GiBretained;logs 2 GiB,actual extra runtime+storage-retention+transfer+logingest;key deletionwait U,U exact matched provider/region/SKU/meter unless narrow capture noted,U; no all-in quote,"reserve window proposal, not cleanup guarantee;retaineddisk/IP/keys/logs charge after compute stops",UNAPPROVED conditional proposal; all fixed original formal constraints preserved
C12,Azure,Regional DR option,cold:additional 100 GBobject+20 GBDBbackup Japan destination;1 dailymanifest;20 GB/monthreplication proposal;warm:1 app+1 HA DB alternative 730h,noDRdev proposed;backup isolation retained,copyGiB-month+replication+DNS/keypreparation+warm runtime+rebuildincident,U exact matched provider/region/SKU/meter unless narrow capture noted,U; no all-in quote,optional conditional DR model;no approved scope/objective;must not omit if approved required,UNAPPROVED conditional proposal; all fixed original formal constraints preserved
C13,Azure,Tax FX invoice,OriginalUSD;156.9969historicalreferenceonly;actualinvoiceFX/tax/spread/reserveU;noheadroom,sameinvoicebasis,all mandatory productionuction + dev in JPY including applicabletax;minuslabor/domain/paid human support,U exact matched provider/region/SKU/meter unless narrow capture noted,U; no all-in quote,no generic tax multiplier or finite all-in cap bound,UNAPPROVED conditional proposal; all fixed original formal constraints preserved
C01,GCP,API compute,AppP2/P4x1vCPU2GiBx730h;8serving+2rolloutlogicalslots;nativephysicalexcessU;Coordinator2+Broker2x1vCPU2GiBx730h separately required,GCP1vCPU1GiB app176/730h;2isolatedcontrolcomponents1vCPU2GiB176/730h;exactSKUsupportquote required,per vCPU second and per GiB second; provider billing mode selected once,CloudRunTokyoTier1 instanceCPU0.000018USD/vCPU-s+memory0.000002USD/GiB-s;alternative requestmodel separate,Conditional compute-only P2+controls+dev176+devcontrols176=387.4464USD;P4+controls+dev730+devcontrols730=630.72USD;remainingmandatorymetersU,Native max not guaranteed physical ceiling; managed zone/capacity/runtimefitU; controls included; no demand-derivedcapacity or spendbound,UNAPPROVED conditional proposal; all fixed original formal constraints preserved
C02,GCP,SQL primary standby,1 primary+1 HAstandby; each 2 vCPU/8 GiB proposal;50 GiB allocated;IOPS 1000 planning demand,1 non-HA1 vCPU/2 GiB;20 GiB;176h/730h if stoppable/otherwise 730h,SKU×hours+HA charging rule+storage+IO;physical replication factor provider-specific,U exact matched provider/region/SKU/meter unless narrow capture noted,U; no all-in quote,size/HAfit/IO and dev stop semantics unverified,UNAPPROVED conditional proposal; all fixed original formal constraints preserved
C03,GCP,SQL backup PITR,"7 dPITR proposed;daily backup;≤35d oldest age;35×20 GB=700 GB conservative full-copy planning, not provider billed bytes;WAL100 GB/month sensitivity",7 dPITR proposed;2 GBsynthetic data; backup 14 GB planning,"billed backup/PITR/log GiB-month, incremental/allocated/free allowances separately, no free tier relied upon",U exact matched provider/region/SKU/meter unless narrow capture noted,U; no all-in quote,700 GB not storage upper bound; growth/WAL/compression/provider rules differ,UNAPPROVED conditional proposal; all fixed original formal constraints preserved
C04,GCP,Image objects versions copies,100 GB live+10 GB/month;1 extra Japan backup copy 100 GB;noncurrent 100 GB proposal;200 GB outbound,10 GBsynthetic live+10 GBcopy+10 GBversions;20 GBoutbound proposal,ContractGBbasis documented; decimalGBx10^9/2^30toGiB ifapplicable;storedlive+noncurrent+copies+parts+ops+retrieval+replication+path-specificegress,U exact matched provider/region/SKU/meter unless narrow capture noted,U; no all-in quote,version/copy usage sensitivity 1×/3×;not established upper bound,UNAPPROVED conditional proposal; all fixed original formal constraints preserved
C05,GCP,Ingress WAF CDN DNS IP,1 regional ingressLB;1 WAFpolicy 10 rules;1 CDNdistribution;1 DNSzone;1 Mchargeablequeries proposal;2 public IPv4 if selected,1 isolatedingress;1 zone;0.1 Mqueries proposal;WAFshared only if isolated rules approved,resource-hour+rule/request+GB+DNS query/IP;avoid assuming certificate free,U exact matched provider/region/SKU/meter unless narrow capture noted,U; no all-in quote,only standard non-alias DNS arithmetic; selected routing/query mix U,UNAPPROVED conditional proposal; all fixed original formal constraints preserved
C06,GCP,Private network paths,DirectVPCegress/privateSQL;alltrafficapprovedroute/vendorNATalternative;connectorfallback separatelycosted;startupdelay contingency,Oneisolatedsyntheticprivatepath;sameproviderfeature/effective-route proof;retainedgateway/endpoint/IP chargesU,gateway/address-hour+processedGB+endpoint-hour+interzone/interregionGB,U exact matched provider/region/SKU/meter unless narrow capture noted,U; no all-in quote,zero NAT only if all required dependencies reachable via verified selected route;public mail may require paid egress,UNAPPROVED conditional proposal; all fixed original formal constraints preserved
C07,GCP,Queue outbox mail,1 queue+1 DLQ;100000 notifications/month×max5 attempts=500000 sendattempts sensitivity;3 queue operations/attempt=1.5 Moperations;SQL outbox included,1 queue+1 DLQ;1000 syntheticnotifications×5 max,operations/delivery/bytes+mailvendorfee+dataegress,U exact matched provider/region/SKU/meter unless narrow capture noted,U; no all-in quote,"5TOTALsendsinclinitial,not5retries;vendorsemantics/MAU/messagesunknown;duplicatemessageacknotdelivery/deletion",UNAPPROVED conditional proposal; all fixed original formal constraints preserved
C08,GCP,Identity secrets keys,10000 MAU upper initialregistered-user sensitivity only;6 secrets;3 customer-managedkeys;100000 secretreads/month,100 syntheticMAU;4 secrets;2 keys;10000 reads,MAU/auth/secretversions/readops/keyversions/cryptooperations,U exact matched provider/region/SKU/meter unless narrow capture noted,U; no all-in quote,MAU not known from registrations;externalvendorgeography/licensingU,UNAPPROVED conditional proposal; all fixed original formal constraints preserved
C09,GCP,Observability probes audit,10GiBlogs+2GiBauditproposed;retentionownerU;2522definedseries/3000registrycap;5groupsx2routesx25s=1051200groups/730h;30swatermark+15mkeystate futurepolls;broker/permit/ledgeraudit included,2 GiBlogs+0.2 GiBaudit;5×1 route×60s for176h=52800 journeys;730h=219000,ingest+retainedGiB+query/export+metricsamples+trace/probeCPU/network,U exact matched provider/region/SKU/meter unless narrow capture noted,U; no all-in quote,GroupcontainsmultipleAPIcalls;vendorhistogram/staleseries/pollops/billing/retentionU;pre-ingestfilter not hardcostcap,UNAPPROVED conditional proposal; all fixed original formal constraints preserved
C10,GCP,Registry build scan state,1 registry 5 GiB;30 builds/month×5 min2 vCPU;30 scans;1 privatestate bucket 1 GiB+versions;CI artifacts 10 GiB,1 repository 2 GiB;22 builds×5 min;22 scans;state 0.5 GiB,storage+buildminute+scan+CIvendor+stateops/versionbytes,U exact matched provider/region/SKU/meter unless narrow capture noted,U; no all-in quote,CIvendor/licensing unknown;private artifacts no credentials/PII,UNAPPROVED conditional proposal; all fixed original formal constraints preserved
C11,GCP,Incident and cleanup reserve,2 extra app replicas×2h;1 quarantineSQL 2 vCPU/8 GiB×24h+50 GiB;restore 20 GB;objects 100 GBtemporary×2 days;30 GiBlogs incident,1 app×2h;1 DB×8h;20 GiBretained;logs 2 GiB,actual extra runtime+storage-retention+transfer+logingest;key deletionwait U,U exact matched provider/region/SKU/meter unless narrow capture noted,U; no all-in quote,"reserve window proposal, not cleanup guarantee;retaineddisk/IP/keys/logs charge after compute stops",UNAPPROVED conditional proposal; all fixed original formal constraints preserved
C12,GCP,Regional DR option,cold:additional 100 GBobject+20 GBDBbackup Japan destination;1 dailymanifest;20 GB/monthreplication proposal;warm:1 app+1 HA DB alternative 730h,noDRdev proposed;backup isolation retained,copyGiB-month+replication+DNS/keypreparation+warm runtime+rebuildincident,U exact matched provider/region/SKU/meter unless narrow capture noted,U; no all-in quote,optional conditional DR model;no approved scope/objective;must not omit if approved required,UNAPPROVED conditional proposal; all fixed original formal constraints preserved
C13,GCP,Tax FX invoice,OriginalUSD;156.9969historicalreferenceonly;actualinvoiceFX/tax/spread/reserveU;noheadroom,sameinvoicebasis,all mandatory productionuction + dev in JPY including applicabletax;minuslabor/domain/paid human support,U exact matched provider/region/SKU/meter unless narrow capture noted,U; no all-in quote,no generic tax multiplier or finite all-in cap bound,UNAPPROVED conditional proposal; all fixed original formal constraints preserved
