scenario,provider,region,component,meter,currency,quantity,unit_rate,formula,amount,confidence,notes
conditional-production-plus-minimum-dev,AWS,ap-northeast-1 Tokyo candidate,API compute,per vCPU second and per GiB second; provider billing mode selected once,USD narrowrates;invoicecurrencyU,AppP2/P4x1vCPU2GiBx730h;8serving+2rolloutlogicalslots;nativephysicalexcessU;Coordinator2+Broker2x1vCPU2GiBx730h separately required;DEV=AWS0.5vCPU1GiB app176/730h;2isolatedcontrolcomponents1vCPU2GiB176/730h;exactSKUsupportquote required,U exact matched provider/region/SKU/meter unless narrow capture noted,per vCPU second and per GiB second; provider billing mode selected once,U; no all-in quote,Narrow sourced meter/conditionalarithmetic only;mandatoryremainderU,Native max not guaranteed physical ceiling; managed zone/capacity/runtimefitU; controls included; no demand-derivedcapacity or spendbound;UNAPPROVED conditional proposal; all fixed original formal constraints preserved
conditional-production-plus-minimum-dev,AWS,ap-northeast-1 Tokyo candidate,SQL primary standby,SKU×hours+HA charging rule+storage+IO;physical replication factor provider-specific,USD narrowrates;invoicecurrencyU,1 primary+1 HAstandby; each 2 vCPU/8 GiB proposal;50 GiB allocated;IOPS 1000 planning demand;DEV=1 non-HA1 vCPU/2 GiB;20 GiB;176h/730h if stoppable/otherwise 730h,U exact matched provider/region/SKU/meter unless narrow capture noted,SKU×hours+HA charging rule+storage+IO;physical replication factor provider-specific,U; no all-in quote,Narrow sourced meter/conditionalarithmetic only;mandatoryremainderU,size/HAfit/IO and dev stop semantics unverified;UNAPPROVED conditional proposal; all fixed original formal constraints preserved
conditional-production-plus-minimum-dev,AWS,ap-northeast-1 Tokyo candidate,SQL backup PITR,"billed backup/PITR/log GiB-month, incremental/allocated/free allowances separately, no free tier relied upon",USD narrowrates;invoicecurrencyU,"7 dPITR proposed;daily backup;≤35d oldest age;35×20 GB=700 GB conservative full-copy planning, not provider billed bytes;WAL100 GB/month sensitivity;DEV=7 dPITR proposed;2 GBsynthetic data; backup 14 GB planning",U exact matched provider/region/SKU/meter unless narrow capture noted,"billed backup/PITR/log GiB-month, incremental/allocated/free allowances separately, no free tier relied upon",U; no all-in quote,Narrow sourced meter/conditionalarithmetic only;mandatoryremainderU,700 GB not storage upper bound; growth/WAL/compression/provider rules differ;UNAPPROVED conditional proposal; all fixed original formal constraints preserved
conditional-production-plus-minimum-dev,AWS,ap-northeast-1 Tokyo candidate,Image objects versions copies,ContractGBbasis documented; decimalGBx10^9/2^30toGiB ifapplicable;storedlive+noncurrent+copies+parts+ops+retrieval+replication+path-specificegress,USD narrowrates;invoicecurrencyU,100 GB live+10 GB/month;1 extra Japan backup copy 100 GB;noncurrent 100 GB proposal;200 GB outbound;DEV=10 GBsynthetic live+10 GBcopy+10 GBversions;20 GBoutbound proposal,U exact matched provider/region/SKU/meter unless narrow capture noted,ContractGBbasis documented; decimalGBx10^9/2^30toGiB ifapplicable;storedlive+noncurrent+copies+parts+ops+retrieval+replication+path-specificegress,U; no all-in quote,Narrow sourced meter/conditionalarithmetic only;mandatoryremainderU,version/copy usage sensitivity 1×/3×;not established upper bound;UNAPPROVED conditional proposal; all fixed original formal constraints preserved
conditional-production-plus-minimum-dev,AWS,ap-northeast-1 Tokyo candidate,Ingress WAF CDN DNS IP,resource-hour+rule/request+GB+DNS query/IP;avoid assuming certificate free,USD narrowrates;invoicecurrencyU,1 regional ingressLB;1 WAFpolicy 10 rules;1 CDNdistribution;1 DNSzone;1 Mchargeablequeries proposal;2 public IPv4 if selected;DEV=1 isolatedingress;1 zone;0.1 Mqueries proposal;WAFshared only if isolated rules approved,Inherited Route53first25zones0.50USD/zone-month+0.40USD/1Mstandardqueries;allothermetersU,resource-hour+rule/request+GB+DNS query/IP;avoid assuming certificate free,DNSonly production0.90USD/dev0.54USD;allothermetersU,Narrow sourced meter/conditionalarithmetic only;mandatoryremainderU,only standard non-alias DNS arithmetic; selected routing/query mix U;UNAPPROVED conditional proposal; all fixed original formal constraints preserved
conditional-production-plus-minimum-dev,AWS,ap-northeast-1 Tokyo candidate,Private network paths,gateway/address-hour+processedGB+endpoint-hour+interzone/interregionGB,USD narrowrates;invoicecurrencyU,2privateAZsubnetpaths;serviceendpointinventory;NAT0 only verifiedreachability;redundantcontrolledvendoregressalternativeU;DEV=Oneisolatedsyntheticprivatepath;sameproviderfeature/effective-route proof;retainedgateway/endpoint/IP chargesU,U exact matched provider/region/SKU/meter unless narrow capture noted,gateway/address-hour+processedGB+endpoint-hour+interzone/interregionGB,U; no all-in quote,Narrow sourced meter/conditionalarithmetic only;mandatoryremainderU,zero NAT only if all required dependencies reachable via verified selected route;public mail may require paid egress;UNAPPROVED conditional proposal; all fixed original formal constraints preserved
conditional-production-plus-minimum-dev,AWS,ap-northeast-1 Tokyo candidate,Queue outbox mail,operations/delivery/bytes+mailvendorfee+dataegress,USD narrowrates;invoicecurrencyU,1 queue+1 DLQ;100000 notifications/month×max5 attempts=500000 sendattempts sensitivity;3 queue operations/attempt=1.5 Moperations;SQL outbox included;DEV=1 queue+1 DLQ;1000 syntheticnotifications×5 max,U exact matched provider/region/SKU/meter unless narrow capture noted,operations/delivery/bytes+mailvendorfee+dataegress,U; no all-in quote,Narrow sourced meter/conditionalarithmetic only;mandatoryremainderU,"5TOTALsendsinclinitial,not5retries;vendorsemantics/MAU/messagesunknown;duplicatemessageacknotdelivery/deletion;UNAPPROVED conditional proposal; all fixed original formal constraints preserved"
conditional-production-plus-minimum-dev,AWS,ap-northeast-1 Tokyo candidate,Identity secrets keys,MAU/auth/secretversions/readops/keyversions/cryptooperations,USD narrowrates;invoicecurrencyU,10000 MAU upper initialregistered-user sensitivity only;6 secrets;3 customer-managedkeys;100000 secretreads/month;DEV=100 syntheticMAU;4 secrets;2 keys;10000 reads,U exact matched provider/region/SKU/meter unless narrow capture noted,MAU/auth/secretversions/readops/keyversions/cryptooperations,U; no all-in quote,Narrow sourced meter/conditionalarithmetic only;mandatoryremainderU,MAU not known from registrations;externalvendorgeography/licensingU;UNAPPROVED conditional proposal; all fixed original formal constraints preserved
conditional-production-plus-minimum-dev,AWS,ap-northeast-1 Tokyo candidate,Observability probes audit,ingest+retainedGiB+query/export+metricsamples+trace/probeCPU/network,USD narrowrates;invoicecurrencyU,10GiBlogs+2GiBauditproposed;retentionownerU;2522definedseries/3000registrycap;5groupsx2routesx25s=1051200groups/730h;30swatermark+15mkeystate futurepolls;broker/permit/ledgeraudit included;DEV=2 GiBlogs+0.2 GiBaudit;5×1 route×60s for176h=52800 journeys;730h=219000,U exact matched provider/region/SKU/meter unless narrow capture noted,ingest+retainedGiB+query/export+metricsamples+trace/probeCPU/network,U; no all-in quote,Narrow sourced meter/conditionalarithmetic only;mandatoryremainderU,GroupcontainsmultipleAPIcalls;vendorhistogram/staleseries/pollops/billing/retentionU;pre-ingestfilter not hardcostcap;UNAPPROVED conditional proposal; all fixed original formal constraints preserved
conditional-production-plus-minimum-dev,AWS,ap-northeast-1 Tokyo candidate,Registry build scan state,storage+buildminute+scan+CIvendor+stateops/versionbytes,USD narrowrates;invoicecurrencyU,1 registry 5 GiB;30 builds/month×5 min2 vCPU;30 scans;1 privatestate bucket 1 GiB+versions;CI artifacts 10 GiB;DEV=1 repository 2 GiB;22 builds×5 min;22 scans;state 0.5 GiB,U exact matched provider/region/SKU/meter unless narrow capture noted,storage+buildminute+scan+CIvendor+stateops/versionbytes,U; no all-in quote,Narrow sourced meter/conditionalarithmetic only;mandatoryremainderU,CIvendor/licensing unknown;private artifacts no credentials/PII;UNAPPROVED conditional proposal; all fixed original formal constraints preserved
conditional-production-plus-minimum-dev,AWS,ap-northeast-1 Tokyo candidate,Incident and cleanup reserve,actual extra runtime+storage-retention+transfer+logingest;key deletionwait U,USD narrowrates;invoicecurrencyU,2 extra app replicas×2h;1 quarantineSQL 2 vCPU/8 GiB×24h+50 GiB;restore 20 GB;objects 100 GBtemporary×2 days;30 GiBlogs incident;DEV=1 app×2h;1 DB×8h;20 GiBretained;logs 2 GiB,U exact matched provider/region/SKU/meter unless narrow capture noted,actual extra runtime+storage-retention+transfer+logingest;key deletionwait U,U; no all-in quote,Narrow sourced meter/conditionalarithmetic only;mandatoryremainderU,"reserve window proposal, not cleanup guarantee;retaineddisk/IP/keys/logs charge after compute stops;UNAPPROVED conditional proposal; all fixed original formal constraints preserved"
conditional-production-plus-minimum-dev,AWS,ap-northeast-1 Tokyo candidate,Regional DR option,copyGiB-month+replication+DNS/keypreparation+warm runtime+rebuildincident,USD narrowrates;invoicecurrencyU,cold:additional 100 GBobject+20 GBDBbackup Japan destination;1 dailymanifest;20 GB/monthreplication proposal;warm:1 app+1 HA DB alternative 730h;DEV=noDRdev proposed;backup isolation retained,U exact matched provider/region/SKU/meter unless narrow capture noted,copyGiB-month+replication+DNS/keypreparation+warm runtime+rebuildincident,U; no all-in quote,Narrow sourced meter/conditionalarithmetic only;mandatoryremainderU,optional conditional DR model;no approved scope/objective;must not omit if approved required;UNAPPROVED conditional proposal; all fixed original formal constraints preserved
conditional-production-plus-minimum-dev,AWS,ap-northeast-1 Tokyo candidate,Tax FX invoice,all mandatory productionuction + dev in JPY including applicabletax;minuslabor/domain/paid human support,USD narrowrates;invoicecurrencyU,OriginalUSD;156.9969historicalreferenceonly;actualinvoiceFX/tax/spread/reserveU;noheadroom;DEV=sameinvoicebasis,U exact matched provider/region/SKU/meter unless narrow capture noted,all mandatory productionuction + dev in JPY including applicabletax;minuslabor/domain/paid human support,U; no all-in quote,Narrow sourced meter/conditionalarithmetic only;mandatoryremainderU,no generic tax multiplier or finite all-in cap bound;UNAPPROVED conditional proposal; all fixed original formal constraints preserved
conditional-production-plus-minimum-dev,Azure,Japan East candidate,API compute,per vCPU second and per GiB second; provider billing mode selected once,USD narrowrates;invoicecurrencyU,AppP2/P4x1vCPU2GiBx730h;8serving+2rolloutlogicalslots;nativephysicalexcessU;Coordinator2+Broker2x1vCPU2GiBx730h separately required;DEV=Azure0.5vCPU1GiBfitU app176/730h;2isolatedcontrolcomponents1vCPU2GiB176/730h;exactSKUsupportquote required,U exact matched provider/region/SKU/meter unless narrow capture noted,per vCPU second and per GiB second; provider billing mode selected once,U; no all-in quote,Narrow sourced meter/conditionalarithmetic only;mandatoryremainderU,Native max not guaranteed physical ceiling; managed zone/capacity/runtimefitU; controls included; no demand-derivedcapacity or spendbound;UNAPPROVED conditional proposal; all fixed original formal constraints preserved
conditional-production-plus-minimum-dev,Azure,Japan East candidate,SQL primary standby,SKU×hours+HA charging rule+storage+IO;physical replication factor provider-specific,USD narrowrates;invoicecurrencyU,1 primary+1 HAstandby; each 2 vCPU/8 GiB proposal;50 GiB allocated;IOPS 1000 planning demand;DEV=1 non-HA1 vCPU/2 GiB;20 GiB;176h/730h if stoppable/otherwise 730h,U exact matched provider/region/SKU/meter unless narrow capture noted,SKU×hours+HA charging rule+storage+IO;physical replication factor provider-specific,U; no all-in quote,Narrow sourced meter/conditionalarithmetic only;mandatoryremainderU,size/HAfit/IO and dev stop semantics unverified;UNAPPROVED conditional proposal; all fixed original formal constraints preserved
conditional-production-plus-minimum-dev,Azure,Japan East candidate,SQL backup PITR,"billed backup/PITR/log GiB-month, incremental/allocated/free allowances separately, no free tier relied upon",USD narrowrates;invoicecurrencyU,"7 dPITR proposed;daily backup;≤35d oldest age;35×20 GB=700 GB conservative full-copy planning, not provider billed bytes;WAL100 GB/month sensitivity;DEV=7 dPITR proposed;2 GBsynthetic data; backup 14 GB planning",U exact matched provider/region/SKU/meter unless narrow capture noted,"billed backup/PITR/log GiB-month, incremental/allocated/free allowances separately, no free tier relied upon",U; no all-in quote,Narrow sourced meter/conditionalarithmetic only;mandatoryremainderU,700 GB not storage upper bound; growth/WAL/compression/provider rules differ;UNAPPROVED conditional proposal; all fixed original formal constraints preserved
conditional-production-plus-minimum-dev,Azure,Japan East candidate,Image objects versions copies,ContractGBbasis documented; decimalGBx10^9/2^30toGiB ifapplicable;storedlive+noncurrent+copies+parts+ops+retrieval+replication+path-specificegress,USD narrowrates;invoicecurrencyU,100 GB live+10 GB/month;1 extra Japan backup copy 100 GB;noncurrent 100 GB proposal;200 GB outbound;DEV=10 GBsynthetic live+10 GBcopy+10 GBversions;20 GBoutbound proposal,U exact matched provider/region/SKU/meter unless narrow capture noted,ContractGBbasis documented; decimalGBx10^9/2^30toGiB ifapplicable;storedlive+noncurrent+copies+parts+ops+retrieval+replication+path-specificegress,U; no all-in quote,Narrow sourced meter/conditionalarithmetic only;mandatoryremainderU,version/copy usage sensitivity 1×/3×;not established upper bound;UNAPPROVED conditional proposal; all fixed original formal constraints preserved
conditional-production-plus-minimum-dev,Azure,Japan East candidate,Ingress WAF CDN DNS IP,resource-hour+rule/request+GB+DNS query/IP;avoid assuming certificate free,USD narrowrates;invoicecurrencyU,1 regional ingressLB;1 WAFpolicy 10 rules;1 CDNdistribution;1 DNSzone;1 Mchargeablequeries proposal;2 public IPv4 if selected;DEV=1 isolatedingress;1 zone;0.1 Mqueries proposal;WAFshared only if isolated rules approved,U exact matched provider/region/SKU/meter unless narrow capture noted,resource-hour+rule/request+GB+DNS query/IP;avoid assuming certificate free,U; no all-in quote,Narrow sourced meter/conditionalarithmetic only;mandatoryremainderU,only standard non-alias DNS arithmetic; selected routing/query mix U;UNAPPROVED conditional proposal; all fixed original formal constraints preserved
conditional-production-plus-minimum-dev,Azure,Japan East candidate,Private network paths,gateway/address-hour+processedGB+endpoint-hour+interzone/interregionGB,USD narrowrates;invoicecurrencyU,Workload-profileVNet/internalorigin;privateendpoints/DNS/UDR/approvedgateway;legacyconsumptionnot equivalentegress;featureJapanU;DEV=Oneisolatedsyntheticprivatepath;sameproviderfeature/effective-route proof;retainedgateway/endpoint/IP chargesU,U exact matched provider/region/SKU/meter unless narrow capture noted,gateway/address-hour+processedGB+endpoint-hour+interzone/interregionGB,U; no all-in quote,Narrow sourced meter/conditionalarithmetic only;mandatoryremainderU,zero NAT only if all required dependencies reachable via verified selected route;public mail may require paid egress;UNAPPROVED conditional proposal; all fixed original formal constraints preserved
conditional-production-plus-minimum-dev,Azure,Japan East candidate,Queue outbox mail,operations/delivery/bytes+mailvendorfee+dataegress,USD narrowrates;invoicecurrencyU,1 queue+1 DLQ;100000 notifications/month×max5 attempts=500000 sendattempts sensitivity;3 queue operations/attempt=1.5 Moperations;SQL outbox included;DEV=1 queue+1 DLQ;1000 syntheticnotifications×5 max,U exact matched provider/region/SKU/meter unless narrow capture noted,operations/delivery/bytes+mailvendorfee+dataegress,U; no all-in quote,Narrow sourced meter/conditionalarithmetic only;mandatoryremainderU,"5TOTALsendsinclinitial,not5retries;vendorsemantics/MAU/messagesunknown;duplicatemessageacknotdelivery/deletion;UNAPPROVED conditional proposal; all fixed original formal constraints preserved"
conditional-production-plus-minimum-dev,Azure,Japan East candidate,Identity secrets keys,MAU/auth/secretversions/readops/keyversions/cryptooperations,USD narrowrates;invoicecurrencyU,10000 MAU upper initialregistered-user sensitivity only;6 secrets;3 customer-managedkeys;100000 secretreads/month;DEV=100 syntheticMAU;4 secrets;2 keys;10000 reads,U exact matched provider/region/SKU/meter unless narrow capture noted,MAU/auth/secretversions/readops/keyversions/cryptooperations,U; no all-in quote,Narrow sourced meter/conditionalarithmetic only;mandatoryremainderU,MAU not known from registrations;externalvendorgeography/licensingU;UNAPPROVED conditional proposal; all fixed original formal constraints preserved
conditional-production-plus-minimum-dev,Azure,Japan East candidate,Observability probes audit,ingest+retainedGiB+query/export+metricsamples+trace/probeCPU/network,USD narrowrates;invoicecurrencyU,10GiBlogs+2GiBauditproposed;retentionownerU;2522definedseries/3000registrycap;5groupsx2routesx25s=1051200groups/730h;30swatermark+15mkeystate futurepolls;broker/permit/ledgeraudit included;DEV=2 GiBlogs+0.2 GiBaudit;5×1 route×60s for176h=52800 journeys;730h=219000,U exact matched provider/region/SKU/meter unless narrow capture noted,ingest+retainedGiB+query/export+metricsamples+trace/probeCPU/network,U; no all-in quote,Narrow sourced meter/conditionalarithmetic only;mandatoryremainderU,GroupcontainsmultipleAPIcalls;vendorhistogram/staleseries/pollops/billing/retentionU;pre-ingestfilter not hardcostcap;UNAPPROVED conditional proposal; all fixed original formal constraints preserved
conditional-production-plus-minimum-dev,Azure,Japan East candidate,Registry build scan state,storage+buildminute+scan+CIvendor+stateops/versionbytes,USD narrowrates;invoicecurrencyU,1 registry 5 GiB;30 builds/month×5 min2 vCPU;30 scans;1 privatestate bucket 1 GiB+versions;CI artifacts 10 GiB;DEV=1 repository 2 GiB;22 builds×5 min;22 scans;state 0.5 GiB,U exact matched provider/region/SKU/meter unless narrow capture noted,storage+buildminute+scan+CIvendor+stateops/versionbytes,U; no all-in quote,Narrow sourced meter/conditionalarithmetic only;mandatoryremainderU,CIvendor/licensing unknown;private artifacts no credentials/PII;UNAPPROVED conditional proposal; all fixed original formal constraints preserved
conditional-production-plus-minimum-dev,Azure,Japan East candidate,Incident and cleanup reserve,actual extra runtime+storage-retention+transfer+logingest;key deletionwait U,USD narrowrates;invoicecurrencyU,2 extra app replicas×2h;1 quarantineSQL 2 vCPU/8 GiB×24h+50 GiB;restore 20 GB;objects 100 GBtemporary×2 days;30 GiBlogs incident;DEV=1 app×2h;1 DB×8h;20 GiBretained;logs 2 GiB,U exact matched provider/region/SKU/meter unless narrow capture noted,actual extra runtime+storage-retention+transfer+logingest;key deletionwait U,U; no all-in quote,Narrow sourced meter/conditionalarithmetic only;mandatoryremainderU,"reserve window proposal, not cleanup guarantee;retaineddisk/IP/keys/logs charge after compute stops;UNAPPROVED conditional proposal; all fixed original formal constraints preserved"
conditional-production-plus-minimum-dev,Azure,Japan East candidate,Regional DR option,copyGiB-month+replication+DNS/keypreparation+warm runtime+rebuildincident,USD narrowrates;invoicecurrencyU,cold:additional 100 GBobject+20 GBDBbackup Japan destination;1 dailymanifest;20 GB/monthreplication proposal;warm:1 app+1 HA DB alternative 730h;DEV=noDRdev proposed;backup isolation retained,U exact matched provider/region/SKU/meter unless narrow capture noted,copyGiB-month+replication+DNS/keypreparation+warm runtime+rebuildincident,U; no all-in quote,Narrow sourced meter/conditionalarithmetic only;mandatoryremainderU,optional conditional DR model;no approved scope/objective;must not omit if approved required;UNAPPROVED conditional proposal; all fixed original formal constraints preserved
conditional-production-plus-minimum-dev,Azure,Japan East candidate,Tax FX invoice,all mandatory productionuction + dev in JPY including applicabletax;minuslabor/domain/paid human support,USD narrowrates;invoicecurrencyU,OriginalUSD;156.9969historicalreferenceonly;actualinvoiceFX/tax/spread/reserveU;noheadroom;DEV=sameinvoicebasis,U exact matched provider/region/SKU/meter unless narrow capture noted,all mandatory productionuction + dev in JPY including applicabletax;minuslabor/domain/paid human support,U; no all-in quote,Narrow sourced meter/conditionalarithmetic only;mandatoryremainderU,no generic tax multiplier or finite all-in cap bound;UNAPPROVED conditional proposal; all fixed original formal constraints preserved
conditional-production-plus-minimum-dev,GCP,asia-northeast1 Tokyo candidate,API compute,per vCPU second and per GiB second; provider billing mode selected once,USD narrowrates;invoicecurrencyU,AppP2/P4x1vCPU2GiBx730h;8serving+2rolloutlogicalslots;nativephysicalexcessU;Coordinator2+Broker2x1vCPU2GiBx730h separately required;DEV=GCP1vCPU1GiB app176/730h;2isolatedcontrolcomponents1vCPU2GiB176/730h;exactSKUsupportquote required,CloudRunTokyoTier1 instanceCPU0.000018USD/vCPU-s+memory0.000002USD/GiB-s;alternative requestmodel separate,per vCPU second and per GiB second; provider billing mode selected once,Conditional compute-only P2+controls+dev176+devcontrols176=387.4464USD;P4+controls+dev730+devcontrols730=630.72USD;remainingmandatorymetersU,Narrow sourced meter/conditionalarithmetic only;mandatoryremainderU,Native max not guaranteed physical ceiling; managed zone/capacity/runtimefitU; controls included; no demand-derivedcapacity or spendbound;UNAPPROVED conditional proposal; all fixed original formal constraints preserved
conditional-production-plus-minimum-dev,GCP,asia-northeast1 Tokyo candidate,SQL primary standby,SKU×hours+HA charging rule+storage+IO;physical replication factor provider-specific,USD narrowrates;invoicecurrencyU,1 primary+1 HAstandby; each 2 vCPU/8 GiB proposal;50 GiB allocated;IOPS 1000 planning demand;DEV=1 non-HA1 vCPU/2 GiB;20 GiB;176h/730h if stoppable/otherwise 730h,U exact matched provider/region/SKU/meter unless narrow capture noted,SKU×hours+HA charging rule+storage+IO;physical replication factor provider-specific,U; no all-in quote,Narrow sourced meter/conditionalarithmetic only;mandatoryremainderU,size/HAfit/IO and dev stop semantics unverified;UNAPPROVED conditional proposal; all fixed original formal constraints preserved
conditional-production-plus-minimum-dev,GCP,asia-northeast1 Tokyo candidate,SQL backup PITR,"billed backup/PITR/log GiB-month, incremental/allocated/free allowances separately, no free tier relied upon",USD narrowrates;invoicecurrencyU,"7 dPITR proposed;daily backup;≤35d oldest age;35×20 GB=700 GB conservative full-copy planning, not provider billed bytes;WAL100 GB/month sensitivity;DEV=7 dPITR proposed;2 GBsynthetic data; backup 14 GB planning",U exact matched provider/region/SKU/meter unless narrow capture noted,"billed backup/PITR/log GiB-month, incremental/allocated/free allowances separately, no free tier relied upon",U; no all-in quote,Narrow sourced meter/conditionalarithmetic only;mandatoryremainderU,700 GB not storage upper bound; growth/WAL/compression/provider rules differ;UNAPPROVED conditional proposal; all fixed original formal constraints preserved
conditional-production-plus-minimum-dev,GCP,asia-northeast1 Tokyo candidate,Image objects versions copies,ContractGBbasis documented; decimalGBx10^9/2^30toGiB ifapplicable;storedlive+noncurrent+copies+parts+ops+retrieval+replication+path-specificegress,USD narrowrates;invoicecurrencyU,100 GB live+10 GB/month;1 extra Japan backup copy 100 GB;noncurrent 100 GB proposal;200 GB outbound;DEV=10 GBsynthetic live+10 GBcopy+10 GBversions;20 GBoutbound proposal,U exact matched provider/region/SKU/meter unless narrow capture noted,ContractGBbasis documented; decimalGBx10^9/2^30toGiB ifapplicable;storedlive+noncurrent+copies+parts+ops+retrieval+replication+path-specificegress,U; no all-in quote,Narrow sourced meter/conditionalarithmetic only;mandatoryremainderU,version/copy usage sensitivity 1×/3×;not established upper bound;UNAPPROVED conditional proposal; all fixed original formal constraints preserved
conditional-production-plus-minimum-dev,GCP,asia-northeast1 Tokyo candidate,Ingress WAF CDN DNS IP,resource-hour+rule/request+GB+DNS query/IP;avoid assuming certificate free,USD narrowrates;invoicecurrencyU,1 regional ingressLB;1 WAFpolicy 10 rules;1 CDNdistribution;1 DNSzone;1 Mchargeablequeries proposal;2 public IPv4 if selected;DEV=1 isolatedingress;1 zone;0.1 Mqueries proposal;WAFshared only if isolated rules approved,U exact matched provider/region/SKU/meter unless narrow capture noted,resource-hour+rule/request+GB+DNS query/IP;avoid assuming certificate free,U; no all-in quote,Narrow sourced meter/conditionalarithmetic only;mandatoryremainderU,only standard non-alias DNS arithmetic; selected routing/query mix U;UNAPPROVED conditional proposal; all fixed original formal constraints preserved
conditional-production-plus-minimum-dev,GCP,asia-northeast1 Tokyo candidate,Private network paths,gateway/address-hour+processedGB+endpoint-hour+interzone/interregionGB,USD narrowrates;invoicecurrencyU,DirectVPCegress/privateSQL;alltrafficapprovedroute/vendorNATalternative;connectorfallback separatelycosted;startupdelay contingency;DEV=Oneisolatedsyntheticprivatepath;sameproviderfeature/effective-route proof;retainedgateway/endpoint/IP chargesU,U exact matched provider/region/SKU/meter unless narrow capture noted,gateway/address-hour+processedGB+endpoint-hour+interzone/interregionGB,U; no all-in quote,Narrow sourced meter/conditionalarithmetic only;mandatoryremainderU,zero NAT only if all required dependencies reachable via verified selected route;public mail may require paid egress;UNAPPROVED conditional proposal; all fixed original formal constraints preserved
conditional-production-plus-minimum-dev,GCP,asia-northeast1 Tokyo candidate,Queue outbox mail,operations/delivery/bytes+mailvendorfee+dataegress,USD narrowrates;invoicecurrencyU,1 queue+1 DLQ;100000 notifications/month×max5 attempts=500000 sendattempts sensitivity;3 queue operations/attempt=1.5 Moperations;SQL outbox included;DEV=1 queue+1 DLQ;1000 syntheticnotifications×5 max,U exact matched provider/region/SKU/meter unless narrow capture noted,operations/delivery/bytes+mailvendorfee+dataegress,U; no all-in quote,Narrow sourced meter/conditionalarithmetic only;mandatoryremainderU,"5TOTALsendsinclinitial,not5retries;vendorsemantics/MAU/messagesunknown;duplicatemessageacknotdelivery/deletion;UNAPPROVED conditional proposal; all fixed original formal constraints preserved"
conditional-production-plus-minimum-dev,GCP,asia-northeast1 Tokyo candidate,Identity secrets keys,MAU/auth/secretversions/readops/keyversions/cryptooperations,USD narrowrates;invoicecurrencyU,10000 MAU upper initialregistered-user sensitivity only;6 secrets;3 customer-managedkeys;100000 secretreads/month;DEV=100 syntheticMAU;4 secrets;2 keys;10000 reads,U exact matched provider/region/SKU/meter unless narrow capture noted,MAU/auth/secretversions/readops/keyversions/cryptooperations,U; no all-in quote,Narrow sourced meter/conditionalarithmetic only;mandatoryremainderU,MAU not known from registrations;externalvendorgeography/licensingU;UNAPPROVED conditional proposal; all fixed original formal constraints preserved
conditional-production-plus-minimum-dev,GCP,asia-northeast1 Tokyo candidate,Observability probes audit,ingest+retainedGiB+query/export+metricsamples+trace/probeCPU/network,USD narrowrates;invoicecurrencyU,10GiBlogs+2GiBauditproposed;retentionownerU;2522definedseries/3000registrycap;5groupsx2routesx25s=1051200groups/730h;30swatermark+15mkeystate futurepolls;broker/permit/ledgeraudit included;DEV=2 GiBlogs+0.2 GiBaudit;5×1 route×60s for176h=52800 journeys;730h=219000,U exact matched provider/region/SKU/meter unless narrow capture noted,ingest+retainedGiB+query/export+metricsamples+trace/probeCPU/network,U; no all-in quote,Narrow sourced meter/conditionalarithmetic only;mandatoryremainderU,GroupcontainsmultipleAPIcalls;vendorhistogram/staleseries/pollops/billing/retentionU;pre-ingestfilter not hardcostcap;UNAPPROVED conditional proposal; all fixed original formal constraints preserved
conditional-production-plus-minimum-dev,GCP,asia-northeast1 Tokyo candidate,Registry build scan state,storage+buildminute+scan+CIvendor+stateops/versionbytes,USD narrowrates;invoicecurrencyU,1 registry 5 GiB;30 builds/month×5 min2 vCPU;30 scans;1 privatestate bucket 1 GiB+versions;CI artifacts 10 GiB;DEV=1 repository 2 GiB;22 builds×5 min;22 scans;state 0.5 GiB,U exact matched provider/region/SKU/meter unless narrow capture noted,storage+buildminute+scan+CIvendor+stateops/versionbytes,U; no all-in quote,Narrow sourced meter/conditionalarithmetic only;mandatoryremainderU,CIvendor/licensing unknown;private artifacts no credentials/PII;UNAPPROVED conditional proposal; all fixed original formal constraints preserved
conditional-production-plus-minimum-dev,GCP,asia-northeast1 Tokyo candidate,Incident and cleanup reserve,actual extra runtime+storage-retention+transfer+logingest;key deletionwait U,USD narrowrates;invoicecurrencyU,2 extra app replicas×2h;1 quarantineSQL 2 vCPU/8 GiB×24h+50 GiB;restore 20 GB;objects 100 GBtemporary×2 days;30 GiBlogs incident;DEV=1 app×2h;1 DB×8h;20 GiBretained;logs 2 GiB,U exact matched provider/region/SKU/meter unless narrow capture noted,actual extra runtime+storage-retention+transfer+logingest;key deletionwait U,U; no all-in quote,Narrow sourced meter/conditionalarithmetic only;mandatoryremainderU,"reserve window proposal, not cleanup guarantee;retaineddisk/IP/keys/logs charge after compute stops;UNAPPROVED conditional proposal; all fixed original formal constraints preserved"
conditional-production-plus-minimum-dev,GCP,asia-northeast1 Tokyo candidate,Regional DR option,copyGiB-month+replication+DNS/keypreparation+warm runtime+rebuildincident,USD narrowrates;invoicecurrencyU,cold:additional 100 GBobject+20 GBDBbackup Japan destination;1 dailymanifest;20 GB/monthreplication proposal;warm:1 app+1 HA DB alternative 730h;DEV=noDRdev proposed;backup isolation retained,U exact matched provider/region/SKU/meter unless narrow capture noted,copyGiB-month+replication+DNS/keypreparation+warm runtime+rebuildincident,U; no all-in quote,Narrow sourced meter/conditionalarithmetic only;mandatoryremainderU,optional conditional DR model;no approved scope/objective;must not omit if approved required;UNAPPROVED conditional proposal; all fixed original formal constraints preserved
conditional-production-plus-minimum-dev,GCP,asia-northeast1 Tokyo candidate,Tax FX invoice,all mandatory productionuction + dev in JPY including applicabletax;minuslabor/domain/paid human support,USD narrowrates;invoicecurrencyU,OriginalUSD;156.9969historicalreferenceonly;actualinvoiceFX/tax/spread/reserveU;noheadroom;DEV=sameinvoicebasis,U exact matched provider/region/SKU/meter unless narrow capture noted,all mandatory productionuction + dev in JPY including applicabletax;minuslabor/domain/paid human support,U; no all-in quote,Narrow sourced meter/conditionalarithmetic only;mandatoryremainderU,no generic tax multiplier or finite all-in cap bound;UNAPPROVED conditional proposal; all fixed original formal constraints preserved
