component_id,provider,quantity_anchor,source_status,required_matching_fields,completion_predicate,state
C01,AWS,conditional-bill-of-quantities.csv:C01/AWS,MATCHED_QUOTE_U,Exactregion/service/SKU/edition/deployment/unit/currency/date/source;HAinclusions/multiplier;physicalminima/IO/storage/backup/PITR/retention/path/requesttiers;selectedprod/dev/incident/DRquantity,Allrequiredmeterfieldsandmandatoryaddons matched tosameconfiguration;ownerquantity/contractbasis accepted;invoiceFX/tax/spread and approvedmarginresolved;noineligiblecredits/discounts,UNRESOLVED;NOTREQUESTED sellerquote;noallin/cap/headroom;U isnot0
C02,AWS,conditional-bill-of-quantities.csv:C02/AWS,MATCHED_QUOTE_U,Exactregion/service/SKU/edition/deployment/unit/currency/date/source;HAinclusions/multiplier;physicalminima/IO/storage/backup/PITR/retention/path/requesttiers;selectedprod/dev/incident/DRquantity,Allrequiredmeterfieldsandmandatoryaddons matched tosameconfiguration;ownerquantity/contractbasis accepted;invoiceFX/tax/spread and approvedmarginresolved;noineligiblecredits/discounts,UNRESOLVED;NOTREQUESTED sellerquote;noallin/cap/headroom;U isnot0
C03,AWS,conditional-bill-of-quantities.csv:C03/AWS,MATCHED_QUOTE_U,Exactregion/service/SKU/edition/deployment/unit/currency/date/source;HAinclusions/multiplier;physicalminima/IO/storage/backup/PITR/retention/path/requesttiers;selectedprod/dev/incident/DRquantity,Allrequiredmeterfieldsandmandatoryaddons matched tosameconfiguration;ownerquantity/contractbasis accepted;invoiceFX/tax/spread and approvedmarginresolved;noineligiblecredits/discounts,UNRESOLVED;NOTREQUESTED sellerquote;noallin/cap/headroom;U isnot0
C04,AWS,conditional-bill-of-quantities.csv:C04/AWS,MATCHED_QUOTE_U,Exactregion/service/SKU/edition/deployment/unit/currency/date/source;HAinclusions/multiplier;physicalminima/IO/storage/backup/PITR/retention/path/requesttiers;selectedprod/dev/incident/DRquantity,Allrequiredmeterfieldsandmandatoryaddons matched tosameconfiguration;ownerquantity/contractbasis accepted;invoiceFX/tax/spread and approvedmarginresolved;noineligiblecredits/discounts,UNRESOLVED;NOTREQUESTED sellerquote;noallin/cap/headroom;U isnot0
C05,AWS,conditional-bill-of-quantities.csv:C05/AWS,NARROW_RATE_ONLY; mandatoryremainderU,Exactregion/service/SKU/edition/deployment/unit/currency/date/source;HAinclusions/multiplier;physicalminima/IO/storage/backup/PITR/retention/path/requesttiers;selectedprod/dev/incident/DRquantity,Allrequiredmeterfieldsandmandatoryaddons matched tosameconfiguration;ownerquantity/contractbasis accepted;invoiceFX/tax/spread and approvedmarginresolved;noineligiblecredits/discounts,UNRESOLVED;NOTREQUESTED sellerquote;noallin/cap/headroom;U isnot0
C06,AWS,conditional-bill-of-quantities.csv:C06/AWS,MATCHED_QUOTE_U,Exactregion/service/SKU/edition/deployment/unit/currency/date/source;HAinclusions/multiplier;physicalminima/IO/storage/backup/PITR/retention/path/requesttiers;selectedprod/dev/incident/DRquantity,Allrequiredmeterfieldsandmandatoryaddons matched tosameconfiguration;ownerquantity/contractbasis accepted;invoiceFX/tax/spread and approvedmarginresolved;noineligiblecredits/discounts,UNRESOLVED;NOTREQUESTED sellerquote;noallin/cap/headroom;U isnot0
C07,AWS,conditional-bill-of-quantities.csv:C07/AWS,MATCHED_QUOTE_U,Exactregion/service/SKU/edition/deployment/unit/currency/date/source;HAinclusions/multiplier;physicalminima/IO/storage/backup/PITR/retention/path/requesttiers;selectedprod/dev/incident/DRquantity,Allrequiredmeterfieldsandmandatoryaddons matched tosameconfiguration;ownerquantity/contractbasis accepted;invoiceFX/tax/spread and approvedmarginresolved;noineligiblecredits/discounts,UNRESOLVED;NOTREQUESTED sellerquote;noallin/cap/headroom;U isnot0
C08,AWS,conditional-bill-of-quantities.csv:C08/AWS,MATCHED_QUOTE_U,Exactregion/service/SKU/edition/deployment/unit/currency/date/source;HAinclusions/multiplier;physicalminima/IO/storage/backup/PITR/retention/path/requesttiers;selectedprod/dev/incident/DRquantity,Allrequiredmeterfieldsandmandatoryaddons matched tosameconfiguration;ownerquantity/contractbasis accepted;invoiceFX/tax/spread and approvedmarginresolved;noineligiblecredits/discounts,UNRESOLVED;NOTREQUESTED sellerquote;noallin/cap/headroom;U isnot0
C09,AWS,conditional-bill-of-quantities.csv:C09/AWS,MATCHED_QUOTE_U,Exactregion/service/SKU/edition/deployment/unit/currency/date/source;HAinclusions/multiplier;physicalminima/IO/storage/backup/PITR/retention/path/requesttiers;selectedprod/dev/incident/DRquantity,Allrequiredmeterfieldsandmandatoryaddons matched tosameconfiguration;ownerquantity/contractbasis accepted;invoiceFX/tax/spread and approvedmarginresolved;noineligiblecredits/discounts,UNRESOLVED;NOTREQUESTED sellerquote;noallin/cap/headroom;U isnot0
C10,AWS,conditional-bill-of-quantities.csv:C10/AWS,MATCHED_QUOTE_U,Exactregion/service/SKU/edition/deployment/unit/currency/date/source;HAinclusions/multiplier;physicalminima/IO/storage/backup/PITR/retention/path/requesttiers;selectedprod/dev/incident/DRquantity,Allrequiredmeterfieldsandmandatoryaddons matched tosameconfiguration;ownerquantity/contractbasis accepted;invoiceFX/tax/spread and approvedmarginresolved;noineligiblecredits/discounts,UNRESOLVED;NOTREQUESTED sellerquote;noallin/cap/headroom;U isnot0
C11,AWS,conditional-bill-of-quantities.csv:C11/AWS,MATCHED_QUOTE_U,Exactregion/service/SKU/edition/deployment/unit/currency/date/source;HAinclusions/multiplier;physicalminima/IO/storage/backup/PITR/retention/path/requesttiers;selectedprod/dev/incident/DRquantity,Allrequiredmeterfieldsandmandatoryaddons matched tosameconfiguration;ownerquantity/contractbasis accepted;invoiceFX/tax/spread and approvedmarginresolved;noineligiblecredits/discounts,UNRESOLVED;NOTREQUESTED sellerquote;noallin/cap/headroom;U isnot0
C12,AWS,conditional-bill-of-quantities.csv:C12/AWS,MATCHED_QUOTE_U,Exactregion/service/SKU/edition/deployment/unit/currency/date/source;HAinclusions/multiplier;physicalminima/IO/storage/backup/PITR/retention/path/requesttiers;selectedprod/dev/incident/DRquantity,Allrequiredmeterfieldsandmandatoryaddons matched tosameconfiguration;ownerquantity/contractbasis accepted;invoiceFX/tax/spread and approvedmarginresolved;noineligiblecredits/discounts,UNRESOLVED;NOTREQUESTED sellerquote;noallin/cap/headroom;U isnot0
C13,AWS,conditional-bill-of-quantities.csv:C13/AWS,MATCHED_QUOTE_U,Exactregion/service/SKU/edition/deployment/unit/currency/date/source;HAinclusions/multiplier;physicalminima/IO/storage/backup/PITR/retention/path/requesttiers;selectedprod/dev/incident/DRquantity,Allrequiredmeterfieldsandmandatoryaddons matched tosameconfiguration;ownerquantity/contractbasis accepted;invoiceFX/tax/spread and approvedmarginresolved;noineligiblecredits/discounts,UNRESOLVED;NOTREQUESTED sellerquote;noallin/cap/headroom;U isnot0
C01,Azure,conditional-bill-of-quantities.csv:C01/Azure,MATCHED_QUOTE_U,Exactregion/service/SKU/edition/deployment/unit/currency/date/source;HAinclusions/multiplier;physicalminima/IO/storage/backup/PITR/retention/path/requesttiers;selectedprod/dev/incident/DRquantity,Allrequiredmeterfieldsandmandatoryaddons matched tosameconfiguration;ownerquantity/contractbasis accepted;invoiceFX/tax/spread and approvedmarginresolved;noineligiblecredits/discounts,UNRESOLVED;NOTREQUESTED sellerquote;noallin/cap/headroom;U isnot0
C02,Azure,conditional-bill-of-quantities.csv:C02/Azure,MATCHED_QUOTE_U,Exactregion/service/SKU/edition/deployment/unit/currency/date/source;HAinclusions/multiplier;physicalminima/IO/storage/backup/PITR/retention/path/requesttiers;selectedprod/dev/incident/DRquantity,Allrequiredmeterfieldsandmandatoryaddons matched tosameconfiguration;ownerquantity/contractbasis accepted;invoiceFX/tax/spread and approvedmarginresolved;noineligiblecredits/discounts,UNRESOLVED;NOTREQUESTED sellerquote;noallin/cap/headroom;U isnot0
C03,Azure,conditional-bill-of-quantities.csv:C03/Azure,MATCHED_QUOTE_U,Exactregion/service/SKU/edition/deployment/unit/currency/date/source;HAinclusions/multiplier;physicalminima/IO/storage/backup/PITR/retention/path/requesttiers;selectedprod/dev/incident/DRquantity,Allrequiredmeterfieldsandmandatoryaddons matched tosameconfiguration;ownerquantity/contractbasis accepted;invoiceFX/tax/spread and approvedmarginresolved;noineligiblecredits/discounts,UNRESOLVED;NOTREQUESTED sellerquote;noallin/cap/headroom;U isnot0
C04,Azure,conditional-bill-of-quantities.csv:C04/Azure,MATCHED_QUOTE_U,Exactregion/service/SKU/edition/deployment/unit/currency/date/source;HAinclusions/multiplier;physicalminima/IO/storage/backup/PITR/retention/path/requesttiers;selectedprod/dev/incident/DRquantity,Allrequiredmeterfieldsandmandatoryaddons matched tosameconfiguration;ownerquantity/contractbasis accepted;invoiceFX/tax/spread and approvedmarginresolved;noineligiblecredits/discounts,UNRESOLVED;NOTREQUESTED sellerquote;noallin/cap/headroom;U isnot0
C05,Azure,conditional-bill-of-quantities.csv:C05/Azure,MATCHED_QUOTE_U,Exactregion/service/SKU/edition/deployment/unit/currency/date/source;HAinclusions/multiplier;physicalminima/IO/storage/backup/PITR/retention/path/requesttiers;selectedprod/dev/incident/DRquantity,Allrequiredmeterfieldsandmandatoryaddons matched tosameconfiguration;ownerquantity/contractbasis accepted;invoiceFX/tax/spread and approvedmarginresolved;noineligiblecredits/discounts,UNRESOLVED;NOTREQUESTED sellerquote;noallin/cap/headroom;U isnot0
C06,Azure,conditional-bill-of-quantities.csv:C06/Azure,MATCHED_QUOTE_U,Exactregion/service/SKU/edition/deployment/unit/currency/date/source;HAinclusions/multiplier;physicalminima/IO/storage/backup/PITR/retention/path/requesttiers;selectedprod/dev/incident/DRquantity,Allrequiredmeterfieldsandmandatoryaddons matched tosameconfiguration;ownerquantity/contractbasis accepted;invoiceFX/tax/spread and approvedmarginresolved;noineligiblecredits/discounts,UNRESOLVED;NOTREQUESTED sellerquote;noallin/cap/headroom;U isnot0
C07,Azure,conditional-bill-of-quantities.csv:C07/Azure,MATCHED_QUOTE_U,Exactregion/service/SKU/edition/deployment/unit/currency/date/source;HAinclusions/multiplier;physicalminima/IO/storage/backup/PITR/retention/path/requesttiers;selectedprod/dev/incident/DRquantity,Allrequiredmeterfieldsandmandatoryaddons matched tosameconfiguration;ownerquantity/contractbasis accepted;invoiceFX/tax/spread and approvedmarginresolved;noineligiblecredits/discounts,UNRESOLVED;NOTREQUESTED sellerquote;noallin/cap/headroom;U isnot0
C08,Azure,conditional-bill-of-quantities.csv:C08/Azure,MATCHED_QUOTE_U,Exactregion/service/SKU/edition/deployment/unit/currency/date/source;HAinclusions/multiplier;physicalminima/IO/storage/backup/PITR/retention/path/requesttiers;selectedprod/dev/incident/DRquantity,Allrequiredmeterfieldsandmandatoryaddons matched tosameconfiguration;ownerquantity/contractbasis accepted;invoiceFX/tax/spread and approvedmarginresolved;noineligiblecredits/discounts,UNRESOLVED;NOTREQUESTED sellerquote;noallin/cap/headroom;U isnot0
C09,Azure,conditional-bill-of-quantities.csv:C09/Azure,MATCHED_QUOTE_U,Exactregion/service/SKU/edition/deployment/unit/currency/date/source;HAinclusions/multiplier;physicalminima/IO/storage/backup/PITR/retention/path/requesttiers;selectedprod/dev/incident/DRquantity,Allrequiredmeterfieldsandmandatoryaddons matched tosameconfiguration;ownerquantity/contractbasis accepted;invoiceFX/tax/spread and approvedmarginresolved;noineligiblecredits/discounts,UNRESOLVED;NOTREQUESTED sellerquote;noallin/cap/headroom;U isnot0
C10,Azure,conditional-bill-of-quantities.csv:C10/Azure,MATCHED_QUOTE_U,Exactregion/service/SKU/edition/deployment/unit/currency/date/source;HAinclusions/multiplier;physicalminima/IO/storage/backup/PITR/retention/path/requesttiers;selectedprod/dev/incident/DRquantity,Allrequiredmeterfieldsandmandatoryaddons matched tosameconfiguration;ownerquantity/contractbasis accepted;invoiceFX/tax/spread and approvedmarginresolved;noineligiblecredits/discounts,UNRESOLVED;NOTREQUESTED sellerquote;noallin/cap/headroom;U isnot0
C11,Azure,conditional-bill-of-quantities.csv:C11/Azure,MATCHED_QUOTE_U,Exactregion/service/SKU/edition/deployment/unit/currency/date/source;HAinclusions/multiplier;physicalminima/IO/storage/backup/PITR/retention/path/requesttiers;selectedprod/dev/incident/DRquantity,Allrequiredmeterfieldsandmandatoryaddons matched tosameconfiguration;ownerquantity/contractbasis accepted;invoiceFX/tax/spread and approvedmarginresolved;noineligiblecredits/discounts,UNRESOLVED;NOTREQUESTED sellerquote;noallin/cap/headroom;U isnot0
C12,Azure,conditional-bill-of-quantities.csv:C12/Azure,MATCHED_QUOTE_U,Exactregion/service/SKU/edition/deployment/unit/currency/date/source;HAinclusions/multiplier;physicalminima/IO/storage/backup/PITR/retention/path/requesttiers;selectedprod/dev/incident/DRquantity,Allrequiredmeterfieldsandmandatoryaddons matched tosameconfiguration;ownerquantity/contractbasis accepted;invoiceFX/tax/spread and approvedmarginresolved;noineligiblecredits/discounts,UNRESOLVED;NOTREQUESTED sellerquote;noallin/cap/headroom;U isnot0
C13,Azure,conditional-bill-of-quantities.csv:C13/Azure,MATCHED_QUOTE_U,Exactregion/service/SKU/edition/deployment/unit/currency/date/source;HAinclusions/multiplier;physicalminima/IO/storage/backup/PITR/retention/path/requesttiers;selectedprod/dev/incident/DRquantity,Allrequiredmeterfieldsandmandatoryaddons matched tosameconfiguration;ownerquantity/contractbasis accepted;invoiceFX/tax/spread and approvedmarginresolved;noineligiblecredits/discounts,UNRESOLVED;NOTREQUESTED sellerquote;noallin/cap/headroom;U isnot0
C01,GCP,conditional-bill-of-quantities.csv:C01/GCP,NARROW_RATE_ONLY; mandatoryremainderU,Exactregion/service/SKU/edition/deployment/unit/currency/date/source;HAinclusions/multiplier;physicalminima/IO/storage/backup/PITR/retention/path/requesttiers;selectedprod/dev/incident/DRquantity,Allrequiredmeterfieldsandmandatoryaddons matched tosameconfiguration;ownerquantity/contractbasis accepted;invoiceFX/tax/spread and approvedmarginresolved;noineligiblecredits/discounts,UNRESOLVED;NOTREQUESTED sellerquote;noallin/cap/headroom;U isnot0
C02,GCP,conditional-bill-of-quantities.csv:C02/GCP,MATCHED_QUOTE_U,Exactregion/service/SKU/edition/deployment/unit/currency/date/source;HAinclusions/multiplier;physicalminima/IO/storage/backup/PITR/retention/path/requesttiers;selectedprod/dev/incident/DRquantity,Allrequiredmeterfieldsandmandatoryaddons matched tosameconfiguration;ownerquantity/contractbasis accepted;invoiceFX/tax/spread and approvedmarginresolved;noineligiblecredits/discounts,UNRESOLVED;NOTREQUESTED sellerquote;noallin/cap/headroom;U isnot0
C03,GCP,conditional-bill-of-quantities.csv:C03/GCP,MATCHED_QUOTE_U,Exactregion/service/SKU/edition/deployment/unit/currency/date/source;HAinclusions/multiplier;physicalminima/IO/storage/backup/PITR/retention/path/requesttiers;selectedprod/dev/incident/DRquantity,Allrequiredmeterfieldsandmandatoryaddons matched tosameconfiguration;ownerquantity/contractbasis accepted;invoiceFX/tax/spread and approvedmarginresolved;noineligiblecredits/discounts,UNRESOLVED;NOTREQUESTED sellerquote;noallin/cap/headroom;U isnot0
C04,GCP,conditional-bill-of-quantities.csv:C04/GCP,MATCHED_QUOTE_U,Exactregion/service/SKU/edition/deployment/unit/currency/date/source;HAinclusions/multiplier;physicalminima/IO/storage/backup/PITR/retention/path/requesttiers;selectedprod/dev/incident/DRquantity,Allrequiredmeterfieldsandmandatoryaddons matched tosameconfiguration;ownerquantity/contractbasis accepted;invoiceFX/tax/spread and approvedmarginresolved;noineligiblecredits/discounts,UNRESOLVED;NOTREQUESTED sellerquote;noallin/cap/headroom;U isnot0
C05,GCP,conditional-bill-of-quantities.csv:C05/GCP,MATCHED_QUOTE_U,Exactregion/service/SKU/edition/deployment/unit/currency/date/source;HAinclusions/multiplier;physicalminima/IO/storage/backup/PITR/retention/path/requesttiers;selectedprod/dev/incident/DRquantity,Allrequiredmeterfieldsandmandatoryaddons matched tosameconfiguration;ownerquantity/contractbasis accepted;invoiceFX/tax/spread and approvedmarginresolved;noineligiblecredits/discounts,UNRESOLVED;NOTREQUESTED sellerquote;noallin/cap/headroom;U isnot0
C06,GCP,conditional-bill-of-quantities.csv:C06/GCP,MATCHED_QUOTE_U,Exactregion/service/SKU/edition/deployment/unit/currency/date/source;HAinclusions/multiplier;physicalminima/IO/storage/backup/PITR/retention/path/requesttiers;selectedprod/dev/incident/DRquantity,Allrequiredmeterfieldsandmandatoryaddons matched tosameconfiguration;ownerquantity/contractbasis accepted;invoiceFX/tax/spread and approvedmarginresolved;noineligiblecredits/discounts,UNRESOLVED;NOTREQUESTED sellerquote;noallin/cap/headroom;U isnot0
C07,GCP,conditional-bill-of-quantities.csv:C07/GCP,MATCHED_QUOTE_U,Exactregion/service/SKU/edition/deployment/unit/currency/date/source;HAinclusions/multiplier;physicalminima/IO/storage/backup/PITR/retention/path/requesttiers;selectedprod/dev/incident/DRquantity,Allrequiredmeterfieldsandmandatoryaddons matched tosameconfiguration;ownerquantity/contractbasis accepted;invoiceFX/tax/spread and approvedmarginresolved;noineligiblecredits/discounts,UNRESOLVED;NOTREQUESTED sellerquote;noallin/cap/headroom;U isnot0
C08,GCP,conditional-bill-of-quantities.csv:C08/GCP,MATCHED_QUOTE_U,Exactregion/service/SKU/edition/deployment/unit/currency/date/source;HAinclusions/multiplier;physicalminima/IO/storage/backup/PITR/retention/path/requesttiers;selectedprod/dev/incident/DRquantity,Allrequiredmeterfieldsandmandatoryaddons matched tosameconfiguration;ownerquantity/contractbasis accepted;invoiceFX/tax/spread and approvedmarginresolved;noineligiblecredits/discounts,UNRESOLVED;NOTREQUESTED sellerquote;noallin/cap/headroom;U isnot0
C09,GCP,conditional-bill-of-quantities.csv:C09/GCP,MATCHED_QUOTE_U,Exactregion/service/SKU/edition/deployment/unit/currency/date/source;HAinclusions/multiplier;physicalminima/IO/storage/backup/PITR/retention/path/requesttiers;selectedprod/dev/incident/DRquantity,Allrequiredmeterfieldsandmandatoryaddons matched tosameconfiguration;ownerquantity/contractbasis accepted;invoiceFX/tax/spread and approvedmarginresolved;noineligiblecredits/discounts,UNRESOLVED;NOTREQUESTED sellerquote;noallin/cap/headroom;U isnot0
C10,GCP,conditional-bill-of-quantities.csv:C10/GCP,MATCHED_QUOTE_U,Exactregion/service/SKU/edition/deployment/unit/currency/date/source;HAinclusions/multiplier;physicalminima/IO/storage/backup/PITR/retention/path/requesttiers;selectedprod/dev/incident/DRquantity,Allrequiredmeterfieldsandmandatoryaddons matched tosameconfiguration;ownerquantity/contractbasis accepted;invoiceFX/tax/spread and approvedmarginresolved;noineligiblecredits/discounts,UNRESOLVED;NOTREQUESTED sellerquote;noallin/cap/headroom;U isnot0
C11,GCP,conditional-bill-of-quantities.csv:C11/GCP,MATCHED_QUOTE_U,Exactregion/service/SKU/edition/deployment/unit/currency/date/source;HAinclusions/multiplier;physicalminima/IO/storage/backup/PITR/retention/path/requesttiers;selectedprod/dev/incident/DRquantity,Allrequiredmeterfieldsandmandatoryaddons matched tosameconfiguration;ownerquantity/contractbasis accepted;invoiceFX/tax/spread and approvedmarginresolved;noineligiblecredits/discounts,UNRESOLVED;NOTREQUESTED sellerquote;noallin/cap/headroom;U isnot0
C12,GCP,conditional-bill-of-quantities.csv:C12/GCP,MATCHED_QUOTE_U,Exactregion/service/SKU/edition/deployment/unit/currency/date/source;HAinclusions/multiplier;physicalminima/IO/storage/backup/PITR/retention/path/requesttiers;selectedprod/dev/incident/DRquantity,Allrequiredmeterfieldsandmandatoryaddons matched tosameconfiguration;ownerquantity/contractbasis accepted;invoiceFX/tax/spread and approvedmarginresolved;noineligiblecredits/discounts,UNRESOLVED;NOTREQUESTED sellerquote;noallin/cap/headroom;U isnot0
C13,GCP,conditional-bill-of-quantities.csv:C13/GCP,MATCHED_QUOTE_U,Exactregion/service/SKU/edition/deployment/unit/currency/date/source;HAinclusions/multiplier;physicalminima/IO/storage/backup/PITR/retention/path/requesttiers;selectedprod/dev/incident/DRquantity,Allrequiredmeterfieldsandmandatoryaddons matched tosameconfiguration;ownerquantity/contractbasis accepted;invoiceFX/tax/spread and approvedmarginresolved;noineligiblecredits/discounts,UNRESOLVED;NOTREQUESTED sellerquote;noallin/cap/headroom;U isnot0
