requirement_id,design_evidence,cost_evidence,open_residual,status
REQ-01,README.md;preserved current original-design anchors,conditional-bill-of-quantities.csv:C01..C13 per provider,None; no provider selected,TRACEABLE desk proposal; achieved result UNVERIFIED
REQ-02,api-journey-verification.md;api-journey-matrix.csv:J01-J10;broker-enforcement.md,"conditional-bill-of-quantities.csv:C01,C02,C04,C08",Admin authority/name and approvals open; own-write consistency is fixed,TRACEABLE desk proposal; achieved result UNVERIFIED
REQ-03,README.md;preserved current original-design anchors,"conditional-bill-of-quantities.csv:C04,C07",Vendor/recipient boundary and delivery semantics open,TRACEABLE desk proposal; achieved result UNVERIFIED
REQ-04,README.md;preserved current original-design anchors,"conditional-bill-of-quantities.csv:C02,C04,C08",MAU/DAU and growth-to-load mapping open,TRACEABLE desk proposal; achieved result UNVERIFIED
REQ-05,api-journey-verification.md:Load model and per-API samples;admission-and-rollout.md,"conditional-bill-of-quantities.csv:C01,C02,C04,C09",Normal-duty hours/burst frequency/static request mix open; formal rates/duration remain fixed,TRACEABLE desk proposal; achieved result UNVERIFIED
REQ-06,api-journey-verification.md:Measurement and pass evidence;api-journey-matrix.csv:J02-J09,"conditional-bill-of-quantities.csv:C01,C02",Capacity/p95/error unmeasured; thresholds proposed,TRACEABLE desk proposal; achieved result UNVERIFIED
REQ-07,"deletion-proof-ledger.csv;recovery-ledger-predicate.md;broker-enforcement.md;scenario-controls.md:S09-S17,S31,S33","conditional-bill-of-quantities.csv:C02,C03,C04",Copy/version/WAL quantities and deletion start/receipt boundary open,TRACEABLE desk proposal; achieved result UNVERIFIED
REQ-08,README.md;preserved current original-design anchors,"conditional-bill-of-quantities.csv:C04,C06,C08,C09,C12",Japan production/backups fixed; external/control-plane category evidence and approved transfer open,TRACEABLE desk proposal; achieved result UNVERIFIED
REQ-09,"timing-and-observability.md:T01;api-journey-verification.md;scenario-controls.md:S01-S06,S19,S34","conditional-bill-of-quantities.csv:C01,C02,C05,C08,C09",Formal scope/99.9/planned downtime fixed; monthly observation absent,TRACEABLE desk proposal; achieved result UNVERIFIED
REQ-10,"provider-adapters.md;scenario-controls.md:S01,S02,S32;timing-and-observability.md:T01","conditional-bill-of-quantities.csv:C01,C02,C11",Process/runtime/DB/singleAZ and impact-through 300s stable clock fixed; dependency additional RTO authority/measurements open,TRACEABLE desk proposal; achieved result UNVERIFIED
REQ-11,"timing-and-observability.md:T07/T08;recovery-ledger-predicate.md;scenario-controls.md:S01,S02,S10,S16","conditional-bill-of-quantities.csv:C02,C03,C11",Latest confirmed-write watermark definition/≤300s fixed; measurement and fencing proof absent,TRACEABLE desk proposal; achieved result UNVERIFIED
REQ-12,cost-configuration-D5.md;quote-completeness.csv:C01-C13;conditional-bill-of-quantities.csv,conditional-bill-of-quantities.csv:C01..C13; cost-ledger.csv:initial-production/minimum-dev rows,Taxinclusive 100000 JPY production + minimum dev mandatory fee scope/exclusions fixed; regionalquotes/devapproval/invoice FX/tax open,TRACEABLE desk proposal; achieved result UNVERIFIED
REQ-13,operations-accounting.md;scenario-controls.md:S23;broker-enforcement.md,cost-configuration-D5.md:Operations quantities outside cap,Weekday/no night guarantee fixed; names/approvedhours/coverage open,TRACEABLE desk proposal; achieved result UNVERIFIED
REQ-14,README.md;preserved current original-design anchors,cost-configuration-D5.md:Operations quantities outside cap,Skills/team/no preference fixed; training and proposed one-time hours unapproved,TRACEABLE desk proposal; achieved result UNVERIFIED
REQ-15,admission-and-rollout.md;scenario-controls.md:S20;api-journey-verification.md,"conditional-bill-of-quantities.csv:C01,C02,C04,C11",1000 RPS×15m independent fixed; future budget/activeusage/shape approval open,TRACEABLE desk proposal; achieved result UNVERIFIED
REQ-16,broker-enforcement.md;iam-action-matrix.csv;recovery-ledger-predicate.md;timing-and-observability.md:T10,"conditional-bill-of-quantities.csv:C08,C09",Exact unsupported permission memberships/effective grants unverified; ledger linkage/retention and staffing open,TRACEABLE desk proposal; achieved result UNVERIFIED
REQ-17,provider-adapters.md;adoption-decisions.md;scenario-controls.md:S35,"conditional-bill-of-quantities.csv:C01,C02,C05,C06,C12",Proposal only; regional feature/placement/quote and owner approval open,TRACEABLE desk proposal; achieved result UNVERIFIED
REQ-18,migration-checkpoints.md:M0-M7;admission-and-rollout.md;operations-accounting.md,"conditional-bill-of-quantities.csv:C09,C10,C11",CI/state vendor and dev isolation/runtime approval open; no pipeline implementation or test,TRACEABLE desk proposal; achieved result UNVERIFIED
REQ-19,README.md;preserved current original-design anchors,No score or fit claimed; cost conditional throughout,Independent review required; human evaluation blank,TRACEABLE desk proposal; achieved result UNVERIFIED
REQ-20,README.md;preserved current original-design anchors,No publication/GitHub write in current authorized private desk scope,Original GitHub requirement preserved; this task explicitly private/no publication,TRACEABLE desk proposal; achieved result UNVERIFIED
REQ-21,README.md;preserved current original-design anchors,No cloud resources/actions or test costs from this revision,Historical A-1-only source preserved; current authorized improvement scope supersedes stage restriction for private design only,TRACEABLE desk proposal; achieved result UNVERIFIED
REQ-22,"scenario-controls.md:S20,S29,S35;quote-completeness.csv;original formal supplement","conditional-bill-of-quantities.csv:C11,C12,C13",Cbudget/deadline/resources/cleanup approval absent; no execution,TRACEABLE desk proposal; achieved result UNVERIFIED
REQ-23,"recovery-ledger-predicate.md;scenario-controls.md:S08,S16,S31,S33","conditional-bill-of-quantities.csv:C03,C11",Tentative decision-to240m fixed; known-good point/salvage/loss/publication authority and deletion replay proof open,TRACEABLE desk proposal; achieved result UNVERIFIED
REQ-24,provider-adapters.md;recovery-ledger-predicate.md;scenario-controls.md:S03;cost-configuration-D5.md,"conditional-bill-of-quantities.csv:C11,C12",Region loss outside 30m/5m fixed; domesticcopy/DRscope/objective/cost/authority open,TRACEABLE desk proposal; achieved result UNVERIFIED
