REQ-ID,Original requirement text,Classification,Priority,Testable acceptance condition (source text),Dependencies,Unanswered (do not resolve by assumption),Assumptions,Impact if unanswered,Design rationale/evidence (baseline only until Step 2),Verification method (desk only unless separately authorized)
REQ-01,AのみAWS。Bは3社同条件再選定,Governance/selection,P0,Aの製品制約をBに流用しない文書レビュー,"REQ-17, REQ-20",None; no provider selected,"Numerical shape, capacity, threshold, hours and quantity proposals in operational-envelope.md / conditional-bill-of-quantities.csv are UNAPPROVED; no assumption replaces formal business facts.","Constrains the experiment, not provider choice.",D5 current anchors: README.md;preserved current original-design anchors; conditional proposals only; fixed source/unknowns preserved.,Specific future assertion/measurement plan at README.md;preserved current original-design anchors; NOT RUN. api-journey-verification.md measures perprincipalAPI and samples; scenario-controls.md fixes percase dependencies/stops; all actual outcomes and named approvals remain absent.
REQ-02,登録/ログイン/プロフィール/一覧詳細/お気に入り、管理者更新,Business function/access control,P0,対象操作E2Eと権限制御。更新本人の次回参照にプロフィール/お気に入りが反映,"REQ-03, REQ-16, REQ-18",Admin authority/name and approvals open; own-write consistency is fixed,"Numerical shape, capacity, threshold, hours and quantity proposals in operational-envelope.md / conditional-bill-of-quantities.csv are UNAPPROVED; no assumption replaces formal business facts.",May grant unintended image modification rights or prevent safe admin updates.,D5 current anchors: api-journey-verification.md;api-journey-matrix.csv:J01-J10;broker-enforcement.md; conditional proposals only; fixed source/unknowns preserved.,Specific future assertion/measurement plan at api-journey-verification.md;api-journey-matrix.csv:J01-J10;broker-enforcement.md; NOT RUN. api-journey-verification.md measures perprincipalAPI and samples; scenario-controls.md fixes percase dependencies/stops; all actual outcomes and named approvals remain absent.
REQ-03,画像・通知メールあり。決済/動画/チャット/重分析/利用者アップロードなし,Business function/email/image scope,P1,対象外を混入させない。メールは監視復旧対象、配信完了は主要API性能から除外。再試行・重複・画像上限はA-2で明示,"REQ-07, REQ-12, REQ-16",Vendor/recipient boundary and delivery semantics open,"Numerical shape, capacity, threshold, hours and quantity proposals in operational-envelope.md / conditional-bill-of-quantities.csv are UNAPPROVED; no assumption replaces formal business facts.","Residency, duplicate mail, cost and customer-impact remain uncertain.",D5 current anchors: README.md;preserved current original-design anchors; conditional proposals only; fixed source/unknowns preserved.,Specific future assertion/measurement plan at README.md;preserved current original-design anchors; NOT RUN. api-journey-verification.md measures perprincipalAPI and samples; scenario-controls.md fixes percase dependencies/stops; all actual outcomes and named approvals remain absent.
REQ-04,初期登録1万人、3年程度で100万人,Scale/growth,P1,人数とMAU/DAU・要求倍率を区別。人数100倍からRPS100倍を算出しない,"REQ-05, REQ-06, REQ-15",MAU/DAU and growth-to-load mapping open,"Numerical shape, capacity, threshold, hours and quantity proposals in operational-envelope.md / conditional-bill-of-quantities.csv are UNAPPROVED; no assumption replaces formal business facts.",Cannot infer concurrency/traffic from user count; changes capacity and price.,D5 current anchors: README.md;preserved current original-design anchors; conditional proposals only; fixed source/unknowns preserved.,Specific future assertion/measurement plan at README.md;preserved current original-design anchors; NOT RUN. api-journey-verification.md measures perprincipalAPI and samples; scenario-controls.md fixes percase dependencies/stops; all actual outcomes and named approvals remain absent.
REQ-05,100万PV/月、動的通常10 RPS/ピーク100 RPS×15分、同時利用500人、読書き9:1,Capacity/performance,P0,静的要求を分離した負荷モデルで試験。PVとの関係、通常負荷継続時間・ピーク頻度を仮定として明記,"REQ-04, REQ-06, REQ-09, REQ-15",Normal-duty hours/burst frequency/static request mix open; formal rates/duration remain fixed,"Numerical shape, capacity, threshold, hours and quantity proposals in operational-envelope.md / conditional-bill-of-quantities.csv are UNAPPROVED; no assumption replaces formal business facts.",Changes steady compute and monthly costs.,D5 current anchors: api-journey-verification.md:Load model and per-API samples;admission-and-rollout.md; conditional proposals only; fixed source/unknowns preserved.,Specific future assertion/measurement plan at api-journey-verification.md:Load model and per-API samples;admission-and-rollout.md; NOT RUN. api-journey-verification.md measures perprincipalAPI and samples; scenario-controls.md fixes percase dependencies/stops; all actual outcomes and named approvals remain absent.
REQ-06,主要API p95≦500 ms、サーバー側エラー率<1%、通常/ピーク両方,Performance,P0,対象API別に外部入口からの応答計測を計画。100 RPSを15分、500人モデルを区別。メール配信完了除外。計測詳細はA-2で明示,"REQ-05, REQ-09, REQ-12, REQ-13",Capacity/p95/error unmeasured; thresholds proposed,"Numerical shape, capacity, threshold, hours and quantity proposals in operational-envelope.md / conditional-bill-of-quantities.csv are UNAPPROVED; no assumption replaces formal business facts.",Cannot claim performance target or sizing.,D5 current anchors: api-journey-verification.md:Measurement and pass evidence;api-journey-matrix.csv:J02-J09; conditional proposals only; fixed source/unknowns preserved.,Specific future assertion/measurement plan at api-journey-verification.md:Measurement and pass evidence;api-journey-matrix.csv:J02-J09; NOT RUN. api-journey-verification.md measures perprincipalAPI and samples; scenario-controls.md fixes percase dependencies/stops; all actual outcomes and named approvals remain absent.
REQ-07,氏名/メール/認証/プロフィール/お気に入り、20 GB＋2 GB/月。画像100 GB＋10 GB/月・転送200 GB/月,Data/privacy/deletion,P0,合成データで容量条件を表現。退会30日以内稼働系削除、バックアップ上限35日、復元時再削除を検証。禁止データを扱わない,"REQ-08, REQ-12, REQ-16, REQ-23, REQ-24",Copy/version/WAL quantities and deletion start/receipt boundary open,"Numerical shape, capacity, threshold, hours and quantity proposals in operational-envelope.md / conditional-bill-of-quantities.csv are UNAPPROVED; no assumption replaces formal business facts.","Affects privacy, deletion promise, backups, restore/publication safety and cost.","D5 current anchors: deletion-proof-ledger.csv;recovery-ledger-predicate.md;broker-enforcement.md;scenario-controls.md:S09-S17,S31,S33; conditional proposals only; fixed source/unknowns preserved.","Specific future assertion/measurement plan at deletion-proof-ledger.csv;recovery-ledger-predicate.md;broker-enforcement.md;scenario-controls.md:S09-S17,S31,S33; NOT RUN. api-journey-verification.md measures perprincipalAPI and samples; scenario-controls.md fixes percase dependencies/stops; all actual outcomes and named approvals remain absent."
REQ-08,本番データ・バックアップ国内保存、外部保存/転送先確認,Residency/privacy,P0,認証・メール等外部依存を含むデータ所在地・転送経路の証跡。技術検証で法令適合完了と宣言しない,"REQ-07, REQ-16, REQ-24",Japan production/backups fixed; external/control-plane category evidence and approved transfer open,"Numerical shape, capacity, threshold, hours and quantity proposals in operational-envelope.md / conditional-bill-of-quantities.csv are UNAPPROVED; no assumption replaces formal business facts.",Domestic-storage hard gate cannot pass by regional placement alone.,D5 current anchors: README.md;preserved current original-design anchors; conditional proposals only; fixed source/unknowns preserved.,Specific future assertion/measurement plan at README.md;preserved current original-design anchors; NOT RUN. api-journey-verification.md measures perprincipalAPI and samples; scenario-controls.md fixes percase dependencies/stops; all actual outcomes and named approvals remain absent.
REQ-09,主要機能暦月99.9%以上、計画停止・依存基盤障害含む,Availability/SLO,P0,ログイン・一覧詳細・プロフィール/お気に入り参照更新を入口から外部測定。利用者端末回線のみ除外。管理/メール遅延は別監視。短期試験は月間実証としない,"REQ-06, REQ-10, REQ-11, REQ-13",Formal scope/99.9/planned downtime fixed; monthly observation absent,"Numerical shape, capacity, threshold, hours and quantity proposals in operational-envelope.md / conditional-bill-of-quantities.csv are UNAPPROVED; no assumption replaces formal business facts.",Cannot claim monthly availability from short desk or test interval.,"D5 current anchors: timing-and-observability.md:T01;api-journey-verification.md;scenario-controls.md:S01-S06,S19,S34; conditional proposals only; fixed source/unknowns preserved.","Specific future assertion/measurement plan at timing-and-observability.md:T01;api-journey-verification.md;scenario-controls.md:S01-S06,S19,S34; NOT RUN. api-journey-verification.md measures perprincipalAPI and samples; scenario-controls.md fixes percase dependencies/stops; all actual outcomes and named approvals remain absent."
REQ-10,プロセス/実行基盤/DB/単一AZでRTO≦30分,Recovery/RTO,P0,影響発生から復旧後5分安定確認終了まで≦1800秒。検知含む。時刻証跡と未試験障害範囲を記録,"REQ-09, REQ-11, REQ-13, REQ-24",Process/runtime/DB/singleAZ and impact-through 300s stable clock fixed; dependency additional RTO authority/measurements open,"Numerical shape, capacity, threshold, hours and quantity proposals in operational-envelope.md / conditional-bill-of-quantities.csv are UNAPPROVED; no assumption replaces formal business facts.",No valid unattended RTO claim if a dependency needs a person.,"D5 current anchors: provider-adapters.md;scenario-controls.md:S01,S02,S32;timing-and-observability.md:T01; conditional proposals only; fixed source/unknowns preserved.","Specific future assertion/measurement plan at provider-adapters.md;scenario-controls.md:S01,S02,S32;timing-and-observability.md:T01; NOT RUN. api-journey-verification.md measures perprincipalAPI and samples; scenario-controls.md fixes percase dependencies/stops; all actual outcomes and named approvals remain absent."
REQ-11,対象障害でRPO≦5分、確定済み業務データ,Recovery/RPO/data integrity,P0,障害時刻－復旧した最新確定データ時刻≦300秒。データ間整合・欠損/重複も確認。対象障害はREQ-10,"REQ-07, REQ-10, REQ-23, REQ-24",Latest confirmed-write watermark definition/≤300s fixed; measurement and fencing proof absent,"Numerical shape, capacity, threshold, hours and quantity proposals in operational-envelope.md / conditional-bill-of-quantities.csv are UNAPPROVED; no assumption replaces formal business facts.",Could lose confirmed writes or restore inconsistent user data.,"D5 current anchors: timing-and-observability.md:T07/T08;recovery-ledger-predicate.md;scenario-controls.md:S01,S02,S10,S16; conditional proposals only; fixed source/unknowns preserved.","Specific future assertion/measurement plan at timing-and-observability.md:T07/T08;recovery-ledger-predicate.md;scenario-controls.md:S01,S02,S10,S16; NOT RUN. api-journey-verification.md measures perprincipalAPI and samples; scenario-controls.md fixes percase dependencies/stops; all actual outcomes and named approvals remain absent."
REQ-12,"初期本番＋最小開発検証、税込100,000円/月以内",Cost/budget,P0,通信/DNS/監視/ログ/backup/security/認証/メール込み。人件費/ドメイン/人的サポート除外を別記。無料枠/クレジット/長期割引非依存、変動余裕・超過調整を明示,REQ-02–REQ-18,Taxinclusive 100000 JPY production + minimum dev mandatory fee scope/exclusions fixed; regionalquotes/devapproval/invoice FX/tax open,"Numerical shape, capacity, threshold, hours and quantity proposals in operational-envelope.md / conditional-bill-of-quantities.csv are UNAPPROVED; no assumption replaces formal business facts.",No budget fit decision with missing meter totals.,D5 current anchors: cost-configuration-D5.md;quote-completeness.csv:C01-C13;conditional-bill-of-quantities.csv; conditional proposals only; fixed source/unknowns preserved.,Specific future assertion/measurement plan at cost-configuration-D5.md;quote-completeness.csv:C01-C13;conditional-bill-of-quantities.csv; NOT RUN. api-journey-verification.md measures perprincipalAPI and samples; scenario-controls.md fixes percase dependencies/stops; all actual outcomes and named approvals remain absent.
REQ-13,開発5名・専任1名、平日日中対応、夜間即応保証なし,Operations/staffing,P0,夜間通知と自動復旧の範囲を明示し、人の即応に依存した30分適合を認めない。未達は体制/要件調整事項,"REQ-10, REQ-12, REQ-18",Weekday/no night guarantee fixed; names/approvedhours/coverage open,"Numerical shape, capacity, threshold, hours and quantity proposals in operational-envelope.md / conditional-bill-of-quantities.csv are UNAPPROVED; no assumption replaces formal business facts.",No reliable operation/recovery outside weekday hours.,D5 current anchors: operations-accounting.md;scenario-controls.md:S23;broker-enforcement.md; conditional proposals only; fixed source/unknowns preserved.,Specific future assertion/measurement plan at operations-accounting.md;scenario-controls.md:S23;broker-enforcement.md; NOT RUN. api-journey-verification.md measures perprincipalAPI and samples; scenario-controls.md fixes percase dependencies/stops; all actual outcomes and named approvals remain absent.
REQ-14,Web/GitHubと基本クラウド/IaC経験、Kubernetes本番経験なし、既存契約/連携優先なし,Operations/skills,P1,運用負担と教育・引継ぎを比較理由へ反映。経験不足だけで製品採否を事前決定しない,"REQ-13, REQ-18",Skills/team/no preference fixed; training and proposed one-time hours unapproved,"Numerical shape, capacity, threshold, hours and quantity proposals in operational-envelope.md / conditional-bill-of-quantities.csv are UNAPPROVED; no assumption replaces formal business facts.","Skill gaps affect training, on-call and complexity but do not predetermine provider.",D5 current anchors: README.md;preserved current original-design anchors; conditional proposals only; fixed source/unknowns preserved.,Specific future assertion/measurement plan at README.md;preserved current original-design anchors; NOT RUN. api-journey-verification.md measures perprincipalAPI and samples; scenario-controls.md fixes percase dependencies/stops; all actual outcomes and named approvals remain absent.
REQ-15,将来ピーク10倍と3年100万人を分離、将来予算未確定,Scale/growth,P1,10倍の基準は100 RPS→1000 RPS。継続時間は仮定を明示。増強指標/費用/変更移行条件を提示、初期上限を成長時へ流用しない,"REQ-04–REQ-06, REQ-12, REQ-18",1000 RPS×15m independent fixed; future budget/activeusage/shape approval open,"Numerical shape, capacity, threshold, hours and quantity proposals in operational-envelope.md / conditional-bill-of-quantities.csv are UNAPPROVED; no assumption replaces formal business facts.",Initial budget cannot be carried into growth capacity.,D5 current anchors: admission-and-rollout.md;scenario-controls.md:S20;api-journey-verification.md; conditional proposals only; fixed source/unknowns preserved.,Specific future assertion/measurement plan at admission-and-rollout.md;scenario-controls.md:S20;api-journey-verification.md; NOT RUN. api-journey-verification.md measures perprincipalAPI and samples; scenario-controls.md fixes percase dependencies/stops; all actual outcomes and named approvals remain absent.
REQ-16,個人情報保護・暗号化・秘密情報・IAM・監査、ログにPII/認証情報原則なし,Security/IAM/audit,P0,権限境界・ログマスキング・監査を設計、実データを証跡に含めない。監査保持と管理権限詳細を明記,"REQ-07, REQ-08, REQ-13, REQ-18",Exact unsupported permission memberships/effective grants unverified; ledger linkage/retention and staffing open,"Numerical shape, capacity, threshold, hours and quantity proposals in operational-envelope.md / conditional-bill-of-quantities.csv are UNAPPROVED; no assumption replaces formal business facts.",Security assurance and deletion/retention evidence remain incomplete.,D5 current anchors: broker-enforcement.md;iam-action-matrix.csv;recovery-ledger-predicate.md;timing-and-observability.md:T10; conditional proposals only; fixed source/unknowns preserved.,Specific future assertion/measurement plan at broker-enforcement.md;iam-action-matrix.csv;recovery-ledger-predicate.md;timing-and-observability.md:T10; NOT RUN. api-journey-verification.md measures perprincipalAPI and samples; scenario-controls.md fixes percase dependencies/stops; all actual outcomes and named approvals remain absent.
REQ-17,基盤/DB/AZ/リージョン/CDN/WAF/境界の採否比較,Architecture/selection,P1,A-2で採否・根拠・代替・見直し条件を記録。今回は選定なし,"REQ-08, REQ-09, REQ-12, REQ-15",Proposal only; regional feature/placement/quote and owner approval open,"Numerical shape, capacity, threshold, hours and quantity proposals in operational-envelope.md / conditional-bill-of-quantities.csv are UNAPPROVED; no assumption replaces formal business facts.",Selection cannot be defended until the three comparable alternatives are shown.,D5 current anchors: provider-adapters.md;adoption-decisions.md;scenario-controls.md:S35; conditional proposals only; fixed source/unknowns preserved.,Specific future assertion/measurement plan at provider-adapters.md;adoption-decisions.md;scenario-controls.md:S35; NOT RUN. api-journey-verification.md measures perprincipalAPI and samples; scenario-controls.md fixes percase dependencies/stops; all actual outcomes and named approvals remain absent.
REQ-18,監視/IaC/State/CI-CD/環境分離/rollback/移行性,Operations/IaC/migration,P1,最小開発検証環境の数・稼働時間と運用責任を予算内候補で明示。設計詳細はA-2,"REQ-13, REQ-17, REQ-19",CI/state vendor and dev isolation/runtime approval open; no pipeline implementation or test,"Numerical shape, capacity, threshold, hours and quantity proposals in operational-envelope.md / conditional-bill-of-quantities.csv are UNAPPROVED; no assumption replaces formal business facts.","Incomplete environment/rollback details affect cost, security and migration.",D5 current anchors: migration-checkpoints.md:M0-M7;admission-and-rollout.md;operations-accounting.md; conditional proposals only; fixed source/unknowns preserved.,Specific future assertion/measurement plan at migration-checkpoints.md:M0-M7;admission-and-rollout.md;operations-accounting.md; NOT RUN. api-journey-verification.md measures perprincipalAPI and samples; scenario-controls.md fixes percase dependencies/stops; all actual outcomes and named approvals remain absent.
REQ-19,100点・5段階・合格条件を適用,Evaluation/governance,P0,A-3/B-3等で初回案/レビュー後を採点し、人間欄は空欄維持。A-1完了を設計合格としない,frozen evaluation/rubric.md,Independent review required; human evaluation blank,"Numerical shape, capacity, threshold, hours and quantity proposals in operational-envelope.md / conditional-bill-of-quantities.csv are UNAPPROVED; no assumption replaces formal business facts.",Any rubric change would invalidate comparison.,D5 current anchors: README.md;preserved current original-design anchors; conditional proposals only; fixed source/unknowns preserved.,Specific future assertion/measurement plan at README.md;preserved current original-design anchors; NOT RUN. api-journey-verification.md measures perprincipalAPI and samples; scenario-controls.md fixes percase dependencies/stops; all actual outcomes and named approvals remain absent.
REQ-20,公開GitHub・PR/Issue相互リンク・秘密情報除外,Publication/traceability,P0,回答→要件→将来判断/検証を追跡し、差分・リンク・公開対象・remote一致を確認,current task private-storage boundary,Original GitHub requirement preserved; this task explicitly private/no publication,"Numerical shape, capacity, threshold, hours and quantity proposals in operational-envelope.md / conditional-bill-of-quantities.csv are UNAPPROVED; no assumption replaces formal business facts.",GitHub publication forbidden; local evidence must still be traceable.,D5 current anchors: README.md;preserved current original-design anchors; conditional proposals only; fixed source/unknowns preserved.,Specific future assertion/measurement plan at README.md;preserved current original-design anchors; NOT RUN. api-journey-verification.md measures perprincipalAPI and samples; scenario-controls.md fixes percase dependencies/stops; all actual outcomes and named approvals remain absent.
REQ-21,今回はA-1のみ、A/B資源作成なし,Scope/safety,P0,今回サービス選定・クラウド操作・PRマージなし。次回A-2は明示指示待ち,current task authorization and safety boundary,Historical A-1-only source preserved; current authorized improvement scope supersedes stage restriction for private design only,"Numerical shape, capacity, threshold, hours and quantity proposals in operational-envelope.md / conditional-bill-of-quantities.csv are UNAPPROVED; no assumption replaces formal business facts.",Avoid cloud execution and any historical instructions conflicting with current authorization.,D5 current anchors: README.md;preserved current original-design anchors; conditional proposals only; fixed source/unknowns preserved.,Specific future assertion/measurement plan at README.md;preserved current original-design anchors; NOT RUN. api-journey-verification.md measures perprincipalAPI and samples; scenario-controls.md fixes percase dependencies/stops; all actual outcomes and named approvals remain absent.
REQ-22,C予算/期限はC-0、独立変更シナリオ・cleanup,Experiment governance,P0,C-0で上限/期限/許可、後続で同一基準・変更/削除/残存証跡を確認,no live C execution authorized,Cbudget/deadline/resources/cleanup approval absent; no execution,"Numerical shape, capacity, threshold, hours and quantity proposals in operational-envelope.md / conditional-bill-of-quantities.csv are UNAPPROVED; no assumption replaces formal business facts.",C-phase expenses/cleanup are not a permitted activity in this rerun.,"D5 current anchors: scenario-controls.md:S20,S29,S35;quote-completeness.csv;original formal supplement; conditional proposals only; fixed source/unknowns preserved.","Specific future assertion/measurement plan at scenario-controls.md:S20,S29,S35;quote-completeness.csv;original formal supplement; NOT RUN. api-journey-verification.md measures perprincipalAPI and samples; scenario-controls.md fixes percase dependencies/stops; all actual outcomes and named approvals remain absent."
REQ-23,誤削除/論理破損は開始判断から4時間以内の暫定目標,Recovery/logical corruption,P0,判断時刻と復旧終了を記録し≦4時間を評価。復元時点/正常更新救済/損失を説明。発見までの時間は別に明示,"REQ-07, REQ-10, REQ-11, REQ-24",Tentative decision-to240m fixed; known-good point/salvage/loss/publication authority and deletion replay proof open,"Numerical shape, capacity, threshold, hours and quantity proposals in operational-envelope.md / conditional-bill-of-quantities.csv are UNAPPROVED; no assumption replaces formal business facts.",Recovery may be impossible for valid writes after corruption; HOLD for acceptance.,"D5 current anchors: recovery-ledger-predicate.md;scenario-controls.md:S08,S16,S31,S33; conditional proposals only; fixed source/unknowns preserved.","Specific future assertion/measurement plan at recovery-ledger-predicate.md;scenario-controls.md:S08,S16,S31,S33; NOT RUN. api-journey-verification.md measures perprincipalAPI and samples; scenario-controls.md fixes percase dependencies/stops; all actual outcomes and named approvals remain absent."
REQ-24,リージョン停止は30分/5分範囲外、方針/費用/限界は必須,DR/region outage,P1,リージョン停止方針・概算・限界をA-2で提示。未合意の別RTO/RPOを保証と記録しない,"REQ-08, REQ-11, REQ-23",Region loss outside 30m/5m fixed; domesticcopy/DRscope/objective/cost/authority open,"Numerical shape, capacity, threshold, hours and quantity proposals in operational-envelope.md / conditional-bill-of-quantities.csv are UNAPPROVED; no assumption replaces formal business facts.","Regional DR cost, data loss and recovery time cannot be represented as a promise.",D5 current anchors: provider-adapters.md;recovery-ledger-predicate.md;scenario-controls.md:S03;cost-configuration-D5.md; conditional proposals only; fixed source/unknowns preserved.,Specific future assertion/measurement plan at provider-adapters.md;recovery-ledger-predicate.md;scenario-controls.md:S03;cost-configuration-D5.md; NOT RUN. api-journey-verification.md measures perprincipalAPI and samples; scenario-controls.md fixes percase dependencies/stops; all actual outcomes and named approvals remain absent.
