scenario_id,scenario,proposed_detection,customer_data_impact,dependencies,unattended_proposed,staffed_steps,clock_target,stop_condition,cost_increment,coverage,evidence_anchor,status
S01,Single AZ loss,T01/T07; operational-envelope.md threshold register,Principal API outage; writes may stall or commit across failover.,"Failover, route health, remaining-zone capacity, DB fencing/replica, retries/pools, DNS and probe/alert routes.",replace stateless replicas; managed HA promotion only with provider-fenced writer and confirmed watermark; refresh pool,Platform/DB validates surviving-zone capacity and commit/outbox reconciliation,65s detect;120s isolate;600s provider;300s pool;300s stable;415s margin,no fencing or watermark>300s;25m without stable window,Delta = measured quantities x matching official rates for remaining-zone compute+DB promotion+interzone traffic; add temporary copy retention and role hours separately (labor outside cap). Rates/quantities U; never zero.; conditional-bill-of-quantities.csv for proposed resource counts,Weekday daytime formal baseline; named primary/backup and preapproval absent; no night response promise,scenario-controls.md:S01; provider-adapters.md; timing-and-observability.md; admission-and-rollout.md; broker-enforcement.md; recovery-ledger-predicate.md; operations-accounting.md; migration-checkpoints.md; quote-completeness.csv as applicable,CONDITIONAL DESK PROPOSAL; no approvals/execution/outcome; current scenario-controls.md governs inherited shorthand
S02,DB primary process/storage failure,T01/T04/T07; operational-envelope.md threshold register,Transactions fail or uncertain commit; possible split writer and outbox inconsistency.,"DB fencing/promotion, endpoint refresh, pool reset/backoff, idempotent transaction/outbox reconciliation.",open circuit; discard stale pooled connections; resolve idempotency keys against fenced primary; no blind writes,DB operator investigates storage/promotion; business loss authority if watermark uncertain,same 1800s budget;RPO confirmed watermark≤300s,two writer endpoints or uncertain commit;15m freeze repeated mutation,Delta = measured quantities x matching official rates for promotion+retry IO+duplicate transaction reconciliation; add temporary copy retention and role hours separately (labor outside cap). Rates/quantities U; never zero.; conditional-bill-of-quantities.csv for proposed resource counts,Weekday daytime formal baseline; named primary/backup and preapproval absent; no night response promise,scenario-controls.md:S02; provider-adapters.md; timing-and-observability.md; admission-and-rollout.md; broker-enforcement.md; recovery-ledger-predicate.md; operations-accounting.md; migration-checkpoints.md; quote-completeness.csv as applicable,CONDITIONAL DESK PROPOSAL; no approvals/execution/outcome; current scenario-controls.md governs inherited shorthand
S03,Region unavailability/control-plane outage,T01; operational-envelope.md threshold register,Entire service unavailable; latest regional data may be unreachable.,"Independent alert path, region copy/key/IaC/CI credentials, quotas, DNS, restore quarantine and approved DR target.",record outage via independent route; preserve last commit watermark; block cross-region write promotion,"DR authority chooses approved Japan destination, keys, copy and data-loss boundary",outside 30m/5m;conditional cold decision+24h;300s stable,unapproved geography/key/copy or no authority: retain outage,Delta = measured quantities x matching official rates for standby/rebuild+copy storage+regional transfer+DNS+quarantine; add temporary copy retention and role hours separately (labor outside cap). Rates/quantities U; never zero.; conditional-bill-of-quantities.csv for proposed resource counts,Weekday daytime formal baseline; named primary/backup and preapproval absent; no night response promise,scenario-controls.md:S03; provider-adapters.md; timing-and-observability.md; admission-and-rollout.md; broker-enforcement.md; recovery-ledger-predicate.md; operations-accounting.md; migration-checkpoints.md; quote-completeness.csv as applicable,CONDITIONAL DESK PROPOSAL; no approvals/execution/outcome; current scenario-controls.md governs inherited shorthand
S04,DNS misconfiguration,T01; operational-envelope.md threshold register,Customers cannot resolve correct entrance; traffic may reach wrong endpoint.,"Known-good zone revision, authorized rollback, registrar/provider control plane and resolver propagation.",compare approved DNS manifest; automatic rollback only a known signed prior configuration with available authoritative control plane,DNS/release operator repairs delegation and validates independent resolution,TTL300s proposal;detect 65s+rollback 300s+cache 600s+stable 300s;unproved,unknown delegation or failed rollback: stop repeated changes,Delta = measured quantities x matching official rates for DNS queries+temporary endpoint+operator effort; add temporary copy retention and role hours separately (labor outside cap). Rates/quantities U; never zero.; conditional-bill-of-quantities.csv for proposed resource counts,Weekday daytime formal baseline; named primary/backup and preapproval absent; no night response promise,scenario-controls.md:S04; provider-adapters.md; timing-and-observability.md; admission-and-rollout.md; broker-enforcement.md; recovery-ledger-predicate.md; operations-accounting.md; migration-checkpoints.md; quote-completeness.csv as applicable,CONDITIONAL DESK PROPOSAL; no approvals/execution/outcome; current scenario-controls.md governs inherited shorthand
S05,TLS certificate expiry/wrong name/failed renewal,T13/T01; operational-envelope.md threshold register,TLS clients reject entrance; avoid disabling certificate validation.,"Renewal challenge, key permissions, issuer/vendor, edge binding and rollback; preserve TLS validation.",renewal retries 30s/2m/10m capped 3; rollback known valid cert while preserving hostname/keys,Security/platform repairs CA/DNS validation permissions,renew well before expiry;outage clock includes DNS/CA and300s stable,no valid key/certificate or7d warning unresolved;never weaken TLS,Delta = measured quantities x matching official rates for certificate/vendor fee+rotation+edge rebinding; add temporary copy retention and role hours separately (labor outside cap). Rates/quantities U; never zero.; conditional-bill-of-quantities.csv for proposed resource counts,Weekday daytime formal baseline; named primary/backup and preapproval absent; no night response promise,scenario-controls.md:S05; provider-adapters.md; timing-and-observability.md; admission-and-rollout.md; broker-enforcement.md; recovery-ledger-predicate.md; operations-accounting.md; migration-checkpoints.md; quote-completeness.csv as applicable,CONDITIONAL DESK PROPOSAL; no approvals/execution/outcome; current scenario-controls.md governs inherited shorthand
S06,Authentication provider outage/token validation failure,T01/T05; operational-envelope.md threshold register,Login and session refresh unavailable; authorization integrity at risk.,"Vendor availability/escalation, JWKS cache policy, session revocation, authorization integrity; no unsafe fail-open.",bounded auth circuit; preserve secure token rules; valid cached keys only within vendor-defined TTL; no bypass,Auth owner/vendor repairs dependency; revoke sessions only with authority,principal dependency remains in monthly SLO;30m dependency target owner-open,unknown signing key/expired token:fail closed; no new login,Delta = measured quantities x matching official rates for auth requests+vendor fee+session recovery; add temporary copy retention and role hours separately (labor outside cap). Rates/quantities U; never zero.; conditional-bill-of-quantities.csv for proposed resource counts,Weekday daytime formal baseline; named primary/backup and preapproval absent; no night response promise,scenario-controls.md:S06; provider-adapters.md; timing-and-observability.md; admission-and-rollout.md; broker-enforcement.md; recovery-ledger-predicate.md; operations-accounting.md; migration-checkpoints.md; quote-completeness.csv as applicable,CONDITIONAL DESK PROPOSAL; no approvals/execution/outcome; current scenario-controls.md governs inherited shorthand
S07,Mail provider outage/duplicates/delivery backlog,T06; operational-envelope.md threshold register,Mail delayed/duplicated; principal API unaffected unless retry resources saturate.,"Atomic outbox, idempotency, bounded backoff, provider status reconciliation and DLQ replay.",Atomic outbox;global retry<=10%;max5 TOTAL sends including initial;after failures30s/2m/10m/30m thenDLQ;24h ageHOLD;no blind ambiguous resend,Mail steward decides aged/DLQ resend after 24h and recipient copy boundary,oldest 60s warn/300s critical;delivery outside API latency/SLO,duplicate ambiguity or queue>5000:halt optional send intake;never drop business outbox,Delta = measured quantities x matching official rates for queue messages+retry sends+DLQ retention; add temporary copy retention and role hours separately (labor outside cap). Rates/quantities U; never zero.; conditional-bill-of-quantities.csv for proposed resource counts,Weekday daytime formal baseline; named primary/backup and preapproval absent; no night response promise,scenario-controls.md:S07; provider-adapters.md; timing-and-observability.md; admission-and-rollout.md; broker-enforcement.md; recovery-ledger-predicate.md; operations-accounting.md; migration-checkpoints.md; quote-completeness.csv as applicable,CONDITIONAL DESK PROPOSAL; no approvals/execution/outcome; current scenario-controls.md governs inherited shorthand
S08,Accidental SQL deletion/logical corruption,T08/T01; operational-envelope.md threshold register,Valid SQL rows lost/corrupted; later good writes require reconciliation.,"Writer isolation, restore point, later-write reconciliation, deletion replay, integrity check and publication approval.",fence suspected writer;quarantine new operations;preserve valid-write journal;no automatic restore publication,"DB+business authority selects point, salvages writes, replays deletion, authorizes reopening",decision-based 240m allocation in operational-envelope;detection counted separately in SLO,"unknown corruption boundary, incomplete ledger or lost-write decision absent",Delta = measured quantities x matching official rates for restored DB+quarantine storage+PITR read+forensics; add temporary copy retention and role hours separately (labor outside cap). Rates/quantities U; never zero.; conditional-bill-of-quantities.csv for proposed resource counts,Weekday daytime formal baseline; named primary/backup and preapproval absent; no night response promise,scenario-controls.md:S08; provider-adapters.md; timing-and-observability.md; admission-and-rollout.md; broker-enforcement.md; recovery-ledger-predicate.md; operations-accounting.md; migration-checkpoints.md; quote-completeness.csv as applicable,CONDITIONAL DESK PROPOSAL; no approvals/execution/outcome; current scenario-controls.md governs inherited shorthand
S09,Deletion work-item delay/permanent failure,T09; operational-envelope.md threshold register,Departed-user data persists in one or more active copies beyond deadline.,"Exhaustive copy inventory, retry worker, vendor APIs, audit/ledger access, terminal-error escalation and deletion owner.","retry transient work 30s/2m/10m, then DLQ;retry due hourly;reconcile all-copy receipts daily",Privacy steward resolves legal/copy exception;executor fixes permanent permission,20/25/28d proposals before formal 30d;start event owner-open,missing receipt/permanent denial orage 28d:cannot close;escalate,Delta = measured quantities x matching official rates for per-copy deletion/list requests+worker+evidence storage; add temporary copy retention and role hours separately (labor outside cap). Rates/quantities U; never zero.; conditional-bill-of-quantities.csv for proposed resource counts,Weekday daytime formal baseline; named primary/backup and preapproval absent; no night response promise,scenario-controls.md:S09; provider-adapters.md; timing-and-observability.md; admission-and-rollout.md; broker-enforcement.md; recovery-ledger-predicate.md; operations-accounting.md; migration-checkpoints.md; quote-completeness.csv as applicable,CONDITIONAL DESK PROPOSAL; no approvals/execution/outcome; current scenario-controls.md governs inherited shorthand
S10,Replication lag,T07; operational-envelope.md threshold register,Replica lacks confirmed business updates or deletion; failover can lose data.,"Source/destination inventory, replication permission, keys, bandwidth, backlog drain and consistent watermark.",throttle async replication backlog and fence stale promotion;use primary for own-write reads,DB/platform traces replication route and restores safely,60s warn/240s critical;RPO≤300s formal,unknown watermark orlag>300s forbids promotion,Delta = measured quantities x matching official rates for replica backlog storage+backfill transfer; add temporary copy retention and role hours separately (labor outside cap). Rates/quantities U; never zero.; conditional-bill-of-quantities.csv for proposed resource counts,Weekday daytime formal baseline; named primary/backup and preapproval absent; no night response promise,scenario-controls.md:S10; provider-adapters.md; timing-and-observability.md; admission-and-rollout.md; broker-enforcement.md; recovery-ledger-predicate.md; operations-accounting.md; migration-checkpoints.md; quote-completeness.csv as applicable,CONDITIONAL DESK PROPOSAL; no approvals/execution/outcome; current scenario-controls.md governs inherited shorthand
S11,Permanent replication failure/permissions or destination unavailable,T07/T09; operational-envelope.md threshold register,Destination never receives objects/updates/deletes; backup/recovery proof incomplete.,"Destination IAM/availability, key access, repair/backfill, retained source and confirmation by full inventory.",bounded replay after destination health returns;preserve source/version work items and receipts,Platform+security repairs permission/destination;approves any destination change,Application copy worker terminal result5s ingest+5s dispatch proposal;native source event delayU;no universal65s onset claim;deletion clocks continue,permanent denial ordestination geography unapproved,Delta = measured quantities x matching official rates for backfill requests+duplicate versions+key requests; add temporary copy retention and role hours separately (labor outside cap). Rates/quantities U; never zero.; conditional-bill-of-quantities.csv for proposed resource counts,Weekday daytime formal baseline; named primary/backup and preapproval absent; no night response promise,scenario-controls.md:S11; provider-adapters.md; timing-and-observability.md; admission-and-rollout.md; broker-enforcement.md; recovery-ledger-predicate.md; operations-accounting.md; migration-checkpoints.md; quote-completeness.csv as applicable,CONDITIONAL DESK PROPOSAL; no approvals/execution/outcome; current scenario-controls.md governs inherited shorthand
S12,Current object version deletion,T09; operational-envelope.md threshold register,Current image remains retrievable after delete request; admin uploads are only initial path.,"Version-specific delete API, replicated deletion semantics, inventory permission, cache invalidation and proof.",enumerate exact current version plus replica work;delete only signed case objects;verify receipt/read-denied,Deletion executor resolves overwrite racing with case manifest,daily reconcile;30d active bound;publication cannot reintroduce case,"new writes orscope widening:pause case, keep user withdrawn",Delta = measured quantities x matching official rates for version delete/list+CDN purge; add temporary copy retention and role hours separately (labor outside cap). Rates/quantities U; never zero.; conditional-bill-of-quantities.csv for proposed resource counts,Weekday daytime formal baseline; named primary/backup and preapproval absent; no night response promise,scenario-controls.md:S12; provider-adapters.md; timing-and-observability.md; admission-and-rollout.md; broker-enforcement.md; recovery-ledger-predicate.md; operations-accounting.md; migration-checkpoints.md; quote-completeness.csv as applicable,CONDITIONAL DESK PROPOSAL; no approvals/execution/outcome; current scenario-controls.md governs inherited shorthand
S13,Noncurrent object versions retained/restored,T09; operational-envelope.md threshold register,Noncurrent version can resurrect deleted object despite current GET denial.,"Version inventory, backup restore quarantine, lifecycle, replication and deletion replay.",enumerate noncurrent generation/version IDs;purge approved case versions and copies;recheck,Privacy/platform accepts retention exception if any,30d active/35d oldest backup;no lifecycle-only proof,version lock/soft-delete delay beyond limit ormissing inventory,Delta = measured quantities x matching official rates for version inventory+purge+restore verification; add temporary copy retention and role hours separately (labor outside cap). Rates/quantities U; never zero.; conditional-bill-of-quantities.csv for proposed resource counts,Weekday daytime formal baseline; named primary/backup and preapproval absent; no night response promise,scenario-controls.md:S13; provider-adapters.md; timing-and-observability.md; admission-and-rollout.md; broker-enforcement.md; recovery-ledger-predicate.md; operations-accounting.md; migration-checkpoints.md; quote-completeness.csv as applicable,CONDITIONAL DESK PROPOSAL; no approvals/execution/outcome; current scenario-controls.md governs inherited shorthand
S14,Delete markers obscure surviving versions/replica behavior,T09; operational-envelope.md threshold register,Delete marker hides intact prior version; source and destination differ.,"Delete-marker semantics, explicit version purge, replica state and restore process.",enumerate markers separately from data versions;do not treat marker as deletion receipt,Executor evaluates replica marker behavior and per-version disappearance,same deletion bounds;repeat daily until receipts complete,surviving version orunknown replication semantics,Delta = measured quantities x matching official rates for list/delete markers+explicit version purge; add temporary copy retention and role hours separately (labor outside cap). Rates/quantities U; never zero.; conditional-bill-of-quantities.csv for proposed resource counts,Weekday daytime formal baseline; named primary/backup and preapproval absent; no night response promise,scenario-controls.md:S14; provider-adapters.md; timing-and-observability.md; admission-and-rollout.md; broker-enforcement.md; recovery-ledger-predicate.md; operations-accounting.md; migration-checkpoints.md; quote-completeness.csv as applicable,CONDITIONAL DESK PROPOSAL; no approvals/execution/outcome; current scenario-controls.md governs inherited shorthand
S15,Incomplete multipart uploads/orphan parts,T09; operational-envelope.md threshold register,Unfinished parts retain bytes and continue storage charge outside visible objects.,"Multipart inventory/abort permission, writer quiesce, orphan parts and billing cleanup lag.",abort known case-related unfinished multipart uploads after 24h proposed;daily orphan inventory,Content/platform verifies abandoned upload ownership and evidence,"24h abandonment is proposal, no accepted delete clock substitute",cannot identify parts/case scope:do not bulk purge,Delta = measured quantities x matching official rates for multipart listing/abort+retained part GB-days; add temporary copy retention and role hours separately (labor outside cap). Rates/quantities U; never zero.; conditional-bill-of-quantities.csv for proposed resource counts,Weekday daytime formal baseline; named primary/backup and preapproval absent; no night response promise,scenario-controls.md:S15; provider-adapters.md; timing-and-observability.md; admission-and-rollout.md; broker-enforcement.md; recovery-ledger-predicate.md; operations-accounting.md; migration-checkpoints.md; quote-completeness.csv as applicable,CONDITIONAL DESK PROPOSAL; no approvals/execution/outcome; current scenario-controls.md governs inherited shorthand
S16,Backup coverage gap or stale/missing restore point,T08; operational-envelope.md threshold register,Restore cannot reach expected good point; deletion replay may be incomplete.,"Backup scheduler, source consistency, storage capacity, key access, restore compute, deletion replay.",Daily backup status separately;30s actually recoverable watermark sample +5s read+5s dispatch;unknown/stale sample blocks promotion; see timing-and-observability.md,DB operator repairs backup chain and creates approved fresh backup,26h backup alarm;240s PITR lag alarm;formalRPO≤300s,no known-good point ordeletion replay ledger absent,Delta = measured quantities x matching official rates for new backup+restore compute+verification IO; add temporary copy retention and role hours separately (labor outside cap). Rates/quantities U; never zero.; conditional-bill-of-quantities.csv for proposed resource counts,Weekday daytime formal baseline; named primary/backup and preapproval absent; no night response promise,scenario-controls.md:S16; provider-adapters.md; timing-and-observability.md; admission-and-rollout.md; broker-enforcement.md; recovery-ledger-predicate.md; operations-accounting.md; migration-checkpoints.md; quote-completeness.csv as applicable,CONDITIONAL DESK PROPOSAL; no approvals/execution/outcome; current scenario-controls.md governs inherited shorthand
S17,Key scheduled deletion wait or completed key loss,Advance provider lifecycle event +15min state/deadline poll;missing20min UNKNOWN;dependency decrypt canary;exact feed/permission supportU,Key loss makes valid backup unreadable; pending key can retain exposure/cost.,"KMS policy/admin, deletion waiting period, backup decryptability and controlled key recovery; completed loss may be irreversible.","detect decrypt failure,stop unsafe writes;never automatically destroy or cancel key deletion",Dual security authority decides cancel/recovery within provider wait;completed destruction may be irrecoverable,key wait provider-specific U;no four-hour/30m promise from encryption topology,key unavailable and no authorized recovery;backup encrypted by lost key not recoverable,Delta = measured quantities x matching official rates for pending-key days+key requests+secret version storage; add temporary copy retention and role hours separately (labor outside cap). Rates/quantities U; never zero.; conditional-bill-of-quantities.csv for proposed resource counts,Weekday daytime formal baseline; named primary/backup and preapproval absent; no night response promise,scenario-controls.md:S17; provider-adapters.md; timing-and-observability.md; admission-and-rollout.md; broker-enforcement.md; recovery-ledger-predicate.md; operations-accounting.md; migration-checkpoints.md; quote-completeness.csv as applicable,CONDITIONAL DESK PROPOSAL; no approvals/execution/outcome; current scenario-controls.md governs inherited shorthand
S18,Telemetry volume/cardinality/cost surge,T10/T11; operational-envelope.md threshold register,Telemetry spend grows; evidence may be dropped by ingestion saturation.,"Ingest controls, sampling/drop policy, cardinality limits, retention/export and spend alerting.",cap debug sampling/cardinality;redact;retain independent required audit,Observability/cost owner approves retention/export changes,10 GiB logs/2 GiB audit proposals;15 GiB log forecast trigger,"audit integrity risk orforecast uncertain:freeze optional change,not audit deletion",Delta = measured quantities x matching official rates for ingest GB+retention GB-days+query/probe count; add temporary copy retention and role hours separately (labor outside cap). Rates/quantities U; never zero.; conditional-bill-of-quantities.csv for proposed resource counts,Weekday daytime formal baseline; named primary/backup and preapproval absent; no night response promise,scenario-controls.md:S18; provider-adapters.md; timing-and-observability.md; admission-and-rollout.md; broker-enforcement.md; recovery-ledger-predicate.md; operations-accounting.md; migration-checkpoints.md; quote-completeness.csv as applicable,CONDITIONAL DESK PROPOSAL; no approvals/execution/outcome; current scenario-controls.md governs inherited shorthand
S19,Synthetic canary/probe absent or overload/credential failure,T13; operational-envelope.md threshold register,Outage invisible or false alerts; monthly SLI coverage invalid.,"Independent monitoring path, credential rotation, probe account, network/DNS and rate limits.",restart probe once;rotate preapproved credential with overlap;use second route;alert missing 90s,Probe/app owner repairs synthetic account/route;independent vendor if required,Parallel25s groups;two intervals already corroborated;<=60s modeled dispatch+5s margin;boundUNKNOWN if scheduling/evidence missing;no human receipt bound,all probes absent:health unknown;do not declare stable recovery,Delta = measured quantities x matching official rates for probe execution+network+secret rotation; add temporary copy retention and role hours separately (labor outside cap). Rates/quantities U; never zero.; conditional-bill-of-quantities.csv for proposed resource counts,Weekday daytime formal baseline; named primary/backup and preapproval absent; no night response promise,scenario-controls.md:S19; provider-adapters.md; timing-and-observability.md; admission-and-rollout.md; broker-enforcement.md; recovery-ledger-predicate.md; operations-accounting.md; migration-checkpoints.md; quote-completeness.csv as applicable,CONDITIONAL DESK PROPOSAL; no approvals/execution/outcome; current scenario-controls.md governs inherited shorthand
S20,Independent 1000 RPS x15m growth stress; sustained sensitivity separate,T02/T03/T04; operational-envelope.md threshold register,Future sustained load is outside specified burst; API/pool/queue can saturate.,"Load generator, representative API/data, autoscaling quotas, pool/DB capacity, telemetry and budget guardrail.",admission 256 concurrent;max8 replicas;429 excess;retry-after 1s;DB pool remains bounded,Growth owner approves 20+ replicas/recomputed DB or revised workload budget,1000 RPS×900s=900000 requests;max8 cannot serve assumed 50 RPS each,"formalp 95/error target missed orpool gate reached:record failure,not capacity compliance",Delta = measured quantities x matching official rates for extra replicas+DB IO+queue+egress; add temporary copy retention and role hours separately (labor outside cap). Rates/quantities U; never zero.; conditional-bill-of-quantities.csv for proposed resource counts,Weekday daytime formal baseline; named primary/backup and preapproval absent; no night response promise,scenario-controls.md:S20; provider-adapters.md; timing-and-observability.md; admission-and-rollout.md; broker-enforcement.md; recovery-ledger-predicate.md; operations-accounting.md; migration-checkpoints.md; quote-completeness.csv as applicable,CONDITIONAL DESK PROPOSAL; no approvals/execution/outcome; current scenario-controls.md governs inherited shorthand
S21,Queue retry storm,T05/T06; operational-envelope.md threshold register,Retries multiply costs and duplicate side effects; mail/queue starve API.,"Retry budget, idempotency, exponential backoff/jitter, DLQ, provider availability and queue capacity.",Atomic outbox;global retry<=10%;max5 TOTAL sends including initial;after failures30s/2m/10m/30m thenDLQ;24h ageHOLD;no blind ambiguous resend,App/mail owner reconciles idempotency/commit status before replay,30s/2m/10m/30m/2h max5;24h age hold,vendor duplicate uncertain orDLQ replay lacks authorization,Delta = measured quantities x matching official rates for retry request count+mail sends+DLQ+logs; add temporary copy retention and role hours separately (labor outside cap). Rates/quantities U; never zero.; conditional-bill-of-quantities.csv for proposed resource counts,Weekday daytime formal baseline; named primary/backup and preapproval absent; no night response promise,scenario-controls.md:S21; provider-adapters.md; timing-and-observability.md; admission-and-rollout.md; broker-enforcement.md; recovery-ledger-predicate.md; operations-accounting.md; migration-checkpoints.md; quote-completeness.csv as applicable,CONDITIONAL DESK PROPOSAL; no approvals/execution/outcome; current scenario-controls.md governs inherited shorthand
S22,Connection-pool exhaustion/autoscale stampede,T04/T03; operational-envelope.md threshold register,API latency/errors rise; autoscaling multiplies DB connections.,"Pool sizing vs DB limit, max concurrency, autoscale ramp, backpressure, timeout/retry coordination.",Per-replica8 SQL connections plus aggregateAPIrole80;global256 active/32pending permits;operations10 includescoordinator4;allrevision epoch/lease fence; see admission-and-rollout.md,DB/app validates max_connections and query tuning;approved vertical scale,80% pool warning;30 ms p95 wait;50 ms reject,budget exceeded orunknown max_connections:reduce replicas/admission,Delta = measured quantities x matching official rates for extra replicas+DB tier+failed/retried IO; add temporary copy retention and role hours separately (labor outside cap). Rates/quantities U; never zero.; conditional-bill-of-quantities.csv for proposed resource counts,Weekday daytime formal baseline; named primary/backup and preapproval absent; no night response promise,scenario-controls.md:S22; provider-adapters.md; timing-and-observability.md; admission-and-rollout.md; broker-enforcement.md; recovery-ledger-predicate.md; operations-accounting.md; migration-checkpoints.md; quote-completeness.csv as applicable,CONDITIONAL DESK PROPOSAL; no approvals/execution/outcome; current scenario-controls.md governs inherited shorthand
S23,On-call/operator absence incl nights/weekends/leave,T01/T12; operational-envelope.md threshold register,Night/weekend incident persists without human action; roster vacancy on leave.,"Automation, escalation contact/vendor response, identity access, runbook permissions and accepted coverage roster.",execute only preapproved bounded automations;queue independent notifications and preserve incident record,Named daytime primary/backup resumes business/key/loss decisions,no night 30m response assumed;HOLD if automation cannot recover before 1800s,no authority:never auto-escalate IAM/spend/data publication,Delta = measured quantities x matching official rates for responder/backup hours+temporary recovery infrastructure; add temporary copy retention and role hours separately (labor outside cap). Rates/quantities U; never zero.; conditional-bill-of-quantities.csv for proposed resource counts,Weekday daytime formal baseline; named primary/backup and preapproval absent; no night response promise,scenario-controls.md:S23; provider-adapters.md; timing-and-observability.md; admission-and-rollout.md; broker-enforcement.md; recovery-ledger-predicate.md; operations-accounting.md; migration-checkpoints.md; quote-completeness.csv as applicable,CONDITIONAL DESK PROPOSAL; no approvals/execution/outcome; current scenario-controls.md governs inherited shorthand
S24,Patch backlog/vulnerable image or dependency,T12; operational-envelope.md threshold register,Known vulnerability remains deployed; rushed patch causes outage.,"Build provenance, scanner, patch availability, compatibility test, staged rollout and rollback access.",deny vulnerable digest new deploy if preapproved policy;rollback signed prior digest on canary failure,Security/release owner patches and approves change;staffing capacity needed,24h triage/72h critical fix;7d high/30d others proposals,no safe digest orcritical exposure with no authority: isolate permitted path,Delta = measured quantities x matching official rates for build/scan+staged overlap+rollback capacity; add temporary copy retention and role hours separately (labor outside cap). Rates/quantities U; never zero.; conditional-bill-of-quantities.csv for proposed resource counts,Weekday daytime formal baseline; named primary/backup and preapproval absent; no night response promise,scenario-controls.md:S24; provider-adapters.md; timing-and-observability.md; admission-and-rollout.md; broker-enforcement.md; recovery-ledger-predicate.md; operations-accounting.md; migration-checkpoints.md; quote-completeness.csv as applicable,CONDITIONAL DESK PROPOSAL; no approvals/execution/outcome; current scenario-controls.md governs inherited shorthand
S25,Provider/vendor feature/price/region/contract change,T11; operational-envelope.md threshold register,"Region feature or contract changes invalidate geography, HA or cost assumptions.","Vendor notices, contract terms, regional availability, migration path, source rates and owner review authority.",detect quote/feature drift in daily public-doc review plan;freeze new dependent changes,"Architecture/cost owner reassesses equivalent services, geography and migration",daily planning check;no cloud poll or watch executed,required feature/geography orquote uncertain:selection HOLD,Delta = measured quantities x matching official rates for migration overlap+export/egress+training+repricing; add temporary copy retention and role hours separately (labor outside cap). Rates/quantities U; never zero.; conditional-bill-of-quantities.csv for proposed resource counts,Weekday daytime formal baseline; named primary/backup and preapproval absent; no night response promise,scenario-controls.md:S25; provider-adapters.md; timing-and-observability.md; admission-and-rollout.md; broker-enforcement.md; recovery-ledger-predicate.md; operations-accounting.md; migration-checkpoints.md; quote-completeness.csv as applicable,CONDITIONAL DESK PROPOSAL; no approvals/execution/outcome; current scenario-controls.md governs inherited shorthand
S26,Official price page unavailable or selector absent,T11; operational-envelope.md threshold register,Quote evidence unavailable; cannot infer cap fit/overrun,Keep Cloud SQL/Azure/Tokyo Fargate rates U; quarantine derived totals; request matching official capture/quote,retain last source with date/status;mark exact rate U;do not substitute region orcredits,Quote owner obtains official selector/export orseller quote,source-access limitation;no live substitute,mandatory regional rate U:all-in total U,Source access effort hours outside cap; quoted mandatory meters remain U; conditional-bill-of-quantities.csv for proposed resource counts,Weekday daytime formal baseline; named primary/backup and preapproval absent; no night response promise,scenario-controls.md:S26; provider-adapters.md; timing-and-observability.md; admission-and-rollout.md; broker-enforcement.md; recovery-ledger-predicate.md; operations-accounting.md; migration-checkpoints.md; quote-completeness.csv as applicable,CONDITIONAL DESK PROPOSAL; no approvals/execution/outcome; current scenario-controls.md governs inherited shorthand
S27,FX weakens JPY by illustrative 20%,T11; operational-envelope.md threshold register,USD denominated invoice grows; cap headroom may vanish,Reprice USD amounts at actual FX; sensitivities do not change architecture without approval,recompute quoted USD×referenceFX×1.2 sensitivity;freeze optional new spend if approved,Buyer sets billingFX/spread and reserve;cap decision,illustrative 20% FX shock;not an approved margin,incomplete total orinvoice FX U:cannot assess cap,"For known USD amount X, reference sensitivity X x 156.9969 x 1.2; all-in X/tax/buffer still U; conditional-bill-of-quantities.csv for proposed resource counts",Weekday daytime formal baseline; named primary/backup and preapproval absent; no night response promise,scenario-controls.md:S27; provider-adapters.md; timing-and-observability.md; admission-and-rollout.md; broker-enforcement.md; recovery-ledger-predicate.md; operations-accounting.md; migration-checkpoints.md; quote-completeness.csv as applicable,CONDITIONAL DESK PROPOSAL; no approvals/execution/outcome; current scenario-controls.md governs inherited shorthand
S28,Tax/seller treatment changes or invoice differs,T11; operational-envelope.md threshold register,Tax-inclusive cap underestimated if unsupported generic factor used,Obtain invoice/contract tax basis; preserve tax U pending authorized accounting answer,retain original currency/meter and explicit tax U;no generic tax factor,Buyer/accounting resolves seller/customerinvoice treatment,fixed 100000 JPY tax-inclusive;exclusions already answered,tax line unknown:tax-inclusive cap evidence incomplete,Delta = actual tax/fees minus approved quoted tax/fees; operands U; no presumed 10% multiplier; conditional-bill-of-quantities.csv for proposed resource counts,Weekday daytime formal baseline; named primary/backup and preapproval absent; no night response promise,scenario-controls.md:S28; provider-adapters.md; timing-and-observability.md; admission-and-rollout.md; broker-enforcement.md; recovery-ledger-predicate.md; operations-accounting.md; migration-checkpoints.md; quote-completeness.csv as applicable,CONDITIONAL DESK PROPOSAL; no approvals/execution/outcome; current scenario-controls.md governs inherited shorthand
S29,Monthly equivalent cost doubles,T11; operational-envelope.md threshold register,Cap may fail; no evidence baseline is <=100000 yet,Case analysis of rates/usage/retention; compare approved lower cost configuration without reducing HA/deletion/security,recompute known-plus-U×2 sensitivity;gate optional expansion only with approved limits,Buyer provides overage budget ordesign tradeoff acceptance,doubling is shock scenario;no known cap failure/success,finite all-in cannot be calculated with mandatory U,Illustrative 2 x complete tax-inclusive baseline; baseline U therefore total/overrun U; conditional-bill-of-quantities.csv for proposed resource counts,Weekday daytime formal baseline; named primary/backup and preapproval absent; no night response promise,scenario-controls.md:S29; provider-adapters.md; timing-and-observability.md; admission-and-rollout.md; broker-enforcement.md; recovery-ledger-predicate.md; operations-accounting.md; migration-checkpoints.md; quote-completeness.csv as applicable,CONDITIONAL DESK PROPOSAL; no approvals/execution/outcome; current scenario-controls.md governs inherited shorthand
S30,Minimum-dev runtime or isolation expands,T11/T03; operational-envelope.md threshold register,Required additional cloud cost and production coupling/security risk,Define isolated minimum app/DB/state/telemetry proposal; approve count/hours and reprice,schedule preapproved dev stops with completion receipts only after later validation;do not assume stopped DB/storage free,Dev owner approves 176h vs730h and isolation shape,dev730/176 ratio 4.1477 for runtime only meters;fixed/retained charges still apply,dev runtime orshared PII scope unapproved,Additional dev billed seconds/DB storage/backup/network/security; rates and hours U; conditional-bill-of-quantities.csv for proposed resource counts,Weekday daytime formal baseline; named primary/backup and preapproval absent; no night response promise,scenario-controls.md:S30; provider-adapters.md; timing-and-observability.md; admission-and-rollout.md; broker-enforcement.md; recovery-ledger-predicate.md; operations-accounting.md; migration-checkpoints.md; quote-completeness.csv as applicable,CONDITIONAL DESK PROPOSAL; no approvals/execution/outcome; current scenario-controls.md governs inherited shorthand
S31,Deletion ledger or audit proof copy survives retention,T09/T08; operational-envelope.md threshold register,Proof itself may retain identifying linkage beyond approved exception,Agree minimal permitted fields/retention; replay tombstones in quarantine; prove every ledger/audit copy expiry,daily ledger/audit inventory;separate minimized pseudonymous receipt from subject link;restrict access;block restore without valid replay,Privacy authority approves retention/linkage deletion and evidence-copy boundary,30d active/35d backup constraints;no42d exception assumed,unapproved link survives deadline orledger removed before oldest backup:case/restore HOLD,Ledger storage+replicas+export+purge+restore reconciliation U; conditional-bill-of-quantities.csv for proposed resource counts,Weekday daytime formal baseline; named primary/backup and preapproval absent; no night response promise,scenario-controls.md:S31; provider-adapters.md; timing-and-observability.md; admission-and-rollout.md; broker-enforcement.md; recovery-ledger-predicate.md; operations-accounting.md; migration-checkpoints.md; quote-completeness.csv as applicable,CONDITIONAL DESK PROPOSAL; no approvals/execution/outcome; current scenario-controls.md governs inherited shorthand
S32,Process crash/runtime replacement/restart loop,See scenario-controls.md:S32 and timing-and-observability.md,Failed API/uncertain commit;unsafe loop ornetwork/imagecapacity delays,Provider network/runtime/identity/key/ledger/route dependencies; explicit native gaps in provider-adapters.md,Only preapproved bounded controls; presently disabled until owner authority/validation,Separate named platform/business/privacy/security authority; names/hours/coverageU,REQ10<=1800s impact through300s stable;REQ11<=300s confirmed-data gap,No safe digest/readysurvivor/fencedprimary or3start failures/10m,C01..C13 required incremental compute/network/SQL/copy/key/identity/telemetry/overlap quantities x matched ratesU; laboroutsidecap,Weekday daytime; no night guaranteed human; approved authorityU,scenario-controls.md:S32; provider-adapters.md; migration-checkpoints.md; recovery-ledger-predicate.md,CONDITIONAL DESK PROPOSAL / NOT RUN / UNVERIFIED
S33,Independent deletion ledger/audit loss or corruption,See scenario-controls.md:S33 and timing-and-observability.md,Old backup can resurrect departed subjects;lostreceipt/linkage makesreplay unknowable,Provider network/runtime/identity/key/ledger/route dependencies; explicit native gaps in provider-adapters.md,Only preapproved bounded controls; presently disabled until owner authority/validation,Separate named platform/business/privacy/security authority; names/hours/coverageU,30dactive/35dbackup;logicaldecision4h tentative;formalRTO applies only relevantREQ10 fault,Missing contiguous trustedcheckpoint/independentH/usablelinkage/percopyreceipts:neverpublish,C01..C13 required incremental compute/network/SQL/copy/key/identity/telemetry/overlap quantities x matched ratesU; laboroutsidecap,Weekday daytime; no night guaranteed human; approved authorityU,scenario-controls.md:S33; provider-adapters.md; migration-checkpoints.md; recovery-ledger-predicate.md,CONDITIONAL DESK PROPOSAL / NOT RUN / UNVERIFIED
S34,WAF false positive/bad edge rollout,See scenario-controls.md:S34 and timing-and-observability.md,Principal reads/writes blocked despite healthyDB;monthlySLOimpact,Provider network/runtime/identity/key/ledger/route dependencies; explicit native gaps in provider-adapters.md,Only preapproved bounded controls; presently disabled until owner authority/validation,Separate named platform/business/privacy/security authority; names/hours/coverageU,Monthly99.9 includes;additionaldependencyRTOowneropen;noobservedresult,Unsafe originbypass orunknownlastgoodrule/controlplaneunavailable,C01..C13 required incremental compute/network/SQL/copy/key/identity/telemetry/overlap quantities x matched ratesU; laboroutsidecap,Weekday daytime; no night guaranteed human; approved authorityU,scenario-controls.md:S34; provider-adapters.md; migration-checkpoints.md; recovery-ledger-predicate.md,CONDITIONAL DESK PROPOSAL / NOT RUN / UNVERIFIED
S35,Public IP prohibition scope change,See scenario-controls.md:S35 and timing-and-observability.md,Publicedge/vendor-egress/probe/CI pathsmay becomeinfeasible,Provider network/runtime/identity/key/ledger/route dependencies; explicit native gaps in provider-adapters.md,Only preapproved bounded controls; presently disabled until owner authority/validation,Separate named platform/business/privacy/security authority; names/hours/coverageU,No approvedchangedacceptance scope/objective;independentbaseline changecase,Unansweredscope/geography/privatepath/quote:selectionHOLD,C01..C13 required incremental compute/network/SQL/copy/key/identity/telemetry/overlap quantities x matched ratesU; laboroutsidecap,Weekday daytime; no night guaranteed human; approved authorityU,scenario-controls.md:S35; provider-adapters.md; migration-checkpoints.md; recovery-ledger-predicate.md,CONDITIONAL DESK PROPOSAL / NOT RUN / UNVERIFIED
