finding_id,scenario,measurable_detector_and_threshold,recovery_sequence_and_dependencies,verification_evidence,clock_and_acceptance,incremental_cost_calculation,owner_scope_unanswered,current_specific_plan
F01,Single AZ loss,Current specific conditional detector/timing/status at scenario-controls.md:S01;scenario-recovery-D5.csv:S01;timing-and-observability.md;provider-adapters.md;api-journey-verification.md;broker-enforcement.md;recovery-ledger-predicate.md as applicable; original approval gaps retained. NOT RUN.,"Failover, route health, remaining-zone capacity, DB fencing/replica, retries/pools, DNS and probe/alert routes.","UTC timestamps for detection, alert, action, dependency readiness, first valid response and end of stable window; config/source revision; aggregate metrics and synthetic IDs only; no personal data/secrets. Capture before/after watermarks and reconciliation where data applies. Specific per-route asserts/samples inapi-journey-matrix.csv and respectivecurrent scenario; formal clocks/source/unknowns preserved; noexecutedoutcome.","REQ-10: outage onset through 5 stable minutes <=1800s; REQ-11: confirmed-data gap <=300s; thresholds defined, no measured result.",Incremental = extra compute/standby + DB/object/queue/log/transfer/request meters + retention/quarantine + vendor fees + responder hours; quantity=measured duration×rate or bytes×rate; rates/volumes currently U.,"Failure scope, response hours, accountable primary/backup, vendor escalation, retention/location, threshold and acceptance authority remain UNANSWERED wherever not explicit in frozen requirement.",scenario-controls.md:S01;scenario-recovery-D5.csv:S01;timing-and-observability.md;provider-adapters.md;api-journey-verification.md;broker-enforcement.md;recovery-ledger-predicate.md as applicable
F02,DB primary process/storage failure,Current specific conditional detector/timing/status at scenario-controls.md:S02;scenario-recovery-D5.csv:S02;timing-and-observability.md;provider-adapters.md;api-journey-verification.md;broker-enforcement.md;recovery-ledger-predicate.md as applicable; original approval gaps retained. NOT RUN.,"DB fencing/promotion, endpoint refresh, pool reset/backoff, idempotent transaction/outbox reconciliation.","UTC timestamps for detection, alert, action, dependency readiness, first valid response and end of stable window; config/source revision; aggregate metrics and synthetic IDs only; no personal data/secrets. Capture before/after watermarks and reconciliation where data applies. Specific per-route asserts/samples inapi-journey-matrix.csv and respectivecurrent scenario; formal clocks/source/unknowns preserved; noexecutedoutcome.","REQ-10: outage onset through 5 stable minutes <=1800s; REQ-11: confirmed-data gap <=300s; thresholds defined, no measured result.",Incremental = extra compute/standby + DB/object/queue/log/transfer/request meters + retention/quarantine + vendor fees + responder hours; quantity=measured duration×rate or bytes×rate; rates/volumes currently U.,"Failure scope, response hours, accountable primary/backup, vendor escalation, retention/location, threshold and acceptance authority remain UNANSWERED wherever not explicit in frozen requirement.",scenario-controls.md:S02;scenario-recovery-D5.csv:S02;timing-and-observability.md;provider-adapters.md;api-journey-verification.md;broker-enforcement.md;recovery-ledger-predicate.md as applicable
F03,Region unavailability/control-plane outage,Current specific conditional detector/timing/status at scenario-controls.md:S03;scenario-recovery-D5.csv:S03;timing-and-observability.md;provider-adapters.md;api-journey-verification.md;broker-enforcement.md;recovery-ledger-predicate.md as applicable; original approval gaps retained. NOT RUN.,"Independent alert path, region copy/key/IaC/CI credentials, quotas, DNS, restore quarantine and approved DR target.","UTC timestamps for detection, alert, action, dependency readiness, first valid response and end of stable window; config/source revision; aggregate metrics and synthetic IDs only; no personal data/secrets. Capture before/after watermarks and reconciliation where data applies. Specific per-route asserts/samples inapi-journey-matrix.csv and respectivecurrent scenario; formal clocks/source/unknowns preserved; noexecutedoutcome.",Applicable SLO/deletion/recovery target only after scope answer; no inferred RTO/RPO and no measured evidence.,Incremental = extra compute/standby + DB/object/queue/log/transfer/request meters + retention/quarantine + vendor fees + responder hours; quantity=measured duration×rate or bytes×rate; rates/volumes currently U.,"Failure scope, response hours, accountable primary/backup, vendor escalation, retention/location, threshold and acceptance authority remain UNANSWERED wherever not explicit in frozen requirement.",scenario-controls.md:S03;scenario-recovery-D5.csv:S03;timing-and-observability.md;provider-adapters.md;api-journey-verification.md;broker-enforcement.md;recovery-ledger-predicate.md as applicable
F04,DNS misconfiguration,Current specific conditional detector/timing/status at scenario-controls.md:S04;scenario-recovery-D5.csv:S04;timing-and-observability.md;provider-adapters.md;api-journey-verification.md;broker-enforcement.md;recovery-ledger-predicate.md as applicable; original approval gaps retained. NOT RUN.,"Known-good zone revision, authorized rollback, registrar/provider control plane and resolver propagation.","UTC timestamps for detection, alert, action, dependency readiness, first valid response and end of stable window; config/source revision; aggregate metrics and synthetic IDs only; no personal data/secrets. Capture before/after watermarks and reconciliation where data applies. Specific per-route asserts/samples inapi-journey-matrix.csv and respectivecurrent scenario; formal clocks/source/unknowns preserved; noexecutedoutcome.",Applicable SLO/deletion/recovery target only after scope answer; no inferred RTO/RPO and no measured evidence.,Incremental = extra compute/standby + DB/object/queue/log/transfer/request meters + retention/quarantine + vendor fees + responder hours; quantity=measured duration×rate or bytes×rate; rates/volumes currently U.,"Failure scope, response hours, accountable primary/backup, vendor escalation, retention/location, threshold and acceptance authority remain UNANSWERED wherever not explicit in frozen requirement.",scenario-controls.md:S04;scenario-recovery-D5.csv:S04;timing-and-observability.md;provider-adapters.md;api-journey-verification.md;broker-enforcement.md;recovery-ledger-predicate.md as applicable
F05,TLS certificate expiry/wrong name/failed renewal,Current specific conditional detector/timing/status at scenario-controls.md:S05;scenario-recovery-D5.csv:S05;timing-and-observability.md;provider-adapters.md;api-journey-verification.md;broker-enforcement.md;recovery-ledger-predicate.md as applicable; original approval gaps retained. NOT RUN.,"Renewal challenge, key permissions, issuer/vendor, edge binding and rollback; preserve TLS validation.","UTC timestamps for detection, alert, action, dependency readiness, first valid response and end of stable window; config/source revision; aggregate metrics and synthetic IDs only; no personal data/secrets. Capture before/after watermarks and reconciliation where data applies. Specific per-route asserts/samples inapi-journey-matrix.csv and respectivecurrent scenario; formal clocks/source/unknowns preserved; noexecutedoutcome.",Applicable SLO/deletion/recovery target only after scope answer; no inferred RTO/RPO and no measured evidence.,Incremental = extra compute/standby + DB/object/queue/log/transfer/request meters + retention/quarantine + vendor fees + responder hours; quantity=measured duration×rate or bytes×rate; rates/volumes currently U.,"Failure scope, response hours, accountable primary/backup, vendor escalation, retention/location, threshold and acceptance authority remain UNANSWERED wherever not explicit in frozen requirement.",scenario-controls.md:S05;scenario-recovery-D5.csv:S05;timing-and-observability.md;provider-adapters.md;api-journey-verification.md;broker-enforcement.md;recovery-ledger-predicate.md as applicable
F06,Authentication provider outage/token validation failure,Current specific conditional detector/timing/status at scenario-controls.md:S06;scenario-recovery-D5.csv:S06;timing-and-observability.md;provider-adapters.md;api-journey-verification.md;broker-enforcement.md;recovery-ledger-predicate.md as applicable; original approval gaps retained. NOT RUN.,"Vendor availability/escalation, JWKS cache policy, session revocation, authorization integrity; no unsafe fail-open.","UTC timestamps for detection, alert, action, dependency readiness, first valid response and end of stable window; config/source revision; aggregate metrics and synthetic IDs only; no personal data/secrets. Capture before/after watermarks and reconciliation where data applies. Specific per-route asserts/samples inapi-journey-matrix.csv and respectivecurrent scenario; formal clocks/source/unknowns preserved; noexecutedoutcome.",Applicable SLO/deletion/recovery target only after scope answer; no inferred RTO/RPO and no measured evidence.,Incremental = extra compute/standby + DB/object/queue/log/transfer/request meters + retention/quarantine + vendor fees + responder hours; quantity=measured duration×rate or bytes×rate; rates/volumes currently U.,"Failure scope, response hours, accountable primary/backup, vendor escalation, retention/location, threshold and acceptance authority remain UNANSWERED wherever not explicit in frozen requirement.",scenario-controls.md:S06;scenario-recovery-D5.csv:S06;timing-and-observability.md;provider-adapters.md;api-journey-verification.md;broker-enforcement.md;recovery-ledger-predicate.md as applicable
F07,Mail provider outage/duplicates/delivery backlog,Current specific conditional detector/timing/status at scenario-controls.md:S07;scenario-recovery-D5.csv:S07;timing-and-observability.md;provider-adapters.md;api-journey-verification.md;broker-enforcement.md;recovery-ledger-predicate.md as applicable; original approval gaps retained. NOT RUN.,"Atomic outbox, idempotency, bounded backoff, provider status reconciliation and DLQ replay.","UTC timestamps for detection, alert, action, dependency readiness, first valid response and end of stable window; config/source revision; aggregate metrics and synthetic IDs only; no personal data/secrets. Capture before/after watermarks and reconciliation where data applies. Specific per-route asserts/samples inapi-journey-matrix.csv and respectivecurrent scenario; formal clocks/source/unknowns preserved; noexecutedoutcome.",Applicable SLO/deletion/recovery target only after scope answer; no inferred RTO/RPO and no measured evidence.,Incremental = extra compute/standby + DB/object/queue/log/transfer/request meters + retention/quarantine + vendor fees + responder hours; quantity=measured duration×rate or bytes×rate; rates/volumes currently U.,"Failure scope, response hours, accountable primary/backup, vendor escalation, retention/location, threshold and acceptance authority remain UNANSWERED wherever not explicit in frozen requirement.",scenario-controls.md:S07;scenario-recovery-D5.csv:S07;timing-and-observability.md;provider-adapters.md;api-journey-verification.md;broker-enforcement.md;recovery-ledger-predicate.md as applicable
F08,Accidental SQL deletion/logical corruption,Current specific conditional detector/timing/status at scenario-controls.md:S08;scenario-recovery-D5.csv:S08;timing-and-observability.md;provider-adapters.md;api-journey-verification.md;broker-enforcement.md;recovery-ledger-predicate.md as applicable; original approval gaps retained. NOT RUN.,"Writer isolation, restore point, later-write reconciliation, deletion replay, integrity check and publication approval.","UTC timestamps for detection, alert, action, dependency readiness, first valid response and end of stable window; config/source revision; aggregate metrics and synthetic IDs only; no personal data/secrets. Capture before/after watermarks and reconciliation where data applies. Specific per-route asserts/samples inapi-journey-matrix.csv and respectivecurrent scenario; formal clocks/source/unknowns preserved; noexecutedoutcome.",REQ-23 provisional 4h from human decision; detection separate; valid-write loss acceptance UNANSWERED.,Incremental = extra compute/standby + DB/object/queue/log/transfer/request meters + retention/quarantine + vendor fees + responder hours; quantity=measured duration×rate or bytes×rate; rates/volumes currently U.,"Failure scope, response hours, accountable primary/backup, vendor escalation, retention/location, threshold and acceptance authority remain UNANSWERED wherever not explicit in frozen requirement.",scenario-controls.md:S08;scenario-recovery-D5.csv:S08;timing-and-observability.md;provider-adapters.md;api-journey-verification.md;broker-enforcement.md;recovery-ledger-predicate.md as applicable
F09,Deletion work-item delay/permanent failure,Current specific conditional detector/timing/status at scenario-controls.md:S09;scenario-recovery-D5.csv:S09;timing-and-observability.md;provider-adapters.md;api-journey-verification.md;broker-enforcement.md;recovery-ledger-predicate.md as applicable; original approval gaps retained. NOT RUN.,"Exhaustive copy inventory, retry worker, vendor APIs, audit/ledger access, terminal-error escalation and deletion owner.","UTC timestamps for detection, alert, action, dependency readiness, first valid response and end of stable window; config/source revision; aggregate metrics and synthetic IDs only; no personal data/secrets. Capture before/after watermarks and reconciliation where data applies. Specific per-route asserts/samples inapi-journey-matrix.csv and respectivecurrent scenario; formal clocks/source/unknowns preserved; noexecutedoutcome.","Active deletion ≤30d; backup maximum age ≤35d; distinct clocks, ledger semantics and proof remain UNANSWERED.",Incremental = extra compute/standby + DB/object/queue/log/transfer/request meters + retention/quarantine + vendor fees + responder hours; quantity=measured duration×rate or bytes×rate; rates/volumes currently U.,"Failure scope, response hours, accountable primary/backup, vendor escalation, retention/location, threshold and acceptance authority remain UNANSWERED wherever not explicit in frozen requirement.",scenario-controls.md:S09;scenario-recovery-D5.csv:S09;timing-and-observability.md;provider-adapters.md;api-journey-verification.md;broker-enforcement.md;recovery-ledger-predicate.md as applicable
F10,Replication lag,Current specific conditional detector/timing/status at scenario-controls.md:S10;scenario-recovery-D5.csv:S10;timing-and-observability.md;provider-adapters.md;api-journey-verification.md;broker-enforcement.md;recovery-ledger-predicate.md as applicable; original approval gaps retained. NOT RUN.,"Source/destination inventory, replication permission, keys, bandwidth, backlog drain and consistent watermark.","UTC timestamps for detection, alert, action, dependency readiness, first valid response and end of stable window; config/source revision; aggregate metrics and synthetic IDs only; no personal data/secrets. Capture before/after watermarks and reconciliation where data applies. Specific per-route asserts/samples inapi-journey-matrix.csv and respectivecurrent scenario; formal clocks/source/unknowns preserved; noexecutedoutcome.",Applicable SLO/deletion/recovery target only after scope answer; no inferred RTO/RPO and no measured evidence.,Incremental = extra compute/standby + DB/object/queue/log/transfer/request meters + retention/quarantine + vendor fees + responder hours; quantity=measured duration×rate or bytes×rate; rates/volumes currently U.,"Failure scope, response hours, accountable primary/backup, vendor escalation, retention/location, threshold and acceptance authority remain UNANSWERED wherever not explicit in frozen requirement.",scenario-controls.md:S10;scenario-recovery-D5.csv:S10;timing-and-observability.md;provider-adapters.md;api-journey-verification.md;broker-enforcement.md;recovery-ledger-predicate.md as applicable
F11,Permanent replication failure/permissions or destination unavailable,Current specific conditional detector/timing/status at scenario-controls.md:S11;scenario-recovery-D5.csv:S11;timing-and-observability.md;provider-adapters.md;api-journey-verification.md;broker-enforcement.md;recovery-ledger-predicate.md as applicable; original approval gaps retained. NOT RUN.,"Destination IAM/availability, key access, repair/backfill, retained source and confirmation by full inventory.","UTC timestamps for detection, alert, action, dependency readiness, first valid response and end of stable window; config/source revision; aggregate metrics and synthetic IDs only; no personal data/secrets. Capture before/after watermarks and reconciliation where data applies. Specific per-route asserts/samples inapi-journey-matrix.csv and respectivecurrent scenario; formal clocks/source/unknowns preserved; noexecutedoutcome.",Applicable SLO/deletion/recovery target only after scope answer; no inferred RTO/RPO and no measured evidence.,Incremental = extra compute/standby + DB/object/queue/log/transfer/request meters + retention/quarantine + vendor fees + responder hours; quantity=measured duration×rate or bytes×rate; rates/volumes currently U.,"Failure scope, response hours, accountable primary/backup, vendor escalation, retention/location, threshold and acceptance authority remain UNANSWERED wherever not explicit in frozen requirement.",scenario-controls.md:S11;scenario-recovery-D5.csv:S11;timing-and-observability.md;provider-adapters.md;api-journey-verification.md;broker-enforcement.md;recovery-ledger-predicate.md as applicable
F12,Current object version deletion,Current specific conditional detector/timing/status at scenario-controls.md:S12;scenario-recovery-D5.csv:S12;timing-and-observability.md;provider-adapters.md;api-journey-verification.md;broker-enforcement.md;recovery-ledger-predicate.md as applicable; original approval gaps retained. NOT RUN.,"Version-specific delete API, replicated deletion semantics, inventory permission, cache invalidation and proof.","UTC timestamps for detection, alert, action, dependency readiness, first valid response and end of stable window; config/source revision; aggregate metrics and synthetic IDs only; no personal data/secrets. Capture before/after watermarks and reconciliation where data applies. Specific per-route asserts/samples inapi-journey-matrix.csv and respectivecurrent scenario; formal clocks/source/unknowns preserved; noexecutedoutcome.","Active deletion ≤30d; backup maximum age ≤35d; distinct clocks, ledger semantics and proof remain UNANSWERED.",Incremental = extra compute/standby + DB/object/queue/log/transfer/request meters + retention/quarantine + vendor fees + responder hours; quantity=measured duration×rate or bytes×rate; rates/volumes currently U.,"Failure scope, response hours, accountable primary/backup, vendor escalation, retention/location, threshold and acceptance authority remain UNANSWERED wherever not explicit in frozen requirement.",scenario-controls.md:S12;scenario-recovery-D5.csv:S12;timing-and-observability.md;provider-adapters.md;api-journey-verification.md;broker-enforcement.md;recovery-ledger-predicate.md as applicable
F13,Noncurrent object versions retained/restored,Current specific conditional detector/timing/status at scenario-controls.md:S13;scenario-recovery-D5.csv:S13;timing-and-observability.md;provider-adapters.md;api-journey-verification.md;broker-enforcement.md;recovery-ledger-predicate.md as applicable; original approval gaps retained. NOT RUN.,"Version inventory, backup restore quarantine, lifecycle, replication and deletion replay.","UTC timestamps for detection, alert, action, dependency readiness, first valid response and end of stable window; config/source revision; aggregate metrics and synthetic IDs only; no personal data/secrets. Capture before/after watermarks and reconciliation where data applies. Specific per-route asserts/samples inapi-journey-matrix.csv and respectivecurrent scenario; formal clocks/source/unknowns preserved; noexecutedoutcome.","Active deletion ≤30d; backup maximum age ≤35d; distinct clocks, ledger semantics and proof remain UNANSWERED.",Incremental = extra compute/standby + DB/object/queue/log/transfer/request meters + retention/quarantine + vendor fees + responder hours; quantity=measured duration×rate or bytes×rate; rates/volumes currently U.,"Failure scope, response hours, accountable primary/backup, vendor escalation, retention/location, threshold and acceptance authority remain UNANSWERED wherever not explicit in frozen requirement.",scenario-controls.md:S13;scenario-recovery-D5.csv:S13;timing-and-observability.md;provider-adapters.md;api-journey-verification.md;broker-enforcement.md;recovery-ledger-predicate.md as applicable
F14,Delete markers obscure surviving versions/replica behavior,Current specific conditional detector/timing/status at scenario-controls.md:S14;scenario-recovery-D5.csv:S14;timing-and-observability.md;provider-adapters.md;api-journey-verification.md;broker-enforcement.md;recovery-ledger-predicate.md as applicable; original approval gaps retained. NOT RUN.,"Delete-marker semantics, explicit version purge, replica state and restore process.","UTC timestamps for detection, alert, action, dependency readiness, first valid response and end of stable window; config/source revision; aggregate metrics and synthetic IDs only; no personal data/secrets. Capture before/after watermarks and reconciliation where data applies. Specific per-route asserts/samples inapi-journey-matrix.csv and respectivecurrent scenario; formal clocks/source/unknowns preserved; noexecutedoutcome.","Active deletion ≤30d; backup maximum age ≤35d; distinct clocks, ledger semantics and proof remain UNANSWERED.",Incremental = extra compute/standby + DB/object/queue/log/transfer/request meters + retention/quarantine + vendor fees + responder hours; quantity=measured duration×rate or bytes×rate; rates/volumes currently U.,"Failure scope, response hours, accountable primary/backup, vendor escalation, retention/location, threshold and acceptance authority remain UNANSWERED wherever not explicit in frozen requirement.",scenario-controls.md:S14;scenario-recovery-D5.csv:S14;timing-and-observability.md;provider-adapters.md;api-journey-verification.md;broker-enforcement.md;recovery-ledger-predicate.md as applicable
F15,Incomplete multipart uploads/orphan parts,Current specific conditional detector/timing/status at scenario-controls.md:S15;scenario-recovery-D5.csv:S15;timing-and-observability.md;provider-adapters.md;api-journey-verification.md;broker-enforcement.md;recovery-ledger-predicate.md as applicable; original approval gaps retained. NOT RUN.,"Multipart inventory/abort permission, writer quiesce, orphan parts and billing cleanup lag.","UTC timestamps for detection, alert, action, dependency readiness, first valid response and end of stable window; config/source revision; aggregate metrics and synthetic IDs only; no personal data/secrets. Capture before/after watermarks and reconciliation where data applies. Specific per-route asserts/samples inapi-journey-matrix.csv and respectivecurrent scenario; formal clocks/source/unknowns preserved; noexecutedoutcome.","Active deletion ≤30d; backup maximum age ≤35d; distinct clocks, ledger semantics and proof remain UNANSWERED.",Incremental = extra compute/standby + DB/object/queue/log/transfer/request meters + retention/quarantine + vendor fees + responder hours; quantity=measured duration×rate or bytes×rate; rates/volumes currently U.,"Failure scope, response hours, accountable primary/backup, vendor escalation, retention/location, threshold and acceptance authority remain UNANSWERED wherever not explicit in frozen requirement.",scenario-controls.md:S15;scenario-recovery-D5.csv:S15;timing-and-observability.md;provider-adapters.md;api-journey-verification.md;broker-enforcement.md;recovery-ledger-predicate.md as applicable
F16,Backup coverage gap or stale/missing restore point,Current specific conditional detector/timing/status at scenario-controls.md:S16;scenario-recovery-D5.csv:S16;timing-and-observability.md;provider-adapters.md;api-journey-verification.md;broker-enforcement.md;recovery-ledger-predicate.md as applicable; original approval gaps retained. NOT RUN.,"Backup scheduler, source consistency, storage capacity, key access, restore compute, deletion replay.","UTC timestamps for detection, alert, action, dependency readiness, first valid response and end of stable window; config/source revision; aggregate metrics and synthetic IDs only; no personal data/secrets. Capture before/after watermarks and reconciliation where data applies. Specific per-route asserts/samples inapi-journey-matrix.csv and respectivecurrent scenario; formal clocks/source/unknowns preserved; noexecutedoutcome.",Applicable SLO/deletion/recovery target only after scope answer; no inferred RTO/RPO and no measured evidence.,Incremental = extra compute/standby + DB/object/queue/log/transfer/request meters + retention/quarantine + vendor fees + responder hours; quantity=measured duration×rate or bytes×rate; rates/volumes currently U.,"Failure scope, response hours, accountable primary/backup, vendor escalation, retention/location, threshold and acceptance authority remain UNANSWERED wherever not explicit in frozen requirement.",scenario-controls.md:S16;scenario-recovery-D5.csv:S16;timing-and-observability.md;provider-adapters.md;api-journey-verification.md;broker-enforcement.md;recovery-ledger-predicate.md as applicable
F17,Key scheduled deletion wait or completed key loss,Current specific conditional detector/timing/status at scenario-controls.md:S17;scenario-recovery-D5.csv:S17;timing-and-observability.md;provider-adapters.md;api-journey-verification.md;broker-enforcement.md;recovery-ledger-predicate.md as applicable; original approval gaps retained. NOT RUN.,"KMS policy/admin, deletion waiting period, backup decryptability and controlled key recovery; completed loss may be irreversible.","UTC timestamps for detection, alert, action, dependency readiness, first valid response and end of stable window; config/source revision; aggregate metrics and synthetic IDs only; no personal data/secrets. Capture before/after watermarks and reconciliation where data applies. Specific per-route asserts/samples inapi-journey-matrix.csv and respectivecurrent scenario; formal clocks/source/unknowns preserved; noexecutedoutcome.",Applicable SLO/deletion/recovery target only after scope answer; no inferred RTO/RPO and no measured evidence.,Incremental = extra compute/standby + DB/object/queue/log/transfer/request meters + retention/quarantine + vendor fees + responder hours; quantity=measured duration×rate or bytes×rate; rates/volumes currently U.,"Failure scope, response hours, accountable primary/backup, vendor escalation, retention/location, threshold and acceptance authority remain UNANSWERED wherever not explicit in frozen requirement.",scenario-controls.md:S17;scenario-recovery-D5.csv:S17;timing-and-observability.md;provider-adapters.md;api-journey-verification.md;broker-enforcement.md;recovery-ledger-predicate.md as applicable
F18,Telemetry volume/cardinality/cost surge,Current specific conditional detector/timing/status at scenario-controls.md:S18;scenario-recovery-D5.csv:S18;timing-and-observability.md;provider-adapters.md;api-journey-verification.md;broker-enforcement.md;recovery-ledger-predicate.md as applicable; original approval gaps retained. NOT RUN.,"Ingest controls, sampling/drop policy, cardinality limits, retention/export and spend alerting.","UTC timestamps for detection, alert, action, dependency readiness, first valid response and end of stable window; config/source revision; aggregate metrics and synthetic IDs only; no personal data/secrets. Capture before/after watermarks and reconciliation where data applies. Specific per-route asserts/samples inapi-journey-matrix.csv and respectivecurrent scenario; formal clocks/source/unknowns preserved; noexecutedoutcome.",Applicable SLO/deletion/recovery target only after scope answer; no inferred RTO/RPO and no measured evidence.,Incremental = extra compute/standby + DB/object/queue/log/transfer/request meters + retention/quarantine + vendor fees + responder hours; quantity=measured duration×rate or bytes×rate; rates/volumes currently U.,"Failure scope, response hours, accountable primary/backup, vendor escalation, retention/location, threshold and acceptance authority remain UNANSWERED wherever not explicit in frozen requirement.",scenario-controls.md:S18;scenario-recovery-D5.csv:S18;timing-and-observability.md;provider-adapters.md;api-journey-verification.md;broker-enforcement.md;recovery-ledger-predicate.md as applicable
F19,Synthetic canary/probe absent or overload/credential failure,Current specific conditional detector/timing/status at scenario-controls.md:S19;scenario-recovery-D5.csv:S19;timing-and-observability.md;provider-adapters.md;api-journey-verification.md;broker-enforcement.md;recovery-ledger-predicate.md as applicable; original approval gaps retained. NOT RUN.,"Independent monitoring path, credential rotation, probe account, network/DNS and rate limits.","UTC timestamps for detection, alert, action, dependency readiness, first valid response and end of stable window; config/source revision; aggregate metrics and synthetic IDs only; no personal data/secrets. Capture before/after watermarks and reconciliation where data applies. Specific per-route asserts/samples inapi-journey-matrix.csv and respectivecurrent scenario; formal clocks/source/unknowns preserved; noexecutedoutcome.",Applicable SLO/deletion/recovery target only after scope answer; no inferred RTO/RPO and no measured evidence.,Incremental = extra compute/standby + DB/object/queue/log/transfer/request meters + retention/quarantine + vendor fees + responder hours; quantity=measured duration×rate or bytes×rate; rates/volumes currently U.,"Failure scope, response hours, accountable primary/backup, vendor escalation, retention/location, threshold and acceptance authority remain UNANSWERED wherever not explicit in frozen requirement.",scenario-controls.md:S19;scenario-recovery-D5.csv:S19;timing-and-observability.md;provider-adapters.md;api-journey-verification.md;broker-enforcement.md;recovery-ledger-predicate.md as applicable
F20,Independent1000RPS x15min stress; sustainedsensitivity separate,Current specific conditional detector/timing/status at scenario-controls.md:S20;scenario-recovery-D5.csv:S20;timing-and-observability.md;provider-adapters.md;api-journey-verification.md;broker-enforcement.md;recovery-ledger-predicate.md as applicable; original approval gaps retained. NOT RUN.,"Load generator, representative API/data, autoscaling quotas, pool/DB capacity, telemetry and budget guardrail.","UTC timestamps for detection, alert, action, dependency readiness, first valid response and end of stable window; config/source revision; aggregate metrics and synthetic IDs only; no personal data/secrets. Capture before/after watermarks and reconciliation where data applies. Specific per-route asserts/samples inapi-journey-matrix.csv and respectivecurrent scenario; formal clocks/source/unknowns preserved; noexecutedoutcome.",Applicable SLO/deletion/recovery target only after scope answer; no inferred RTO/RPO and no measured evidence.,Incremental = extra compute/standby + DB/object/queue/log/transfer/request meters + retention/quarantine + vendor fees + responder hours; quantity=measured duration×rate or bytes×rate; rates/volumes currently U.,"Failure scope, response hours, accountable primary/backup, vendor escalation, retention/location, threshold and acceptance authority remain UNANSWERED wherever not explicit in frozen requirement.",scenario-controls.md:S20;scenario-recovery-D5.csv:S20;timing-and-observability.md;provider-adapters.md;api-journey-verification.md;broker-enforcement.md;recovery-ledger-predicate.md as applicable
F21,Queue retry storm,Current specific conditional detector/timing/status at scenario-controls.md:S21;scenario-recovery-D5.csv:S21;timing-and-observability.md;provider-adapters.md;api-journey-verification.md;broker-enforcement.md;recovery-ledger-predicate.md as applicable; original approval gaps retained. NOT RUN.,"Retry budget, idempotency, exponential backoff/jitter, DLQ, provider availability and queue capacity.","UTC timestamps for detection, alert, action, dependency readiness, first valid response and end of stable window; config/source revision; aggregate metrics and synthetic IDs only; no personal data/secrets. Capture before/after watermarks and reconciliation where data applies. Specific per-route asserts/samples inapi-journey-matrix.csv and respectivecurrent scenario; formal clocks/source/unknowns preserved; noexecutedoutcome.",Applicable SLO/deletion/recovery target only after scope answer; no inferred RTO/RPO and no measured evidence.,Incremental = extra compute/standby + DB/object/queue/log/transfer/request meters + retention/quarantine + vendor fees + responder hours; quantity=measured duration×rate or bytes×rate; rates/volumes currently U.,"Failure scope, response hours, accountable primary/backup, vendor escalation, retention/location, threshold and acceptance authority remain UNANSWERED wherever not explicit in frozen requirement.",scenario-controls.md:S21;scenario-recovery-D5.csv:S21;timing-and-observability.md;provider-adapters.md;api-journey-verification.md;broker-enforcement.md;recovery-ledger-predicate.md as applicable
F22,Connection-pool exhaustion/autoscale stampede,Current specific conditional detector/timing/status at scenario-controls.md:S22;scenario-recovery-D5.csv:S22;timing-and-observability.md;provider-adapters.md;api-journey-verification.md;broker-enforcement.md;recovery-ledger-predicate.md as applicable; original approval gaps retained. NOT RUN.,"Pool sizing vs DB limit, max concurrency, autoscale ramp, backpressure, timeout/retry coordination.","UTC timestamps for detection, alert, action, dependency readiness, first valid response and end of stable window; config/source revision; aggregate metrics and synthetic IDs only; no personal data/secrets. Capture before/after watermarks and reconciliation where data applies. Specific per-route asserts/samples inapi-journey-matrix.csv and respectivecurrent scenario; formal clocks/source/unknowns preserved; noexecutedoutcome.",Applicable SLO/deletion/recovery target only after scope answer; no inferred RTO/RPO and no measured evidence.,Incremental = extra compute/standby + DB/object/queue/log/transfer/request meters + retention/quarantine + vendor fees + responder hours; quantity=measured duration×rate or bytes×rate; rates/volumes currently U.,"Failure scope, response hours, accountable primary/backup, vendor escalation, retention/location, threshold and acceptance authority remain UNANSWERED wherever not explicit in frozen requirement.",scenario-controls.md:S22;scenario-recovery-D5.csv:S22;timing-and-observability.md;provider-adapters.md;api-journey-verification.md;broker-enforcement.md;recovery-ledger-predicate.md as applicable
F23,On-call/operator absence incl nights/weekends/leave,Current specific conditional detector/timing/status at scenario-controls.md:S23;scenario-recovery-D5.csv:S23;timing-and-observability.md;provider-adapters.md;api-journey-verification.md;broker-enforcement.md;recovery-ledger-predicate.md as applicable; original approval gaps retained. NOT RUN.,"Automation, escalation contact/vendor response, identity access, runbook permissions and accepted coverage roster.","UTC timestamps for detection, alert, action, dependency readiness, first valid response and end of stable window; config/source revision; aggregate metrics and synthetic IDs only; no personal data/secrets. Capture before/after watermarks and reconciliation where data applies. Specific per-route asserts/samples inapi-journey-matrix.csv and respectivecurrent scenario; formal clocks/source/unknowns preserved; noexecutedoutcome.",Applicable SLO/deletion/recovery target only after scope answer; no inferred RTO/RPO and no measured evidence.,Incremental = extra compute/standby + DB/object/queue/log/transfer/request meters + retention/quarantine + vendor fees + responder hours; quantity=measured duration×rate or bytes×rate; rates/volumes currently U.,"Failure scope, response hours, accountable primary/backup, vendor escalation, retention/location, threshold and acceptance authority remain UNANSWERED wherever not explicit in frozen requirement.",scenario-controls.md:S23;scenario-recovery-D5.csv:S23;timing-and-observability.md;provider-adapters.md;api-journey-verification.md;broker-enforcement.md;recovery-ledger-predicate.md as applicable
F24,Patch backlog/vulnerable image or dependency,Current specific conditional detector/timing/status at scenario-controls.md:S24;scenario-recovery-D5.csv:S24;timing-and-observability.md;provider-adapters.md;api-journey-verification.md;broker-enforcement.md;recovery-ledger-predicate.md as applicable; original approval gaps retained. NOT RUN.,"Build provenance, scanner, patch availability, compatibility test, staged rollout and rollback access.","UTC timestamps for detection, alert, action, dependency readiness, first valid response and end of stable window; config/source revision; aggregate metrics and synthetic IDs only; no personal data/secrets. Capture before/after watermarks and reconciliation where data applies. Specific per-route asserts/samples inapi-journey-matrix.csv and respectivecurrent scenario; formal clocks/source/unknowns preserved; noexecutedoutcome.",Applicable SLO/deletion/recovery target only after scope answer; no inferred RTO/RPO and no measured evidence.,Incremental = extra compute/standby + DB/object/queue/log/transfer/request meters + retention/quarantine + vendor fees + responder hours; quantity=measured duration×rate or bytes×rate; rates/volumes currently U.,"Failure scope, response hours, accountable primary/backup, vendor escalation, retention/location, threshold and acceptance authority remain UNANSWERED wherever not explicit in frozen requirement.",scenario-controls.md:S24;scenario-recovery-D5.csv:S24;timing-and-observability.md;provider-adapters.md;api-journey-verification.md;broker-enforcement.md;recovery-ledger-predicate.md as applicable
F25,Provider/vendor feature/price/region/contract change,Current specific conditional detector/timing/status at scenario-controls.md:S25;scenario-recovery-D5.csv:S25;timing-and-observability.md;provider-adapters.md;api-journey-verification.md;broker-enforcement.md;recovery-ledger-predicate.md as applicable; original approval gaps retained. NOT RUN.,"Vendor notices, contract terms, regional availability, migration path, source rates and owner review authority.","UTC timestamps for detection, alert, action, dependency readiness, first valid response and end of stable window; config/source revision; aggregate metrics and synthetic IDs only; no personal data/secrets. Capture before/after watermarks and reconciliation where data applies. Specific per-route asserts/samples inapi-journey-matrix.csv and respectivecurrent scenario; formal clocks/source/unknowns preserved; noexecutedoutcome.",Applicable SLO/deletion/recovery target only after scope answer; no inferred RTO/RPO and no measured evidence.,Incremental = extra compute/standby + DB/object/queue/log/transfer/request meters + retention/quarantine + vendor fees + responder hours; quantity=measured duration×rate or bytes×rate; rates/volumes currently U.,"Failure scope, response hours, accountable primary/backup, vendor escalation, retention/location, threshold and acceptance authority remain UNANSWERED wherever not explicit in frozen requirement.",scenario-controls.md:S25;scenario-recovery-D5.csv:S25;timing-and-observability.md;provider-adapters.md;api-journey-verification.md;broker-enforcement.md;recovery-ledger-predicate.md as applicable
