data_class,copies_and_surfaces,proof_procedure,lag_or_completion_detector,required_receipt_boundary,safe_evidence_content,owner_questions_unanswered
SQL profile/name/email/favorites/content metadata,DB primary + HA replica + PITR/WAL + backup + restored quarantine,Enumerate logical rows by synthetic subject; case ID and per-copy work item; source query/hash counts; HA/PITR watermark; backup expiry; restore-quarantine query; replay deletion ledger; verify no subject rows before release.,"HA lag, PITR retention, backup coverage, restore point, replica status",Source/HA/PITR/backup/restored copy; deletion completion must distinguish active 30d from backup ≤35d,No personal values in evidence; limited nonpersonal case ID + timestamps/counts + operator role,"DB logical delete, HA/backup expiry, deletion ledger permitted fields and retention all UNANSWERED"
Object images,"Current and noncurrent versions, delete markers, replicas, backup objects, multipart parts, CDN/cache copies","List versions and upload IDs before/after; capture version IDs only if non-sensitive; verify replicated versions and deletion semantics, abort multipart, invalidate cache; reconcile destination inventories.",Replication status/lag/errors; lifecycle pending; incomplete upload age,All source versions/replicas/backup copies and cache expiration,"Counts, opaque version refs, timestamps, result codes; no image bytes","Residency, version retention and final purge semantics UNANSWERED"
Authentication/account/session,"Identity provider account/profile replicas, sessions/tokens, provider backup/export",Disable account; revoke sessions/refresh tokens; vendor delete request/status; probe authorization denial; verify account no longer resolves after vendor-defined window.,"Vendor job state, token revocation status, auth probe result",Identity service replicas/backups and active sessions,"Opaque synthetic subject, job ref, timestamps/status only",Vendor location/retention/proof/export boundary UNANSWERED
Outbox/queue/DLQ/email,"SQL outbox, queue, retries, DLQ, mail vendor acceptance log, recipient mailbox",Relate outbox event to queue/message key; purge or expire internal copies; vendor deletion/retention terms; distinguish accepted vs delivered vs recipient-held copies.,"Oldest message age, retry count, DLQ count, provider acceptance/error","SQL, queue, DLQ, mail provider and recipient side where supported",Nonpersonal event key/status and counts; no addresses or message body,Recipient-side copy/retention/transfer and duplicate policy UNANSWERED
Logs/traces/metrics/probe state,"Ingest, hot store, archive/export, replicas, vendor support export, probe account",Use synthetic subject/token canary search across indices/archives; verify retention expiration and delete workflow; include accidental-PII incident handling.,"Retention policy state, export jobs, index/archive inventory","All configured sinks, replicas, exports and backups",Query predicates/results/counts; no matched values or raw payloads,"Location, retention and deletion capabilities UNANSWERED"
Audit/deletion ledger,"Audit stream, deletion case/work items, replicas, backups","Define allowed minimal nonpersonal exception record only after owner decision; prove case event chain, tamper controls and backup replay without retaining forbidden identifiers.","Case age/state, unassigned work, missing receipt, failed reconciliation","Audit/ledger source, replicas, backups and exports","Case ID, class, status, timestamps, aggregate proof refs; retention itself unanswered",Whether ledger may retain linkage/exception and retention period UNANSWERED
DB/object backups and replicas,"Snapshots, PITR logs, object copies, region copies, restore quarantine","Inventory every scheduled/manual copy, age, key, location and expiry; restore synthetic subject into quarantine, replay deletion events, prove absence before publication.","Last good copy age, coverage %, replication watermark, restore validation","All DB/object backups and replicas; 35-day maximum age is requirement, exact lifecycle mechanism U","Opaque copy ID, region label after decision, timestamps, coverage counts","PITR duration, legal hold/retention exceptions and copy geography UNANSWERED"
Keys/secrets,"Key versions, wrapped data keys, secret versions, replicas, scheduled deletion state",Map data class→key/version; prove rotation access and decryptability of retained required copy; prove deletion schedule/completion only after retention/recovery approval; alert before irrecoverable key loss.,"Key state, scheduled deletion timestamp, decrypt probe for synthetic record",KMS/HSM/service key replicas and secret manager versions,"Key alias/version identifiers only if non-sensitive, event times/state","Key wait period, recovery point, provider backup and deletion terms UNANSWERED"
Caches/signed URLs,"CDN/edge, application caches, browser/session cache, issued URL exposure",Invalidate cache; wait for approved TTL; verify external synthetic fetch denied/expired and cache purge result; revoke signing key only if blast radius approved.,"Purge job status, TTL remaining, synthetic fetch result",Every cache layer and outstanding signed URL population,"Counts/status/timestamps, no URL/token","TTL, cache geography, user-visible exposure window UNANSWERED"
Telemetry/admin/control-plane metadata,"Provider audit/control-plane logs, ticket exports, support bundles and diagnostic snapshots",Inventory and inspect a synthetic tagged record through all export paths; check deletion/retention behavior and vendor ticket handling; do not assume control-plane follows data plane region.,Export inventory and retention setting checks,Provider/control-plane and support systems within vendor scope,Evidence references only; no secret/person data,Scope/location/access and deletion control UNANSWERED
