requirement_id,design_evidence,cost_evidence,open_residual,status
REQ-01,adoption-decisions.md:Conditional adoption decisions; architecture-options.md:Conditional provider mappings,conditional-bill-of-quantities.csv:C01..C13 per provider,None; no provider selected,TRACEABLE desk proposal; achieved result UNVERIFIED
REQ-02,trust-boundaries.md:B2/B4; iam-action-matrix.csv:API workload/Content administrator; operational-envelope.md:Capacity and admission,"conditional-bill-of-quantities.csv:C01,C02,C04,C08",Admin authority/name and approvals open; own-write consistency is fixed,TRACEABLE desk proposal; achieved result UNVERIFIED
REQ-03,"adoption-decisions.md:Identity/mail; operational-envelope.md:T06; scenario-recovery-D4.csv:S07,S21","conditional-bill-of-quantities.csv:C04,C07",Vendor/recipient boundary and delivery semantics open,TRACEABLE desk proposal; achieved result UNVERIFIED
REQ-04,operational-envelope.md:Capacity and admission; cost-configuration-D4.md:Common alternative configurations,"conditional-bill-of-quantities.csv:C02,C04,C08",MAU/DAU and growth-to-load mapping open,TRACEABLE desk proposal; achieved result UNVERIFIED
REQ-05,"operational-envelope.md:Capacity and admission,T03,T04; cost-configuration-D4.md:Common alternative configurations","conditional-bill-of-quantities.csv:C01,C02,C04,C09",Normal-duty hours/burst frequency/static request mix open; formal rates/duration remain fixed,TRACEABLE desk proposal; achieved result UNVERIFIED
REQ-06,"operational-envelope.md:T02,Capacity and admission; scenario-recovery-D4.csv:S20,S22","conditional-bill-of-quantities.csv:C01,C02",Capacity/p95/error unmeasured; thresholds proposed,TRACEABLE desk proposal; achieved result UNVERIFIED
REQ-07,"trust-boundaries.md:B4/B6; deletion-proof-ledger.csv; operational-envelope.md:T08,T09","conditional-bill-of-quantities.csv:C02,C03,C04",Copy/version/WAL quantities and deletion start/receipt boundary open,TRACEABLE desk proposal; achieved result UNVERIFIED
REQ-08,"trust-boundaries.md:B3,B6; adoption-decisions.md:Regional DR; questions-only.md:1","conditional-bill-of-quantities.csv:C04,C06,C08,C09,C12",Japan production/backups fixed; external/control-plane category evidence and approved transfer open,TRACEABLE desk proposal; achieved result UNVERIFIED
REQ-09,"operational-envelope.md:T01,T02,Unattended and staffed limits; scenario-recovery-D4.csv:S01..S06,S19","conditional-bill-of-quantities.csv:C01,C02,C05,C08,C09",Formal scope/99.9/planned downtime fixed; monthly observation absent,TRACEABLE desk proposal; achieved result UNVERIFIED
REQ-10,"operational-envelope.md:Unattended and staffed limits; scenario-recovery-D4.csv:S01,S02,S22","conditional-bill-of-quantities.csv:C01,C02,C11",Process/runtime/DB/singleAZ and impact-through 300s stable clock fixed; dependency additional RTO authority/measurements open,TRACEABLE desk proposal; achieved result UNVERIFIED
REQ-11,"operational-envelope.md:T07,T08; scenario-recovery-D4.csv:S01,S02,S10,S16","conditional-bill-of-quantities.csv:C02,C03,C11",Latest confirmed-write watermark definition/≤300s fixed; measurement and fencing proof absent,TRACEABLE desk proposal; achieved result UNVERIFIED
REQ-12,cost-configuration-D4.md:All-in comparison and unknowns; questions-only.md:5,conditional-bill-of-quantities.csv:C01..C13; cost-ledger.csv:initial-production/minimum-dev rows,Taxinclusive 100000 JPY production + minimum dev mandatory fee scope/exclusions fixed; regionalquotes/devapproval/invoice FX/tax open,TRACEABLE desk proposal; achieved result UNVERIFIED
REQ-13,operational-envelope.md:Unattended and staffed limits; iam-design.md:Separation and later evidence; questions-only.md:4,cost-configuration-D4.md:Operations quantities outside cap,Weekday/no night guarantee fixed; names/approvedhours/coverage open,TRACEABLE desk proposal; achieved result UNVERIFIED
REQ-14,"adoption-decisions.md:VM,Containers,Serverless functions,Kubernetes",cost-configuration-D4.md:Operations quantities outside cap,Skills/team/no preference fixed; training and proposed one-time hours unapproved,TRACEABLE desk proposal; achieved result UNVERIFIED
REQ-15,operational-envelope.md:Capacity and admission; scenario-recovery-D4.csv:S20; cost-configuration-D4.md:Common alternative configurations,"conditional-bill-of-quantities.csv:C01,C02,C04,C11",1000 RPS×15m independent fixed; future budget/activeusage/shape approval open,TRACEABLE desk proposal; achieved result UNVERIFIED
REQ-16,iam-design.md; iam-action-matrix.csv; trust-boundaries.md:B9/B10; deletion-proof-ledger.csv,"conditional-bill-of-quantities.csv:C08,C09",Exact unsupported permission memberships/effective grants unverified; ledger linkage/retention and staffing open,TRACEABLE desk proposal; achieved result UNVERIFIED
REQ-17,adoption-decisions.md:all topic rows; trust-boundaries.md; architecture-options.md:Conditional provider mappings,"conditional-bill-of-quantities.csv:C01,C02,C05,C06,C12",Proposal only; regional feature/placement/quote and owner approval open,TRACEABLE desk proposal; achieved result UNVERIFIED
REQ-18,"adoption-decisions.md:IaC/CI/state; iam-action-matrix.csv:Build CI/Release operator/Schema migration/Production approver; scenario-recovery-D4.csv:S04,S24,S30","conditional-bill-of-quantities.csv:C09,C10,C11",CI/state vendor and dev isolation/runtime approval open; no pipeline implementation or test,TRACEABLE desk proposal; achieved result UNVERIFIED
REQ-19,rubric.md exact authoritative copy; review-form.md; README.md:Rubric provenance,No score or fit claimed; cost conditional throughout,Independent review required; human evaluation blank,TRACEABLE desk proposal; achieved result UNVERIFIED
REQ-20,cover.md:Authorized revision boundary; README.md:Privacy and exclusions,No publication/GitHub write in current authorized private desk scope,Original GitHub requirement preserved; this task explicitly private/no publication,TRACEABLE desk proposal; achieved result UNVERIFIED
REQ-21,cover.md:Authorized revision boundary; revision-log.md,No cloud resources/actions or test costs from this revision,Historical A-1-only source preserved; current authorized improvement scope supersedes stage restriction for private design only,TRACEABLE desk proposal; achieved result UNVERIFIED
REQ-22,scenario-recovery-D4.csv:S25..S31; deletion-proof-ledger.csv; cost-configuration-D4.md:Operations quantities outside cap,"conditional-bill-of-quantities.csv:C11,C12,C13",Cbudget/deadline/resources/cleanup approval absent; no execution,TRACEABLE desk proposal; achieved result UNVERIFIED
REQ-23,"scenario-recovery-D4.csv:S08,S16,S31; operational-envelope.md:Unattended and staffed limits; deletion-proof-ledger.csv","conditional-bill-of-quantities.csv:C03,C11",Tentative decision-to240m fixed; known-good point/salvage/loss/publication authority and deletion replay proof open,TRACEABLE desk proposal; achieved result UNVERIFIED
REQ-24,adoption-decisions.md:Regional DR; trust-boundaries.md:B6/B7; scenario-recovery-D4.csv:S03,"conditional-bill-of-quantities.csv:C11,C12",Region loss outside 30m/5m fixed; domesticcopy/DRscope/objective/cost/authority open,TRACEABLE desk proposal; achieved result UNVERIFIED
