source_id,url_exact,access_status,access_observed_utc,normalized_observation,limit,evidence_basis,comparison_confound
N01,https://docs.cloud.google.com/run/docs/about-instance-autoscaling,ACCESSED,2026-10-02 11:34:26 UTC,Native CPU/concurrency; no memory scaling; scale limits can be temporarily exceeded; native latency/placement not guaranteed,"newly reinspected reviewer-added original evidence; constraints, not measuredcapacity",NEW current public first-party rendered access; not account/providerAPI,"New/reaccessed first-party evidence changes available desk inputs; cannot attribute solely to requested model/reasoning. N27sharesN25retrieval, no independentduplicate."
N02,https://docs.cloud.google.com/run/docs/configuring/max-instances,ACCESSED,2026-10-02 11:34:26 UTC,Service/revision maximum differs; tagged revisions and traffic splits need specific accounting; maximum can be exceeded,new evidence; native revision controls narrow,NEW current public first-party rendered access; not account/providerAPI,"New/reaccessed first-party evidence changes available desk inputs; cannot attribute solely to requested model/reasoning. N27sharesN25retrieval, no independentduplicate."
N03,https://learn.microsoft.com/en-us/azure/container-apps/availability-zones,FAILED,2026-10-02 11:34:26 UTC,Internal retrieval error; no usable current zone proof,repeated original review failure; zonefeaturefit remainsU,NEW current public first-party rendered access; not account/providerAPI,"New/reaccessed first-party evidence changes available desk inputs; cannot attribute solely to requested model/reasoning. N27sharesN25retrieval, no independentduplicate."
N04,https://docs.aws.amazon.com/AmazonECS/latest/developerguide/service-auto-scaling.html,ACCESSED,2026-10-02 11:34:26 UTC,"Step/target scaling and cooldown; during deploy scale-in suspended, scale-out continues unless suspended",new evidence; exact proposed policy unimplemented,NEW current public first-party rendered access; not account/providerAPI,"New/reaccessed first-party evidence changes available desk inputs; cannot attribute solely to requested model/reasoning. N27sharesN25retrieval, no independentduplicate."
N05,https://cloud.google.com/sql/pricing?hl=ja,FAILED,2026-10-02 11:34:26–11:34:50 UTC,Fetch400 contentlength4194305+; no matching rates,repeated source limitation; HApriceU,NEW current public first-party rendered access; not account/providerAPI,"New/reaccessed first-party evidence changes available desk inputs; cannot attribute solely to requested model/reasoning. N27sharesN25retrieval, no independentduplicate."
N06,https://aws.amazon.com/fargate/pricing/,ACCESSED_PARTIAL,2026-10-02 11:34:26–11:34:50 UTC,Billing/size table visible; examples expresslyUSEast; Tokyo rate not exposed.1vCPU needs>=2GiB,"inherited pricing reaccess; AWSdevshape correction, not Tokyoquote",NEW current public first-party rendered access; not account/providerAPI,"New/reaccessed first-party evidence changes available desk inputs; cannot attribute solely to requested model/reasoning. N27sharesN25retrieval, no independentduplicate."
N07,https://azure.microsoft.com/en-us/pricing/details/postgresql/flexible-server/,ACCESSED_PARTIAL,2026-10-02 11:34:26–11:34:50 UTC; targeted find11:51:08 UTC,1926line renderedpage; JapanEast targeted find no match; regionalSKU/HA rateU,inherited pricing reaccess; no regionalprice obtained,NEW current public first-party rendered access; not account/providerAPI,"New/reaccessed first-party evidence changes available desk inputs; cannot attribute solely to requested model/reasoning. N27sharesN25retrieval, no independentduplicate."
N08,https://cloud.google.com/run/pricing,ACCESSED,2026-10-02 11:34:26–11:34:50 UTC; targeted find11:51:08 UTC,Tokyo listed; standardinstanceCPU0.000018USD/vCPU-s and memory0.000002USD/GiB-s narrow compute rates,inherited rate reaccess; not allinquote/fitness,NEW current public first-party rendered access; not account/providerAPI,"New/reaccessed first-party evidence changes available desk inputs; cannot attribute solely to requested model/reasoning. N27sharesN25retrieval, no independentduplicate."
N09,https://docs.cloud.google.com/sql/docs/postgres/high-availability,ACCESSED,2026-10-02 11:34:26–11:34:50 UTC,RegionalHA synchronous write persistence; failover connections close and prerequisites apply; approximate timing not guaranteed,reinspected original reviewer-added evidence; no live promotion,NEW current public first-party rendered access; not account/providerAPI,"New/reaccessed first-party evidence changes available desk inputs; cannot attribute solely to requested model/reasoning. N27sharesN25retrieval, no independentduplicate."
N10,https://docs.aws.amazon.com/AmazonRDS/latest/UserGuide/Concepts.MultiAZ.Failover.html,ACCESSED,2026-10-02 11:34:26–11:34:50 UTC,Failover typically60–120s variable; long transactions/recovery delay; DNS refresh important,new evidence; no bound or exact quote,NEW current public first-party rendered access; not account/providerAPI,"New/reaccessed first-party evidence changes available desk inputs; cannot attribute solely to requested model/reasoning. N27sharesN25retrieval, no independentduplicate."
N11,https://learn.microsoft.com/en-us/azure/postgresql/flexible-server/concepts-high-availability,FAILED,2026-10-02 11:34:26–11:34:50 UTC,Fetch404 NotFound; no usable exactURL currentHA capture,repeated failed original reviewURL; not proof HA unavailable,NEW current public first-party rendered access; not account/providerAPI,"New/reaccessed first-party evidence changes available desk inputs; cannot attribute solely to requested model/reasoning. N27sharesN25retrieval, no independentduplicate."
N12,https://learn.microsoft.com/en-us/azure/container-apps/scale-app,ACCESSED,2026-10-02 11:34:26–11:34:50 UTC,HTTP/customCPU/memory rules; perrevision limits; maintenance can create extras,new evidence; exact custombehavior/support requiresfit verification,NEW current public first-party rendered access; not account/providerAPI,"New/reaccessed first-party evidence changes available desk inputs; cannot attribute solely to requested model/reasoning. N27sharesN25retrieval, no independentduplicate."
N13,https://docs.aws.amazon.com/kms/latest/developerguide/deleting-keys.html,ACCESSED,2026-10-02 11:34:26–11:34:50 UTC,CloudTrail lifecycle records; wait7–30d/default30; possible24h extra; pending unusable; completed deletion irreversible with documented exceptions,reinspected original reviewer-added source; actualapprovedwaitU,NEW current public first-party rendered access; not account/providerAPI,"New/reaccessed first-party evidence changes available desk inputs; cannot attribute solely to requested model/reasoning. N27sharesN25retrieval, no independentduplicate."
N14,https://docs.cloud.google.com/kms/docs/destroy-restore,ACCESSED,2026-10-02 11:34:26–11:34:50 UTC,Keyversion destruction scheduled; default30days/customduration; restore before irreversible destruction; usage tracking notcompleteproof,new evidence; actualduration/ownerapprovalU,NEW current public first-party rendered access; not account/providerAPI,"New/reaccessed first-party evidence changes available desk inputs; cannot attribute solely to requested model/reasoning. N27sharesN25retrieval, no independentduplicate."
N15,https://learn.microsoft.com/en-us/azure/key-vault/general/soft-delete-overview,ACCESSED,2026-10-02 11:34:26–11:34:50 UTC,Softdelete7–90d/default90; purgeprotection delayspurge; vaultrecovery doesnot recreateRBAC/EventGrid integrations,new evidence; configuredscope/retentionfitU,NEW current public first-party rendered access; not account/providerAPI,"New/reaccessed first-party evidence changes available desk inputs; cannot attribute solely to requested model/reasoning. N27sharesN25retrieval, no independentduplicate."
N16,https://docs.aws.amazon.com/AmazonS3/latest/userguide/replication-what-is-isnot-replicated.html,ACCESSED,2026-10-02 11:34:26–11:34:50 UTC,Version-specificDELETE notreplicated; marker/lifecycle semanticsdistinct; explicitdestinationpurge/receiptsrequired,reinspected reviewer-added source; no livepercopyproof,NEW current public first-party rendered access; not account/providerAPI,"New/reaccessed first-party evidence changes available desk inputs; cannot attribute solely to requested model/reasoning. N27sharesN25retrieval, no independentduplicate."
N17,https://aws.amazon.com/rds/postgresql/pricing/,ACCESSED_PARTIAL,2026-10-02 11:35:31 UTC,One-standby vs two-readablestandby products and billing dimensions; matchingTokyoHAprice not exposed; findTokyo no match,"newpriceattempt, mandatorymatchingquoteU",NEW current public first-party rendered access; not account/providerAPI,"New/reaccessed first-party evidence changes available desk inputs; cannot attribute solely to requested model/reasoning. N27sharesN25retrieval, no independentduplicate."
N18,https://cloud.google.com/sql/pricing,FAILED,2026-10-02 11:35:31 UTC,Internal retrievalerror; EnglishURL separate from Japanese failedURL; no usablematchedtable,newalternateattempt; priceU,NEW current public first-party rendered access; not account/providerAPI,"New/reaccessed first-party evidence changes available desk inputs; cannot attribute solely to requested model/reasoning. N27sharesN25retrieval, no independentduplicate."
N19,https://azure.microsoft.com/en-us/pricing/details/container-apps/,ACCESSED_PARTIAL,2026-10-02 11:35:31 UTC,1644line renderedpage; JapanEast targetedfind no match; matchingratesU,newattempt; no regionalprice obtained,NEW current public first-party rendered access; not account/providerAPI,"New/reaccessed first-party evidence changes available desk inputs; cannot attribute solely to requested model/reasoning. N27sharesN25retrieval, no independentduplicate."
N20,https://docs.aws.amazon.com/AmazonECS/latest/developerguide/fargate-task-networking.html,ACCESSED,2026-10-02 11:36:30 UTC,"FargatetaskprivateENI, optionalpublicIP; private ECR endpoint or NAT paths; ip LBtarget",newnetworkevidence; endpointset/regionfitU,NEW current public first-party rendered access; not account/providerAPI,"New/reaccessed first-party evidence changes available desk inputs; cannot attribute solely to requested model/reasoning. N27sharesN25retrieval, no independentduplicate."
N21,https://learn.microsoft.com/en-us/azure/container-apps/networking,ACCESSED,2026-10-02 11:36:30 UTC,Workloadprofiles supportUDR/NAT/privateendpoints unlikelegacyconsumption; internal/publicaccess restrictions distinct,newnetworkevidence; selectedJapanfeaturefitU,NEW current public first-party rendered access; not account/providerAPI,"New/reaccessed first-party evidence changes available desk inputs; cannot attribute solely to requested model/reasoning. N27sharesN25retrieval, no independentduplicate."
N22,https://docs.cloud.google.com/run/docs/configuring/vpc-direct-vpc,ACCESSED,2026-10-02 11:36:30 UTC,DirectVPC startup connectivity may take minute+; startup probe and NAT/connector tradeoffs,newnetworkevidence; observedstartup/quoteU,NEW current public first-party rendered access; not account/providerAPI,"New/reaccessed first-party evidence changes available desk inputs; cannot attribute solely to requested model/reasoning. N27sharesN25retrieval, no independentduplicate."
N23,https://docs.cloud.google.com/run/docs/securing/ingress,ACCESSED,2026-10-02 11:36:30 UTC,Restricted ingress/defaultURL controls; publicLB distinction; disableURL can break dependent services,newnetworkevidence; no effectivepolicy/route test,NEW current public first-party rendered access; not account/providerAPI,"New/reaccessed first-party evidence changes available desk inputs; cannot attribute solely to requested model/reasoning. N27sharesN25retrieval, no independentduplicate."
INHERITED-S-D4-01,https://docs.aws.amazon.com/IAM/latest/UserGuide/reference_policies_evaluation-logic.html,NOT_INSPECTED,,Inherited D4 capture read completely; historical reportedstatus=SUCCESS,No current exactURL verification; permission/region/pricing scope remains inherited/U,INHERITED frozen datedcapture only,Frozen datedlocal evidence unchanged; no current externalverification
INHERITED-S-D4-02,https://docs.aws.amazon.com/AmazonECS/latest/developerguide/security_iam_id-based-policy-examples.html,NOT_INSPECTED,,Inherited D4 capture read completely; historical reportedstatus=SUCCESS,No current exactURL verification; permission/region/pricing scope remains inherited/U,INHERITED frozen datedcapture only,Frozen datedlocal evidence unchanged; no current externalverification
INHERITED-S-D4-03,https://docs.aws.amazon.com/AmazonS 3/latest/userguide/example-policies-s3.html,NOT_INSPECTED,,Inherited D4 capture read completely; historical reportedstatus=SUCCESS,No current exactURL verification; permission/region/pricing scope remains inherited/U,INHERITED frozen datedcapture only,Frozen datedlocal evidence unchanged; no current externalverification
INHERITED-S-D4-04,https://docs.aws.amazon.com/AmazonRDS/latest/UserGuide/UsingWithRDS.IAMDBAuth.IAMPolicy.html,NOT_INSPECTED,,Inherited D4 capture read completely; historical reportedstatus=SUCCESS,No current exactURL verification; permission/region/pricing scope remains inherited/U,INHERITED frozen datedcapture only,Frozen datedlocal evidence unchanged; no current externalverification
INHERITED-S-D4-05,https://docs.aws.amazon.com/kms/latest/developerguide/kms-api-permissions-reference.html,NOT_INSPECTED,,Inherited D4 capture read completely; historical reportedstatus=SUCCESS,No current exactURL verification; permission/region/pricing scope remains inherited/U,INHERITED frozen datedcapture only,Frozen datedlocal evidence unchanged; no current externalverification
INHERITED-S-D4-06,https://docs.aws.amazon.com/service-authorization/latest/reference/list_amazons3.html,NOT_INSPECTED,,Inherited D4 capture read completely; historical reportedstatus=FAIL,No current exactURL verification; permission/region/pricing scope remains inherited/U,INHERITED frozen datedcapture only,Frozen datedlocal evidence unchanged; no current externalverification
INHERITED-S-D4-07,https://docs.aws.amazon.com/service-authorization/latest/reference/list_amazonelasticcontainerservice.html,NOT_INSPECTED,,Inherited D4 capture read completely; historical reportedstatus=FAIL,No current exactURL verification; permission/region/pricing scope remains inherited/U,INHERITED frozen datedcapture only,Frozen datedlocal evidence unchanged; no current externalverification
INHERITED-S-D4-08,https://docs.aws.amazon.com/service-authorization/latest/reference/list_amazonrds.html,NOT_INSPECTED,,Inherited D4 capture read completely; historical reportedstatus=FAIL,No current exactURL verification; permission/region/pricing scope remains inherited/U,INHERITED frozen datedcapture only,Frozen datedlocal evidence unchanged; no current externalverification
INHERITED-S-D4-09,https://docs.aws.amazon.com/AmazonSQS/latest/SQSDeveloperGuide/sqs-api-permissions-reference.html,NOT_INSPECTED,,Inherited D4 capture read completely; historical reportedstatus=FAIL,No current exactURL verification; permission/region/pricing scope remains inherited/U,INHERITED frozen datedcapture only,Frozen datedlocal evidence unchanged; no current externalverification
INHERITED-S-D4-10,https://learn.microsoft.com/en-us/azure/role-based-access-control/role-definitions,NOT_INSPECTED,,Inherited D4 capture read completely; historical reportedstatus=SUCCESS,No current exactURL verification; permission/region/pricing scope remains inherited/U,INHERITED frozen datedcapture only,Frozen datedlocal evidence unchanged; no current externalverification
INHERITED-S-D4-11,https://learn.microsoft.com/en-us/azure/role-based-access-control/deny-assignments,NOT_INSPECTED,,Inherited D4 capture read completely; historical reportedstatus=SUCCESS,No current exactURL verification; permission/region/pricing scope remains inherited/U,INHERITED frozen datedcapture only,Frozen datedlocal evidence unchanged; no current externalverification
INHERITED-S-D4-12,https://learn.microsoft.com/en-us/azure/role-based-access-control/built-in-roles/storage,NOT_INSPECTED,,Inherited D4 capture read completely; historical reportedstatus=SUCCESS,No current exactURL verification; permission/region/pricing scope remains inherited/U,INHERITED frozen datedcapture only,Frozen datedlocal evidence unchanged; no current externalverification
INHERITED-S-D4-13,https://learn.microsoft.com/en-us/azure/role-based-access-control/permissions/containers,NOT_INSPECTED,,Inherited D4 capture read completely; historical reportedstatus=SUCCESS,No current exactURL verification; permission/region/pricing scope remains inherited/U,INHERITED frozen datedcapture only,Frozen datedlocal evidence unchanged; no current externalverification
INHERITED-S-D4-14,https://learn.microsoft.com/en-us/azure/role-based-access-control/permissions/databases,NOT_INSPECTED,,Inherited D4 capture read completely; historical reportedstatus=SUCCESS,No current exactURL verification; permission/region/pricing scope remains inherited/U,INHERITED frozen datedcapture only,Frozen datedlocal evidence unchanged; no current externalverification
INHERITED-S-D4-15,https://learn.microsoft.com/en-us/azure/role-based-access-control/built-in-roles/security,NOT_INSPECTED,,Inherited D4 capture read completely; historical reportedstatus=SUCCESS,No current exactURL verification; permission/region/pricing scope remains inherited/U,INHERITED frozen datedcapture only,Frozen datedlocal evidence unchanged; no current externalverification
INHERITED-S-D4-16,https://learn.microsoft.com/en-us/azure/role-based-access-control/built-in-roles/integration,NOT_INSPECTED,,Inherited D4 capture read completely; historical reportedstatus=SUCCESS,No current exactURL verification; permission/region/pricing scope remains inherited/U,INHERITED frozen datedcapture only,Frozen datedlocal evidence unchanged; no current externalverification
INHERITED-S-D4-17,https://docs.cloud.google.com/iam/docs/deny-overview,NOT_INSPECTED,,Inherited D4 capture read completely; historical reportedstatus=SUCCESS,No current exactURL verification; permission/region/pricing scope remains inherited/U,INHERITED frozen datedcapture only,Frozen datedlocal evidence unchanged; no current externalverification
INHERITED-S-D4-18,https://docs.cloud.google.com/iam/docs/roles-permissions/storage,NOT_INSPECTED,,Inherited D4 capture read completely; historical reportedstatus=SUCCESS,No current exactURL verification; permission/region/pricing scope remains inherited/U,INHERITED frozen datedcapture only,Frozen datedlocal evidence unchanged; no current externalverification
INHERITED-S-D4-19,https://docs.cloud.google.com/iam/docs/roles-permissions/cloudsql,NOT_INSPECTED,,Inherited D4 capture read completely; historical reportedstatus=SUCCESS,No current exactURL verification; permission/region/pricing scope remains inherited/U,INHERITED frozen datedcapture only,Frozen datedlocal evidence unchanged; no current externalverification
INHERITED-S-D4-20,https://docs.cloud.google.com/iam/docs/roles-permissions/run,NOT_INSPECTED,,Inherited D4 capture read completely; historical reportedstatus=SUCCESS,No current exactURL verification; permission/region/pricing scope remains inherited/U,INHERITED frozen datedcapture only,Frozen datedlocal evidence unchanged; no current externalverification
INHERITED-S-D4-21,https://docs.cloud.google.com/iam/docs/roles-permissions/cloudkms,NOT_INSPECTED,,Inherited D4 capture read completely; historical reportedstatus=SUCCESS,No current exactURL verification; permission/region/pricing scope remains inherited/U,INHERITED frozen datedcapture only,Frozen datedlocal evidence unchanged; no current externalverification
INHERITED-S-D4-22,https://docs.cloud.google.com/iam/docs/roles-permissions/secretmanager,NOT_INSPECTED,,Inherited D4 capture read completely; historical reportedstatus=SUCCESS,No current exactURL verification; permission/region/pricing scope remains inherited/U,INHERITED frozen datedcapture only,Frozen datedlocal evidence unchanged; no current externalverification
INHERITED-S-D4-23,https://docs.cloud.google.com/iam/docs/roles-permissions/pubsub,NOT_INSPECTED,,Inherited D4 capture read completely; historical reportedstatus=SUCCESS,No current exactURL verification; permission/region/pricing scope remains inherited/U,INHERITED frozen datedcapture only,Frozen datedlocal evidence unchanged; no current externalverification
INHERITED-S-D4-24,https://docs.cloud.google.com/iam/docs/roles-permissions/artifactregistry,NOT_INSPECTED,,Inherited D4 capture read completely; historical reportedstatus=SUCCESS,No current exactURL verification; permission/region/pricing scope remains inherited/U,INHERITED frozen datedcapture only,Frozen datedlocal evidence unchanged; no current externalverification
INHERITED-S-D4-25,https://docs.cloud.google.com/iam/docs/roles-permissions/logging,NOT_INSPECTED,,Inherited D4 capture read completely; historical reportedstatus=SUCCESS,No current exactURL verification; permission/region/pricing scope remains inherited/U,INHERITED frozen datedcapture only,Frozen datedlocal evidence unchanged; no current externalverification
INHERITED-S-D4-30,https://aws.amazon.com/route 53/pricing/,NOT_INSPECTED,,Inherited D4 capture read completely; historical reportedstatus=SUCCESS,No current exactURL verification; permission/region/pricing scope remains inherited/U,INHERITED frozen datedcapture only,Frozen datedlocal evidence unchanged; no current externalverification
INHERITED-FX-USD,https://www.ecb.europa.eu/stats/policy_and_exchange_rates/euro_reference_exchange_rates/html/eurofxref-graph-usd.en.html,NOT_INSPECTED,,Original dated normalizedcapture only; invoiceFX/tax remainsU,Not refreshed or seller-specific evidence,INHERITED,Frozen datedlocal evidence unchanged; no current externalverification
INHERITED-FX-JPY,https://www.ecb.europa.eu/stats/policy_and_exchange_rates/euro_reference_exchange_rates/html/eurofxref-graph-jpy.en.html,NOT_INSPECTED,,Original dated normalizedcapture only; invoiceFX/tax remainsU,Not refreshed or seller-specific evidence,INHERITED,Frozen datedlocal evidence unchanged; no current externalverification
INHERITED-TAX,https://www.nta.go.jp/english/taxes/consumption_tax/01.htm,NOT_INSPECTED,,Original dated normalizedcapture only; invoiceFX/tax remainsU,Not refreshed or seller-specific evidence,INHERITED,Frozen datedlocal evidence unchanged; no current externalverification
N24,https://learn.microsoft.com/en-us/azure/reliability/reliability-container-apps,ACCESSED,2026-10-02 11:55:51–11:56:07 UTC,Zone redundancy configured at environment creation; VNet/min2; replicas scheduled transparently; lost requests and surviving capacity needapp handling,New current alternative first-party source; literal old availability-zones URL remains FAILED; exactJapanregionfitU,NEW stage3 public first-party targetedsource consistency check beforefreeze,"New/reaccessed first-party evidence changes available desk inputs; cannot attribute solely to requested model/reasoning. N27sharesN25retrieval, no independentduplicate."
N25,https://learn.microsoft.com/en-us/azure/reliability/reliability-azure-database-postgresql,ACCESSED,2026-10-02 11:55:51–11:56:07 UTC,"Redirects to reliability-database-postgresql; synchronous standby; zoneredundant automatic failover, samezone cannot cover zoneoutage",New current alternative source; old concepts-high-availabilityURL remains FAILED; Japan/compatibleSKU/priceU,NEW stage3 public first-party targetedsource consistency check beforefreeze,"New/reaccessed first-party evidence changes available desk inputs; cannot attribute solely to requested model/reasoning. N27sharesN25retrieval, no independentduplicate."
N26,https://learn.microsoft.com/en-us/azure/postgresql/configure-maintain/concepts-high-availability,FAILED,2026-10-02 11:55:51–11:56:07 UTC,Internal retrieval error; no usable capture,Separate literal failed alternateURL; no featureabsence inference,NEW stage3 public first-party targetedsource consistency check beforefreeze,"New/reaccessed first-party evidence changes available desk inputs; cannot attribute solely to requested model/reasoning. N27sharesN25retrieval, no independentduplicate."
N27,https://learn.microsoft.com/en-us/azure/reliability/reliability-database-postgresql,ACCESSED,2026-10-02 11:55:51–11:56:07 UTC,Canonical destination observed via N25redirect and targetedfinds; no matchingJapan text; capability overview only,"Same retrieval chain asN25, not independent extra corroboration; regions/quote U",NEW stage3 public first-party targetedsource consistency check beforefreeze,"New/reaccessed first-party evidence changes available desk inputs; cannot attribute solely to requested model/reasoning. N27sharesN25retrieval, no independentduplicate."
