packet,path,bytes,sha256,read_started_observed_utc,read_complete_observed_utc,time_precision,read_status,unread_bytes
blind-review-design-D4,outputs/blind-review-design-D4/README.md,3945,1b735171b7577ebc207652e7719c7570804672186824867c8155c9646e2393a1,2026-10-02 11:30:53 UTC,2026-10-02 11:34:00 UTC,complete-read batch checkpoint; per-file clock not instrumented,FULL; all text/CSV/JSON lines observed; initial truncated chunks reread in smaller complete chunks,0
blind-review-design-D4,outputs/blind-review-design-D4/adoption-decisions.md,7119,855b4a7a39da9a34e44519c615dcc3b009f26972d4cef5c5acba1b18ba0d3f1f,2026-10-02 11:30:53 UTC,2026-10-02 11:34:00 UTC,complete-read batch checkpoint; per-file clock not instrumented,FULL; all text/CSV/JSON lines observed; initial truncated chunks reread in smaller complete chunks,0
blind-review-design-D4,outputs/blind-review-design-D4/answer-ledger-crosswalk.csv,2266,5adf19ed712ce8505351b34d8c3cde45fad95386c28dba2d6fce1401fcbd5cc0,2026-10-02 11:30:53 UTC,2026-10-02 11:34:00 UTC,complete-read batch checkpoint; per-file clock not instrumented,FULL; all text/CSV/JSON lines observed; initial truncated chunks reread in smaller complete chunks,0
blind-review-design-D4,outputs/blind-review-design-D4/answer-ledger-note.md,996,40eca5e6dbcc92e5191cfdf1e2eb195ad7e2a57f3d3e15f97d28066cd871d322,2026-10-02 11:30:53 UTC,2026-10-02 11:34:00 UTC,complete-read batch checkpoint; per-file clock not instrumented,FULL; all text/CSV/JSON lines observed; initial truncated chunks reread in smaller complete chunks,0
blind-review-design-D4,outputs/blind-review-design-D4/architecture-options.md,13677,c570b22727b7a6fd00d3fe3884fcd66482ec245e18b35654f780d3c81e294bc6,2026-10-02 11:30:53 UTC,2026-10-02 11:34:00 UTC,complete-read batch checkpoint; per-file clock not instrumented,FULL; all text/CSV/JSON lines observed; initial truncated chunks reread in smaller complete chunks,0
blind-review-design-D4,outputs/blind-review-design-D4/conditional-bill-of-quantities.csv,19781,15a0b9ed51485ee6f01f493c4390ebbe760e23a934705f8e6df7be96e7ed2b33,2026-10-02 11:30:53 UTC,2026-10-02 11:34:00 UTC,complete-read batch checkpoint; per-file clock not instrumented,FULL; all text/CSV/JSON lines observed; initial truncated chunks reread in smaller complete chunks,0
blind-review-design-D4,outputs/blind-review-design-D4/cost-configuration-D4.md,5910,b28f4f924cccd23827e8454a4dc108135d95562b006260929f1a5c8096e9bc5a,2026-10-02 11:30:53 UTC,2026-10-02 11:34:00 UTC,complete-read batch checkpoint; per-file clock not instrumented,FULL; all text/CSV/JSON lines observed; initial truncated chunks reread in smaller complete chunks,0
blind-review-design-D4,outputs/blind-review-design-D4/cost-ledger.csv,5732,0c1904d4dab2be6d18bc919fb114d534b60ff80b1e07bec1cddcd12b46be5553,2026-10-02 11:30:53 UTC,2026-10-02 11:34:00 UTC,complete-read batch checkpoint; per-file clock not instrumented,FULL; all text/CSV/JSON lines observed; initial truncated chunks reread in smaller complete chunks,0
blind-review-design-D4,outputs/blind-review-design-D4/cost-operations-model.md,1248,9d1eb03857024b682904417c1eb62103083e53f57d87440b460b73ac3bf660d1,2026-10-02 11:30:53 UTC,2026-10-02 11:34:00 UTC,complete-read batch checkpoint; per-file clock not instrumented,FULL; all text/CSV/JSON lines observed; initial truncated chunks reread in smaller complete chunks,0
blind-review-design-D4,outputs/blind-review-design-D4/cost-pricing-detail.md,11060,9bf64b86137bcb6cd8235b163093927fe6bc30afe688ebbf0255167283f9801b,2026-10-02 11:30:53 UTC,2026-10-02 11:34:00 UTC,complete-read batch checkpoint; per-file clock not instrumented,FULL; all text/CSV/JSON lines observed; initial truncated chunks reread in smaller complete chunks,0
blind-review-design-D4,outputs/blind-review-design-D4/cover.md,1293,6990c9a71929b993898e8988664876dc06fc63208e9b7eb8d58bec4a632b0646,2026-10-02 11:30:53 UTC,2026-10-02 11:34:00 UTC,complete-read batch checkpoint; per-file clock not instrumented,FULL; all text/CSV/JSON lines observed; initial truncated chunks reread in smaller complete chunks,0
blind-review-design-D4,outputs/blind-review-design-D4/d2-gap-disposition.md,287,1e12ae096f698fd18086fb906a58e4e27c15aab4be28f6b95b6c0b754d422bca,2026-10-02 11:30:53 UTC,2026-10-02 11:34:00 UTC,complete-read batch checkpoint; per-file clock not instrumented,FULL; all text/CSV/JSON lines observed; initial truncated chunks reread in smaller complete chunks,0
blind-review-design-D4,outputs/blind-review-design-D4/d3-gap-disposition.md,1593,076626caeb83ae33711c1589b28e92092677ce9bc7e12ece84820e9ade201bca,2026-10-02 11:30:53 UTC,2026-10-02 11:34:00 UTC,complete-read batch checkpoint; per-file clock not instrumented,FULL; all text/CSV/JSON lines observed; initial truncated chunks reread in smaller complete chunks,0
blind-review-design-D4,outputs/blind-review-design-D4/deletion-proof-ledger.csv,5849,80c99be3493454171b70a9ec9883ef674d56edf859c9b04dc706c84bdef847e6,2026-10-02 11:30:53 UTC,2026-10-02 11:34:00 UTC,complete-read batch checkpoint; per-file clock not instrumented,FULL; all text/CSV/JSON lines observed; initial truncated chunks reread in smaller complete chunks,0
blind-review-design-D4,outputs/blind-review-design-D4/evidence/public/d4-source-access-matrix.csv,10273,114ca025aeb96d5e83019b8dcc05cf22c3686636c0501bc60ae1c96b1f908789,2026-10-02 11:30:53 UTC,2026-10-02 11:34:00 UTC,complete-read batch checkpoint; per-file clock not instrumented,FULL; all text/CSV/JSON lines observed; initial truncated chunks reread in smaller complete chunks,0
blind-review-design-D4,outputs/blind-review-design-D4/evidence/public/d4-source-captures.md,2128,e3f9313a3b0d860413f172374f3ce565170fc1cc4d31a2224d33b6c10f562ffe,2026-10-02 11:30:53 UTC,2026-10-02 11:34:00 UTC,complete-read batch checkpoint; per-file clock not instrumented,FULL; all text/CSV/JSON lines observed; initial truncated chunks reread in smaller complete chunks,0
blind-review-design-D4,outputs/blind-review-design-D4/evidence/public/official-source-extracts.md,6089,f3667fb00c1b82c936ac3c1ef234e674d50fcd5f22e0664a19da43deb233f28e,2026-10-02 11:30:53 UTC,2026-10-02 11:34:00 UTC,complete-read batch checkpoint; per-file clock not instrumented,FULL; all text/CSV/JSON lines observed; initial truncated chunks reread in smaller complete chunks,0
blind-review-design-D4,outputs/blind-review-design-D4/evidence/public/retrieval-attempts.txt,1992,852ce19158111481ca8583e5c2ac759aaf9d475e4970ea273aaebfd2067c0c42,2026-10-02 11:30:53 UTC,2026-10-02 11:34:00 UTC,complete-read batch checkpoint; per-file clock not instrumented,FULL; all text/CSV/JSON lines observed; initial truncated chunks reread in smaller complete chunks,0
blind-review-design-D4,outputs/blind-review-design-D4/iam-action-matrix.csv,46526,2a35fee4d65831b5d3d0616a12cb9eeb9170bd50e0be9be7eb41e266576d4da3,2026-10-02 11:30:53 UTC,2026-10-02 11:34:00 UTC,complete-read batch checkpoint; per-file clock not instrumented,FULL; all text/CSV/JSON lines observed; initial truncated chunks reread in smaller complete chunks,0
blind-review-design-D4,outputs/blind-review-design-D4/iam-design.md,5202,009f32a08a75aa99afef1e4e0ad8e0f5c7a23aa9a543dbc9aa964aea6949c5f4,2026-10-02 11:30:53 UTC,2026-10-02 11:34:00 UTC,complete-read batch checkpoint; per-file clock not instrumented,FULL; all text/CSV/JSON lines observed; initial truncated chunks reread in smaller complete chunks,0
blind-review-design-D4,outputs/blind-review-design-D4/operational-envelope.md,8290,75c7e2e4d8e3c7e18724fbc1bd2453e921baa07c16f66090a21dc76c5e725f08,2026-10-02 11:30:53 UTC,2026-10-02 11:34:00 UTC,complete-read batch checkpoint; per-file clock not instrumented,FULL; all text/CSV/JSON lines observed; initial truncated chunks reread in smaller complete chunks,0
blind-review-design-D4,outputs/blind-review-design-D4/prior-review-excerpts.md,1467,13884722e964d0ff279dac61781fa8a0b0031fa0a2ba7bbd6743a5d4bd19feae,2026-10-02 11:30:53 UTC,2026-10-02 11:34:00 UTC,complete-read batch checkpoint; per-file clock not instrumented,FULL; all text/CSV/JSON lines observed; initial truncated chunks reread in smaller complete chunks,0
blind-review-design-D4,outputs/blind-review-design-D4/questions-only.md,2683,8b31188a5f4c716182222aacbb08897881fee83a8048c76598ae87ff853484af,2026-10-02 11:30:53 UTC,2026-10-02 11:34:00 UTC,complete-read batch checkpoint; per-file clock not instrumented,FULL; all text/CSV/JSON lines observed; initial truncated chunks reread in smaller complete chunks,0
blind-review-design-D4,outputs/blind-review-design-D4/requirement-evidence-crosswalk.csv,7158,3809f654c13d0bf27e9db1552b228ccc3f98a11f99b2b2aecd9c2dee4246d6e5,2026-10-02 11:30:53 UTC,2026-10-02 11:34:00 UTC,complete-read batch checkpoint; per-file clock not instrumented,FULL; all text/CSV/JSON lines observed; initial truncated chunks reread in smaller complete chunks,0
blind-review-design-D4,outputs/blind-review-design-D4/requirements-ledger.csv,29184,e7f6673489f9e7d5ffb50987941d80e1d4cc68fd62d0bb8527981ed63c726f5f,2026-10-02 11:30:53 UTC,2026-10-02 11:34:00 UTC,complete-read batch checkpoint; per-file clock not instrumented,FULL; all text/CSV/JSON lines observed; initial truncated chunks reread in smaller complete chunks,0
blind-review-design-D4,outputs/blind-review-design-D4/review-form.md,860,fc833ca3a502597553890d8bd703fcf2e7a38ba16b555eee34a467179ce1da7a,2026-10-02 11:30:53 UTC,2026-10-02 11:34:00 UTC,complete-read batch checkpoint; per-file clock not instrumented,FULL; all text/CSV/JSON lines observed; initial truncated chunks reread in smaller complete chunks,0
blind-review-design-D4,outputs/blind-review-design-D4/revision-log.md,809,336399756f99df5864869c810b629350ea5cfaa4feb19e6b4fae132114b6d213,2026-10-02 11:30:53 UTC,2026-10-02 11:34:00 UTC,complete-read batch checkpoint; per-file clock not instrumented,FULL; all text/CSV/JSON lines observed; initial truncated chunks reread in smaller complete chunks,0
blind-review-design-D4,outputs/blind-review-design-D4/rubric.md,929,7a3eb2157ec4fe897c5bd667fb409e70c2c98b73ca423d904e8d76c651b09987,2026-10-02 11:30:53 UTC,2026-10-02 11:34:00 UTC,complete-read batch checkpoint; per-file clock not instrumented,FULL; all text/CSV/JSON lines observed; initial truncated chunks reread in smaller complete chunks,0
blind-review-design-D4,outputs/blind-review-design-D4/scenario-recovery-D4.csv,35558,d313bfe1090923ebc403609d2d8e3a4bdd81de3e26c24b2b134ae3b56fd311ff,2026-10-02 11:30:53 UTC,2026-10-02 11:34:00 UTC,complete-read batch checkpoint; per-file clock not instrumented,FULL; all text/CSV/JSON lines observed; initial truncated chunks reread in smaller complete chunks,0
blind-review-design-D4,outputs/blind-review-design-D4/source/formal-business-answer-original.md,4562,39fa3c156a8ca12b645d6e122c1b855f4c673866162f5f64dcd324386a9baa75,2026-10-02 11:30:53 UTC,2026-10-02 11:34:00 UTC,complete-read batch checkpoint; per-file clock not instrumented,FULL; all text/CSV/JSON lines observed; initial truncated chunks reread in smaller complete chunks,0
blind-review-design-D4,outputs/blind-review-design-D4/source/formal-supplement-original.md,7244,da3774cf65e3b5bba2720e8d90d96b6d3915a25d2194d72f4802f5329139b063,2026-10-02 11:30:53 UTC,2026-10-02 11:34:00 UTC,complete-read batch checkpoint; per-file clock not instrumented,FULL; all text/CSV/JSON lines observed; initial truncated chunks reread in smaller complete chunks,0
blind-review-design-D4,outputs/blind-review-design-D4/source/requirements-original.md,11363,eb22e4cd55af843b4f23eea6a760273b1667e71b306aa82beb454025b848eb77,2026-10-02 11:30:53 UTC,2026-10-02 11:34:00 UTC,complete-read batch checkpoint; per-file clock not instrumented,FULL; all text/CSV/JSON lines observed; initial truncated chunks reread in smaller complete chunks,0
blind-review-design-D4,outputs/blind-review-design-D4/trust-boundaries.md,2873,b418049848695ee7701a325d58557709df3f29f910aee83b4f7cdf8e6a0ffd08,2026-10-02 11:30:53 UTC,2026-10-02 11:34:00 UTC,complete-read batch checkpoint; per-file clock not instrumented,FULL; all text/CSV/JSON lines observed; initial truncated chunks reread in smaller complete chunks,0
blind-review-design-D4,outputs/blind-review-design-D4/verification-protocol.csv,27582,b605a1bf1f5fead670abfd1f1d65e4c8979c1dff1d38b33a8f35dc7d8f3d4720,2026-10-02 11:30:53 UTC,2026-10-02 11:34:00 UTC,complete-read batch checkpoint; per-file clock not instrumented,FULL; all text/CSV/JSON lines observed; initial truncated chunks reread in smaller complete chunks,0
independent-review-D4,outputs/independent-review-D4/README.md,381,2fec7239ca98c6fca067c02ba666991a805dad0b6af16f3abf0327b1406a796f,2026-10-02 11:30:53 UTC,2026-10-02 11:34:00 UTC,complete-read batch checkpoint; per-file clock not instrumented,FULL; all text/CSV/JSON lines observed; initial truncated chunks reread in smaller complete chunks,0
independent-review-D4,outputs/independent-review-D4/hardgates.csv,1935,9881c7d948af304c3e0a42bb35a6deee878300fae642e907adf086abf9b5826a,2026-10-02 11:30:53 UTC,2026-10-02 11:34:00 UTC,complete-read batch checkpoint; per-file clock not instrumented,FULL; all text/CSV/JSON lines observed; initial truncated chunks reread in smaller complete chunks,0
independent-review-D4,outputs/independent-review-D4/hashes-after.json,3432,fa2ee48dc66878eb1ec94611e9f6d920f47f57999aaa06e996cf174c0a97d326,2026-10-02 11:30:53 UTC,2026-10-02 11:34:00 UTC,complete-read batch checkpoint; per-file clock not instrumented,FULL; all text/CSV/JSON lines observed; initial truncated chunks reread in smaller complete chunks,0
independent-review-D4,outputs/independent-review-D4/hashes-before.json,3432,fa2ee48dc66878eb1ec94611e9f6d920f47f57999aaa06e996cf174c0a97d326,2026-10-02 11:30:53 UTC,2026-10-02 11:34:00 UTC,complete-read batch checkpoint; per-file clock not instrumented,FULL; all text/CSV/JSON lines observed; initial truncated chunks reread in smaller complete chunks,0
independent-review-D4,outputs/independent-review-D4/metadata-clocks.json,2269,2561468e1dc8f57e9e8b0cfcc1f912a05687241a0df22670f0bb16c9819fa2ea,2026-10-02 11:30:53 UTC,2026-10-02 11:34:00 UTC,complete-read batch checkpoint; per-file clock not instrumented,FULL; all text/CSV/JSON lines observed; initial truncated chunks reread in smaller complete chunks,0
independent-review-D4,outputs/independent-review-D4/metadata-clocks.json.pre-clarification,1579,c400b499bae07d06066b68d5a6f5ef1cd2e286d39a0deec70abe122cb1ec3b8a,2026-10-02 11:30:53 UTC,2026-10-02 11:34:00 UTC,complete-read batch checkpoint; per-file clock not instrumented,FULL; all text/CSV/JSON lines observed; initial truncated chunks reread in smaller complete chunks,0
independent-review-D4,outputs/independent-review-D4/scenario-findings.csv,48623,94c218205bc6c8295d732b83cd122b4344e4c278b1a10dfca21b030bfd0a124a,2026-10-02 11:30:53 UTC,2026-10-02 11:34:00 UTC,complete-read batch checkpoint; per-file clock not instrumented,FULL; all text/CSV/JSON lines observed; initial truncated chunks reread in smaller complete chunks,0
independent-review-D4,outputs/independent-review-D4/scores.csv,4284,3107fed22a2edac12c5f6122bb7a258167ea8b0741fd5710af3b69365f687204,2026-10-02 11:30:53 UTC,2026-10-02 11:34:00 UTC,complete-read batch checkpoint; per-file clock not instrumented,FULL; all text/CSV/JSON lines observed; initial truncated chunks reread in smaller complete chunks,0
independent-review-D4,outputs/independent-review-D4/scores.csv.pre-clarification,4284,3107fed22a2edac12c5f6122bb7a258167ea8b0741fd5710af3b69365f687204,2026-10-02 11:30:53 UTC,2026-10-02 11:34:00 UTC,complete-read batch checkpoint; per-file clock not instrumented,FULL; all text/CSV/JSON lines observed; initial truncated chunks reread in smaller complete chunks,0
independent-review-D4,outputs/independent-review-D4/source-access-matrix.csv,12221,75fe6bd281dad93538cd56b4647f82f711a7b6b39107aae6082ebb2f726ba0b3,2026-10-02 11:30:53 UTC,2026-10-02 11:34:00 UTC,complete-read batch checkpoint; per-file clock not instrumented,FULL; all text/CSV/JSON lines observed; initial truncated chunks reread in smaller complete chunks,0
independent-review-D4,outputs/independent-review-D4/step4-review.md,3132,35479b49c2463ec0d62564553ff65b4382568ef13024bbe3d56774ad668e19d7,2026-10-02 11:30:53 UTC,2026-10-02 11:34:00 UTC,complete-read batch checkpoint; per-file clock not instrumented,FULL; all text/CSV/JSON lines observed; initial truncated chunks reread in smaller complete chunks,0
independent-review-D4,outputs/independent-review-D4/step5-clarification.md,1282,d2457dfc4e34f48cd13a1d3e7f60f42410af28c77f942e1b2d62d275c27066f0,2026-10-02 11:30:53 UTC,2026-10-02 11:34:00 UTC,complete-read batch checkpoint; per-file clock not instrumented,FULL; all text/CSV/JSON lines observed; initial truncated chunks reread in smaller complete chunks,0
independent-review-D4,outputs/independent-review-D4/step5-rating4-desk-evidence.csv,4625,16e573722b25ac928e42f31be03f5cbb002c736ad8987e58b039a9129e287525,2026-10-02 11:30:53 UTC,2026-10-02 11:34:00 UTC,complete-read batch checkpoint; per-file clock not instrumented,FULL; all text/CSV/JSON lines observed; initial truncated chunks reread in smaller complete chunks,0
independent-review-D4,outputs/independent-review-D4/step5-score.md,3156,04e9da2ef7a2f3ed7c6a36afa717ac9aed4446ed727d25d9b0a918a09e75b1c5,2026-10-02 11:30:53 UTC,2026-10-02 11:34:00 UTC,complete-read batch checkpoint; per-file clock not instrumented,FULL; all text/CSV/JSON lines observed; initial truncated chunks reread in smaller complete chunks,0
independent-review-D4,outputs/independent-review-D4/step5-score.md.pre-clarification,2724,c4981e332dbbe639db35e04f06897d6be5221321041727dd5ab1ddc163818c1e,2026-10-02 11:30:53 UTC,2026-10-02 11:34:00 UTC,complete-read batch checkpoint; per-file clock not instrumented,FULL; all text/CSV/JSON lines observed; initial truncated chunks reread in smaller complete chunks,0
independent-review-D4,outputs/independent-review-D4/unchanged-hash-report.json,502,1d8929c451b1560c9b8be77aaf6408959c3e4cf2f64ccd003612cc8f82555f2b,2026-10-02 11:30:53 UTC,2026-10-02 11:34:00 UTC,complete-read batch checkpoint; per-file clock not instrumented,FULL; all text/CSV/JSON lines observed; initial truncated chunks reread in smaller complete chunks,0
