finding_id,desk_finding,current_anchor,conditional_design_change,remaining_boundary
F01,Principal operation and verification specificity,api-journey-verification.md;api-journey-matrix.csv:J01-J12,"Routeassertions,ownwrite/acrossreplica,loadmix/perroutesamples/statisticaluncertainty",Owneradminauthority/vendorcapabilityU;actualAPIs/measurementsUNVERIFIED
F02,Provider failure/network/runtime equivalence,"provider-adapters.md;scenario-controls.md:S01,S02,S32,S35",Nativeprivatepath/HA/failover/readiness/scalelimits;explicitconstraint/failure contingencies,AzurezoneHAproof/currentSKU/placement/sourcefitU;no providerselected
F03,IAM manifest/version/destination and escape paths,"broker-enforcement.md;iam-design.md;iam-action-matrix.csv:I08,I10,I12,I15","Privatebrokeronlycloudgrant,canonicalartifact/signature/nonce/etag,quarantinedestination,negativeassertions/inheritedbypass",Exactaction/scope/conditiondependencies/effectivegrantsU;no policydeployed
F04,Honest detector and corroboration budget,timing-and-observability.md:T01;scenario-controls.md:S19,Parallel25s groups;conditional<=60sdispatch+5smargin;missing/disagreementUNKNOWN;no humanreceiptpromise,Actualroute/scheduler/clock/dispatchcapacityUNVERIFIED;approvalsU
F05,Native scaling/global admission and revisions,"admission-and-rollout.md;provider-adapters.md;scenario-controls.md:S20,S22","CloudRunCPU/concurrency,no memoryscaling;nativedownscale;physicalexcessU;global256/32permit/epoch;SQL80aggregate;rolloutmanifest",Effectiverolelimits/leases/fit/HA/throughputU;extra physicalcompute costU
F06,Reconcile unique hours/patch/vendor mechanisms,operations-accounting.md;scenario-controls.md:S23-S25,Unique32-56normal+0-8reserve;overlaprules;failedpatch/unsafepriorimage/weekendlimits;notice/source/contractregister,Names/approvedcapacity/absence/automation/paidvendorresponseU
F07,Watermark/key/ledger correctness,"timing-and-observability.md;recovery-ledger-predicate.md;scenario-controls.md:S16,S17,S31,S33",30srecoverablepoints/240slagbudget;advancekeyevents/state/deadline;contiguousPafterledgerloss,Exactrecoverableinterface/eventspermissionsU;linkage/retention/recipients/authorityU;not executed
F08,Observability total cardinality and coverage,timing-and-observability.md:T10;conditional-bill-of-quantities.csv:C09,2522derivedseries/3000cap;pre-ingestregistry;updated1051200probe groups/month;missingcoverageblocks stability,Vendorbilling/retainedseries/logauditgeography/actualmonthlycoverageU
F09,Adapter complexity and cost burden,provider-adapters.md:Adaptercomplexity;cost-configuration-D5.md,No3providerproductionoperation;chosenadaptertasks;separateHAcoordinator/brokermeters;failclosedcoordinatordependency,Additionalcomponentscost/fit/capacityU;staffingapprovalabsent
F10,Migration checkpoints and rollback windows,migration-checkpoints.md:M0-M7;scenario-controls.md:S35,Exactcounts/digests/sequenceidentity/session/ledgerpredicates;prewriteandpostwritewindows;onewriter;retentionlimitedclosure,Password/sessionexport/reversemap/approvedloss/publication/geographyU;no rehearsal
F11,Complete regional quote / invoice uncertainty,cost-configuration-D5.md;quote-completeness.csv:C01-C13;d5-source-access-matrix.csv,Allrequiredcontrol/privatepathmeters;matchedpriceattempt/status;conditionalarithmetic/sensitivities;noUto0/cap/headroom,MatchingHADB/mandatoryregionalprices/quantities/contract/invoiceFXtax/marginU remainmaterial source/owner gaps
F12,All original scenario precision findings,scenario-controls.md:S01-S35;scenario-recovery-D5.csv,DNS600snotbound;authsafe;5totalsends;deleteclocknotshifted;versions/parts;WAF;PublicIPscope;processruntime/ledgerloss,Owner/source/live unknowns preserved;no claimallcasesrecovered
